{"type":"FeatureCollection","features":[{"type":"Feature","properties":{"ref":"11","name":"首都高速11号台場線","type":"expressway"},"geometry":{"type":"MultiLineString","coordinates":[[[139.75783,35.64382],[139.75784,35.64313],[139.75785,35.64176],[139.75786,35.64067],[139.75786,35.63985],[139.75786,35.63961],[139.75786,35.63946],[139.75787,35.63932],[139.75789,35.63924],[139.7579,35.63916],[139.75793,35.63906],[139.75797,35.63896],[139.75801,35.63887],[139.75806,35.63877],[139.75811,35.63868],[139.75817,35.6386],[139.75823,35.63852],[139.75831,35.63843],[139.7584,35.63835],[139.75849,35.63827],[139.7586,35.63819],[139.75874,35.6381],[139.75889,35.63802],[139.75905,35.63795],[139.75919,35.63788]],[[139.7804,35.63491],[139.78097,35.63427],[139.78156,35.63357]],[[139.75724,35.64618],[139.75719,35.6463],[139.75716,35.64642],[139.75713,35.64654],[139.75713,35.64667],[139.75712,35.64678],[139.75714,35.64689],[139.75716,35.64701],[139.7572,35.64711],[139.75725,35.64723],[139.7573,35.64733],[139.75803,35.64878]],[[139.78127,35.63373],[139.78087,35.63422],[139.78052,35.63464],[139.78032,35.63487],[139.78015,35.63505],[139.77996,35.63522],[139.7798,35.63536],[139.77965,35.63548],[139.77949,35.63559],[139.7793,35.63571],[139.77912,35.63581],[139.77894,35.6359],[139.77873,35.636],[139.77853,35.63608],[139.77833,35.63616],[139.77815,35.63622],[139.77797,35.63627],[139.77777,35.63632],[139.77757,35.63636],[139.77738,35.63639],[139.77716,35.63642],[139.77698,35.63644],[139.77678,35.63646],[139.7766,35.63646],[139.77641,35.63646],[139.77621,35.63646],[139.77599,35.63645],[139.77576,35.63643],[139.77552,35.6364],[139.77526,35.63636],[139.775,35.63632],[139.77472,35.63626],[139.77447,35.63621],[139.77422,35.63615],[139.77397,35.63608],[139.77371,35.636],[139.77341,35.6359],[139.77307,35.63579],[139.77148,35.63521],[139.7713,35.63515],[139.77114,35.63509],[139.77097,35.63504],[139.77077,35.63498],[139.77056,35.63492],[139.77037,35.63487],[139.77022,35.63484],[139.77007,35.63482],[139.76992,35.6348],[139.76977,35.63478],[139.76961,35.63477],[139.76945,35.63477],[139.76928,35.63477],[139.76912,35.63478],[139.76896,35.63479],[139.7688,35.63481],[139.76865,35.63484]],[[139.76868,35.63494],[139.76882,35.63491],[139.76895,35.63489],[139.7691,35.63488],[139.76925,35.63487],[139.76941,35.63487],[139.76957,35.63487],[139.76972,35.63487],[139.76987,35.63488],[139.77002,35.6349],[139.77017,35.63493],[139.77035,35.63496],[139.77054,35.635],[139.77075,35.63506],[139.77094,35.63512],[139.77112,35.63517],[139.77127,35.63523],[139.77144,35.63529],[139.77301,35.63586],[139.77316,35.63591],[139.77344,35.63601],[139.77368,35.63608],[139.77394,35.63616],[139.77418,35.63622],[139.77443,35.63628],[139.77471,35.63634],[139.77501,35.6364],[139.77527,35.63645],[139.7755,35.63648],[139.77575,35.63651],[139.776,35.63653],[139.77621,35.63654],[139.77642,35.63654],[139.77661,35.63654],[139.7768,35.63653],[139.77699,35.63652],[139.77717,35.6365],[139.77738,35.63647],[139.77758,35.63644],[139.77779,35.63639],[139.77799,35.63634],[139.77819,35.63629],[139.77837,35.63623],[139.77857,35.63615],[139.77877,35.63607],[139.77897,35.63598],[139.77916,35.63588],[139.77935,35.63577],[139.77954,35.63565],[139.77971,35.63553],[139.77987,35.63541],[139.78004,35.63527],[139.78023,35.63509],[139.7804,35.63491]],[[139.75915,35.63779],[139.75897,35.63787],[139.75883,35.63795],[139.75867,35.63803],[139.75852,35.63813],[139.75841,35.63821],[139.75831,35.63829],[139.75821,35.63839],[139.75812,35.63848],[139.75801,35.63863],[139.75796,35.63871],[139.75791,35.63881],[139.75787,35.63889],[139.75785,35.63895],[139.75784,35.63898],[139.7578,35.63909],[139.75777,35.63922],[139.75776,35.63934],[139.75775,35.63951],[139.75774,35.63974],[139.75772,35.64298],[139.75771,35.64379]],[[139.75771,35.64379],[139.7577,35.64456],[139.7577,35.64475],[139.75769,35.64487],[139.75768,35.645],[139.75767,35.6451],[139.75765,35.64519],[139.75763,35.64528],[139.7576,35.64539],[139.75755,35.6455],[139.75748,35.64565],[139.75731,35.64602],[139.75724,35.64618]],[[139.75733,35.64608],[139.75737,35.64597],[139.75757,35.64556],[139.75762,35.64545],[139.75767,35.64533],[139.75771,35.64521],[139.75773,35.6451],[139.75775,35.64501],[139.75778,35.64487],[139.7578,35.64475],[139.75782,35.64456],[139.75783,35.64434],[139.75783,35.64382]],[[139.75769,35.64756],[139.75736,35.64687],[139.75733,35.6468],[139.75731,35.64673],[139.75729,35.64665],[139.75728,35.64657],[139.75727,35.6465],[139.75727,35.64641],[139.75728,35.6463],[139.7573,35.64618],[139.75733,35.64608]],[[139.75803,35.64878],[139.75821,35.6491],[139.7585,35.64959]]]}},{"type":"Feature","properties":{"ref":"B","name":"首都高速湾岸線","type":"expressway"},"geometry":{"type":"MultiLineString","coordinates":[[[139.80134,35.6403],[139.80055,35.63991],[139.79922,35.6392],[139.79606,35.6375],[139.79089,35.63468]],[[139.76912,35.62208],[139.76953,35.6224]],[[139.78184,35.62979],[139.78026,35.62893]],[[139.75859,35.61379],[139.75815,35.61345],[139.75771,35.61308]],[[139.75524,35.60383],[139.75525,35.60825],[139.75527,35.60886],[139.75529,35.6092],[139.75532,35.60951],[139.75538,35.60987],[139.75543,35.61018],[139.75553,35.61048],[139.75564,35.61077],[139.75575,35.61103],[139.7559,35.61133],[139.75605,35.61156],[139.75624,35.61184],[139.75642,35.61206],[139.75666,35.61234],[139.75692,35.6126],[139.75721,35.61287],[139.75755,35.61317],[139.75797,35.61353]],[[139.75846,35.6139],[139.76912,35.62208]],[[139.76928,35.62196],[139.75859,35.61379]],[[139.94705,35.68692],[139.94531,35.68585],[139.94391,35.68499],[139.94225,35.68397],[139.9408,35.68309],[139.93973,35.68244],[139.93941,35.68224],[139.93878,35.68183],[139.93825,35.68148],[139.93759,35.68101],[139.93715,35.68069],[139.9364,35.6801],[139.936,35.67978],[139.93518,35.67908],[139.93381,35.67792],[139.9334,35.67755],[139.93289,35.67709],[139.93202,35.67635],[139.9314,35.67581],[139.93062,35.67513],[139.93018,35.67475],[139.92954,35.6742],[139.92662,35.67167],[139.92599,35.67113],[139.92482,35.67011],[139.92445,35.66978],[139.92413,35.66948],[139.92392,35.66928]],[[139.79512,35.53608],[139.79499,35.53651],[139.79484,35.53699],[139.7947,35.53738],[139.79461,35.53761]],[[139.75968,35.57088],[139.75987,35.5704],[139.76007,35.56997],[139.76027,35.56963],[139.76046,35.56935],[139.76062,35.56912],[139.76082,35.56889],[139.76102,35.56868],[139.7613,35.56843],[139.76164,35.56816],[139.76198,35.56791],[139.7625,35.56761],[139.76311,35.56728],[139.76393,35.56687]],[[139.76393,35.56687],[139.76568,35.56601]],[[139.7781,35.55957],[139.77769,35.55981],[139.77706,35.56016],[139.77652,35.56046]],[[139.77652,35.56046],[139.77526,35.56112],[139.77247,35.56254],[139.77107,35.56323],[139.76989,35.56382],[139.76561,35.5659]],[[139.77818,35.55967],[139.77865,35.55935],[139.77914,35.559],[139.77949,35.55872]],[[139.75535,35.59399],[139.75536,35.59062],[139.75536,35.5882]],[[139.76387,35.56674],[139.76303,35.56717],[139.76242,35.56748],[139.76186,35.56782],[139.7615,35.56807],[139.76118,35.56833],[139.76088,35.5686],[139.76067,35.56882],[139.76048,35.56904],[139.7603,35.56927],[139.76012,35.56956],[139.7599,35.56993],[139.75969,35.57036],[139.75951,35.57083]],[[139.79064,35.51691],[139.79097,35.51746],[139.7912,35.51789],[139.79143,35.51837],[139.79166,35.51893],[139.79182,35.51936],[139.79203,35.52001],[139.79227,35.52086],[139.79446,35.52907],[139.79458,35.52952],[139.7947,35.53003],[139.79495,35.53112],[139.7951,35.53202],[139.79517,35.53252],[139.79522,35.53303],[139.79527,35.53375],[139.79528,35.53455],[139.79527,35.53497],[139.79522,35.53552],[139.79512,35.53608]],[[139.7872,35.51307],[139.78774,35.51353],[139.78821,35.51396],[139.78867,35.51441],[139.78912,35.51488],[139.78952,35.51535],[139.78989,35.5158],[139.79025,35.51633],[139.79064,35.51691]],[[139.79527,35.53611],[139.79538,35.53556],[139.79544,35.535],[139.79545,35.53458],[139.79544,35.53374],[139.79539,35.53302],[139.79534,35.53251],[139.79527,35.532],[139.79512,35.53108],[139.79488,35.53],[139.79464,35.52904],[139.79244,35.52082],[139.7922,35.51998],[139.79199,35.51931],[139.79183,35.51888],[139.79159,35.51832],[139.79136,35.51786],[139.79112,35.51742],[139.7908,35.51684]],[[139.7908,35.51684],[139.7904,35.51626],[139.79002,35.51573],[139.78956,35.5151],[139.78927,35.51476],[139.78883,35.5143],[139.78835,35.51386],[139.78786,35.51343],[139.78731,35.51297]],[[139.78731,35.51297],[139.78697,35.51271],[139.78653,35.51239],[139.78599,35.51203],[139.78462,35.51118]],[[139.78453,35.5113],[139.78589,35.51214],[139.78651,35.51256],[139.7869,35.51284],[139.7872,35.51307]],[[139.6708,35.44996],[139.67693,35.45919],[139.67718,35.45956],[139.67753,35.46006],[139.67783,35.46048],[139.6781,35.46083],[139.67837,35.46116],[139.67862,35.46146],[139.67883,35.46169],[139.67909,35.46198],[139.67943,35.46232],[139.67976,35.46263],[139.68008,35.46291],[139.68045,35.46321],[139.68082,35.46348],[139.68117,35.46375],[139.68157,35.46403],[139.68202,35.46431],[139.68253,35.46462],[139.68294,35.46484],[139.68336,35.46506],[139.68381,35.46528],[139.68436,35.46554],[139.686,35.46627],[139.68808,35.4672]],[[139.78462,35.51118],[139.78372,35.51063],[139.78275,35.51006],[139.77777,35.50721],[139.77664,35.50658],[139.77534,35.50589],[139.77407,35.50523],[139.77257,35.50447],[139.77142,35.50391],[139.76938,35.50295]],[[139.76938,35.50295],[139.76931,35.50291],[139.76768,35.5022],[139.7608,35.49917]],[[139.7693,35.50306],[139.77133,35.50403],[139.77249,35.50458],[139.77399,35.50534],[139.77524,35.50598],[139.77654,35.50669],[139.77768,35.50732],[139.78264,35.51016],[139.78362,35.51074],[139.78453,35.5113]],[[139.79207,35.63553],[139.79596,35.63763],[139.7991,35.63934],[139.80046,35.64005],[139.80116,35.64041]],[[139.67093,35.44991],[139.66881,35.44671],[139.6686,35.44638],[139.6684,35.44605],[139.66822,35.44575],[139.66806,35.44543],[139.66775,35.44479],[139.66762,35.44448]],[[139.64332,35.36778],[139.64336,35.3664]],[[139.7429,35.49121],[139.7416,35.49063],[139.73355,35.4871]],[[139.74746,35.49339],[139.75689,35.49756]],[[139.6387,35.3612],[139.63962,35.36125],[139.64005,35.36128],[139.64036,35.36131],[139.64063,35.36136],[139.6409,35.36142],[139.64114,35.36149],[139.64132,35.36155],[139.64151,35.36163],[139.64167,35.36171],[139.64183,35.3618],[139.64198,35.36189],[139.64219,35.36203],[139.64238,35.36219],[139.64256,35.36234],[139.64272,35.36252],[139.64284,35.36266],[139.64291,35.36277],[139.64296,35.36287],[139.64304,35.36304],[139.64309,35.36318],[139.64314,35.36335],[139.6432,35.3636],[139.64325,35.36395]],[[139.64325,35.36395],[139.64328,35.36422],[139.64329,35.36454],[139.64323,35.36619]],[[139.64342,35.36393],[139.64338,35.36361],[139.64331,35.36331],[139.64326,35.36314],[139.6432,35.363],[139.64312,35.36283],[139.643,35.36263],[139.64284,35.36242],[139.64268,35.36225],[139.64251,35.36209],[139.64231,35.36194],[139.64207,35.36178],[139.64191,35.36168],[139.64174,35.36159],[139.64158,35.36151],[139.64138,35.36143],[139.6412,35.36137],[139.64095,35.36131],[139.64066,35.36125],[139.64039,35.36119],[139.64007,35.36115],[139.63961,35.36111],[139.63871,35.36106]],[[139.64298,35.37362],[139.64292,35.37464],[139.64287,35.37502],[139.64281,35.37537],[139.64271,35.37576],[139.64258,35.37611],[139.64248,35.37635],[139.64234,35.37659],[139.64218,35.37686],[139.642,35.37711],[139.64186,35.37729],[139.6417,35.37747],[139.64144,35.37772],[139.6412,35.37793],[139.64089,35.37816],[139.64055,35.37839],[139.64019,35.37858],[139.63983,35.37874],[139.63926,35.37896],[139.63863,35.37917],[139.63803,35.37934],[139.63694,35.37961],[139.63686,35.37963],[139.6367,35.37966],[139.63529,35.37996],[139.63425,35.3802],[139.63419,35.38021],[139.63392,35.38029],[139.63364,35.38036]],[[139.64314,35.37362],[139.64323,35.37135],[139.64332,35.36778]],[[139.78955,35.54561],[139.79096,35.54365]],[[139.78605,35.55029],[139.78418,35.55292],[139.78324,35.55424],[139.78263,35.55512],[139.78232,35.55554],[139.78205,35.5559],[139.78181,35.55622],[139.78142,35.55669],[139.78122,35.55691],[139.78101,35.55714],[139.78077,35.5574],[139.78057,35.5576],[139.78037,35.55778],[139.77995,35.55818],[139.77962,35.55844]],[[139.79082,35.54358],[139.78941,35.54555]],[[139.79096,35.54365],[139.79198,35.5422],[139.79319,35.54049],[139.79351,35.54001],[139.79378,35.53958],[139.79398,35.53924],[139.79411,35.53903],[139.79424,35.53878],[139.79432,35.53864],[139.79451,35.53824],[139.79467,35.53787],[139.79485,35.5374]],[[139.8583,35.64623],[139.85867,35.64613],[139.85904,35.64603],[139.85945,35.6459],[139.85981,35.64577],[139.86472,35.64396]],[[139.85639,35.64641],[139.85594,35.64645],[139.85549,35.64648],[139.85429,35.64655],[139.84336,35.6472]],[[139.8434,35.64734],[139.85079,35.6469],[139.85385,35.64671]],[[139.83561,35.64739],[139.83467,35.6473],[139.83165,35.64699],[139.82835,35.64668]],[[139.80237,35.64094],[139.80281,35.6411],[139.80336,35.64131],[139.80373,35.64144],[139.80437,35.64166]],[[139.82832,35.64683],[139.83522,35.64752],[139.83543,35.64754],[139.8356,35.64755]],[[139.82835,35.64668],[139.82526,35.64638],[139.82525,35.64638],[139.82451,35.64631]],[[139.78798,35.63312],[139.78408,35.63101],[139.78184,35.62979]],[[139.78173,35.62992],[139.784,35.63114],[139.78788,35.63324]],[[139.7552,35.58819],[139.75518,35.59019],[139.75516,35.59401]],[[139.75536,35.5882],[139.75535,35.58707],[139.75536,35.58577],[139.75537,35.58537],[139.7554,35.58508],[139.75543,35.58487],[139.7555,35.58445],[139.75558,35.58405],[139.75567,35.58368],[139.75582,35.58316],[139.75596,35.58267],[139.75632,35.58154],[139.75638,35.58134],[139.75691,35.57968],[139.75766,35.57727],[139.75778,35.57691],[139.75909,35.57273],[139.75931,35.57205],[139.7596,35.57115],[139.75968,35.57088]],[[139.75951,35.57083],[139.75944,35.57107],[139.75915,35.57202],[139.75892,35.57273],[139.75761,35.57688],[139.75749,35.57727],[139.75675,35.57963],[139.75623,35.58133],[139.75617,35.58151],[139.75581,35.58264],[139.7555,35.58371],[139.75538,35.58425],[139.75531,35.58458],[139.75527,35.58485],[139.75523,35.58516],[139.75519,35.58577],[139.75518,35.58711],[139.7552,35.58819]],[[139.86472,35.64396],[139.87268,35.64104],[139.87837,35.63895],[139.8802,35.63828],[139.88057,35.63816],[139.88095,35.63804],[139.88132,35.63793],[139.88171,35.63784],[139.88209,35.63775],[139.88248,35.63769],[139.88287,35.63764],[139.88327,35.6376],[139.88377,35.63758],[139.88412,35.63758],[139.88442,35.63758],[139.8848,35.6376],[139.8852,35.63764],[139.88559,35.63769],[139.88598,35.63775],[139.88617,35.63779],[139.88637,35.63783],[139.88656,35.63788],[139.88675,35.63793],[139.88713,35.63804],[139.8875,35.63816],[139.88769,35.63823],[139.88786,35.6383],[139.88801,35.63836],[139.88816,35.63842],[139.88844,35.63855],[139.88868,35.63867],[139.88888,35.63877],[139.8891,35.6389],[139.88933,35.63904],[139.88962,35.63922],[139.88985,35.63938],[139.89008,35.63955],[139.89048,35.63987],[139.89079,35.64012],[139.8911,35.64038]],[[139.86466,35.64385],[139.85944,35.64576],[139.85911,35.64586],[139.85878,35.64596],[139.85846,35.64605],[139.85814,35.64613],[139.8578,35.6462],[139.85746,35.64627],[139.8571,35.64633]],[[139.8911,35.64038],[139.9007,35.6484]],[[139.89122,35.64029],[139.8909,35.64003],[139.89059,35.63977],[139.8902,35.63946],[139.88996,35.63929],[139.88972,35.63912],[139.88944,35.63894],[139.88921,35.6388],[139.88899,35.63867],[139.88879,35.63856],[139.88856,35.63845],[139.88841,35.63838],[139.88825,35.63831],[139.88793,35.63818],[139.88776,35.63811],[139.88756,35.63804],[139.88718,35.63791],[139.88699,35.63785],[139.8868,35.6378],[139.8866,35.63775],[139.88641,35.63771],[139.88621,35.63767],[139.88601,35.63763],[139.88582,35.63759],[139.88562,35.63756],[139.88522,35.63751],[139.88481,35.63747],[139.88459,35.63746],[139.88443,35.63745],[139.88416,35.63744],[139.88395,35.63744],[139.88367,35.63745],[139.88326,35.63747],[139.88285,35.63751],[139.88245,35.63756],[139.88205,35.63763],[139.88166,35.63771],[139.88128,35.6378],[139.88089,35.63791],[139.88051,35.63803],[139.88014,35.63816],[139.87976,35.63829],[139.87829,35.63883],[139.87212,35.6411],[139.86466,35.64385]],[[139.92392,35.66928],[139.92361,35.66897],[139.92333,35.66869],[139.92089,35.6661],[139.91871,35.66377],[139.91805,35.66306]],[[139.91792,35.66314],[139.92077,35.66619],[139.9232,35.66877],[139.9238,35.66936]],[[139.91805,35.66306],[139.91777,35.66277],[139.91739,35.66238],[139.91716,35.66212],[139.91691,35.66188],[139.91662,35.66159],[139.91619,35.6612],[139.91592,35.66095],[139.91547,35.66055],[139.9126,35.65815],[139.91095,35.65677]],[[139.91085,35.65687],[139.91251,35.65826],[139.91518,35.6605],[139.91558,35.66084],[139.9158,35.66104],[139.91634,35.66153],[139.91654,35.66172],[139.91698,35.66216],[139.91752,35.66271],[139.91792,35.66314]],[[139.91095,35.65677],[139.90992,35.65592],[139.90842,35.65466],[139.90685,35.65335]],[[139.90674,35.65344],[139.90839,35.65482],[139.91085,35.65687]],[[139.90685,35.65335],[139.90228,35.64953],[139.90082,35.6483]],[[139.90082,35.6483],[139.89122,35.64029]],[[139.9007,35.6484],[139.90212,35.6496],[139.90674,35.65344]],[[139.75694,35.49747],[139.74752,35.49328]],[[139.76076,35.49927],[139.76755,35.50229],[139.76783,35.50239],[139.7693,35.50306]],[[139.75689,35.49756],[139.76076,35.49927]],[[139.7608,35.49917],[139.75694,35.49747]],[[139.72026,35.48131],[139.71309,35.47815],[139.70552,35.47478]],[[139.73355,35.4871],[139.72614,35.48387],[139.72026,35.48131]],[[139.73349,35.48722],[139.74153,35.49074],[139.74283,35.49132]],[[139.72021,35.48142],[139.72606,35.484],[139.73349,35.48722]],[[139.76952,35.62214],[139.76928,35.62196]],[[139.75797,35.61353],[139.75846,35.6139]],[[139.77349,35.6254],[139.77365,35.62551],[139.77403,35.62574],[139.77711,35.62741],[139.77962,35.62877],[139.78016,35.62907]],[[139.75771,35.61308],[139.75728,35.61271],[139.75694,35.61242],[139.75683,35.6123],[139.7567,35.61216],[139.75653,35.61195],[139.75644,35.61185],[139.75635,35.61173],[139.75628,35.61162],[139.75618,35.61147],[139.75608,35.61131],[139.75598,35.61113],[139.75575,35.61059],[139.75568,35.6104],[139.75563,35.61023],[139.75559,35.61006],[139.75556,35.60991],[139.75551,35.60968],[139.75548,35.60944],[139.75545,35.60914],[139.75544,35.60885],[139.75543,35.60742],[139.75542,35.60515],[139.75541,35.60323],[139.75545,35.60228],[139.75547,35.60187],[139.75549,35.6015],[139.7555,35.60118],[139.75551,35.60079],[139.7555,35.59964],[139.7555,35.59921],[139.75548,35.59876],[139.75542,35.59801],[139.7554,35.59774],[139.75539,35.5975],[139.75538,35.59597],[139.75535,35.59399]],[[139.66707,35.4422],[139.66709,35.44254],[139.66712,35.44287],[139.66716,35.44317],[139.66723,35.44352],[139.66731,35.44388],[139.66741,35.44423],[139.66753,35.44458],[139.66766,35.44492],[139.66783,35.44529],[139.66795,35.44554],[139.66809,35.44579],[139.6683,35.44615],[139.66853,35.44652],[139.66868,35.44675],[139.6708,35.44996]],[[139.79461,35.53761],[139.79451,35.53785],[139.79435,35.5382],[139.79417,35.53859],[139.79408,35.53875],[139.79395,35.53899],[139.79384,35.53921],[139.79364,35.53952],[139.79335,35.53999],[139.79305,35.54043],[139.79184,35.54213],[139.79082,35.54358]],[[139.66762,35.44448],[139.66754,35.44424],[139.66746,35.44399],[139.66739,35.44372],[139.66734,35.44344],[139.66728,35.44306],[139.66724,35.44267],[139.66721,35.44233],[139.6672,35.442],[139.66721,35.44165],[139.66724,35.4413],[139.66726,35.44107],[139.66729,35.44086],[139.66735,35.44055],[139.6674,35.44032],[139.66746,35.44008],[139.66754,35.43979],[139.66764,35.43948],[139.66777,35.43914],[139.66791,35.43881],[139.66806,35.43849],[139.66822,35.43816],[139.66839,35.43783],[139.66862,35.43741]],[[139.78801,35.54779],[139.78847,35.54716],[139.78911,35.54625],[139.78955,35.54561]],[[139.78026,35.62893],[139.77974,35.62865],[139.7772,35.62728],[139.77437,35.62573]],[[139.78016,35.62907],[139.78173,35.62992]],[[139.62838,35.38165],[139.62775,35.3819],[139.62718,35.38214],[139.62661,35.38238],[139.62573,35.3828],[139.6249,35.38324],[139.62416,35.38366],[139.62339,35.38413],[139.62282,35.38451],[139.6223,35.38489],[139.62172,35.38532],[139.62104,35.38587],[139.62047,35.38636],[139.61993,35.38688],[139.61932,35.38752],[139.61853,35.38843],[139.61826,35.38878],[139.61791,35.38924],[139.61758,35.38971],[139.61724,35.39027],[139.61701,35.39067],[139.6168,35.39113],[139.61659,35.39164],[139.61644,35.39208],[139.61634,35.39249],[139.61626,35.39298],[139.61621,35.39348],[139.61619,35.39386],[139.6162,35.39422],[139.61623,35.39452],[139.61626,35.39481],[139.6163,35.39503],[139.6164,35.39548],[139.6165,35.39582],[139.6166,35.39611],[139.61673,35.39643],[139.61684,35.39668],[139.61713,35.39722],[139.6175,35.3978],[139.61762,35.39798],[139.61814,35.39875],[139.61871,35.39956],[139.61956,35.40079],[139.62034,35.40192],[139.62046,35.40211],[139.62079,35.40256],[139.62129,35.40329],[139.62158,35.40371],[139.62276,35.40542],[139.62359,35.40664],[139.62451,35.40794],[139.62522,35.40889],[139.62571,35.4095],[139.62622,35.41007],[139.62669,35.41056],[139.62704,35.4109],[139.6275,35.41132],[139.62793,35.41166],[139.62857,35.41214],[139.62913,35.4125],[139.62975,35.41288],[139.63038,35.41324],[139.63128,35.41372],[139.63244,35.41429],[139.63316,35.4146],[139.6338,35.41483],[139.63436,35.41503],[139.63503,35.41522],[139.63567,35.4154],[139.63676,35.41566],[139.63736,35.4158],[139.63838,35.41604],[139.63906,35.41622],[139.63973,35.4164],[139.64102,35.41678],[139.64318,35.41741],[139.64526,35.41802],[139.64606,35.41826],[139.64645,35.41837],[139.64696,35.4185],[139.64722,35.41855],[139.64771,35.41861],[139.64792,35.41863],[139.6482,35.41864],[139.64861,35.41863],[139.64887,35.41861],[139.64932,35.41856],[139.64979,35.41848],[139.65019,35.41839],[139.65054,35.41829],[139.65123,35.41807],[139.65173,35.41787],[139.65278,35.4175],[139.65322,35.41732],[139.65356,35.41718],[139.65383,35.41706],[139.65406,35.41694],[139.65428,35.41681],[139.6545,35.41667],[139.65474,35.41649],[139.65497,35.41631],[139.65721,35.41436],[139.65762,35.41402],[139.65811,35.41365],[139.65834,35.41349],[139.65857,35.41336],[139.6588,35.41323],[139.65906,35.41311],[139.65932,35.413],[139.6596,35.41289],[139.65988,35.41281],[139.66016,35.41272],[139.66043,35.41265],[139.6607,35.41261],[139.66099,35.41257],[139.66128,35.41254],[139.66165,35.41252],[139.66201,35.41252],[139.66236,35.41254],[139.66272,35.41257],[139.663,35.41262],[139.6633,35.41268],[139.66366,35.41277],[139.66397,35.41287],[139.66418,35.41295],[139.66442,35.41305],[139.66466,35.41316],[139.66497,35.4133],[139.66561,35.41362],[139.66665,35.41417],[139.66707,35.4144],[139.66747,35.41462],[139.66784,35.41484],[139.66817,35.41505],[139.66849,35.41527],[139.6688,35.41551],[139.66906,35.41575],[139.66932,35.41602],[139.66954,35.41628],[139.66974,35.41656],[139.66991,35.41684],[139.67006,35.41714],[139.67018,35.4174],[139.67027,35.41767],[139.67035,35.41795],[139.67041,35.41826],[139.67046,35.41858],[139.6705,35.41893],[139.67052,35.41926],[139.67058,35.42041],[139.67066,35.42202],[139.67071,35.42302],[139.6708,35.42449],[139.67083,35.42498],[139.67087,35.42542],[139.67093,35.426],[139.67102,35.42656],[139.6712,35.42759],[139.67124,35.42787],[139.67126,35.42817],[139.67128,35.42846],[139.67128,35.42871],[139.67128,35.42892],[139.67126,35.42914],[139.67124,35.42934],[139.6712,35.42957],[139.67113,35.42988],[139.67109,35.43007],[139.67104,35.43026],[139.67063,35.43167],[139.67045,35.4323],[139.66998,35.43393],[139.66979,35.43451],[139.66966,35.43489],[139.66946,35.43545],[139.66934,35.43572],[139.66921,35.43601],[139.66905,35.43633],[139.66886,35.43671],[139.66845,35.43748],[139.66812,35.43805],[139.668,35.4383],[139.66785,35.43866],[139.66772,35.43896],[139.6676,35.43923],[139.6675,35.43952],[139.66743,35.43975],[139.66734,35.44003],[139.66728,35.44026],[139.66722,35.44054],[139.66717,35.44085],[139.66713,35.44118],[139.66709,35.44153],[139.66706,35.44186],[139.66707,35.4422]],[[139.66862,35.43741],[139.66904,35.43662],[139.66914,35.43643],[139.66923,35.43624],[139.66935,35.43599],[139.66947,35.43573],[139.66958,35.43547],[139.6697,35.43517],[139.66983,35.43483],[139.66994,35.4345],[139.67006,35.43413],[139.67016,35.4338],[139.67027,35.43343],[139.67063,35.43217],[139.67117,35.43031],[139.67123,35.4301],[139.67128,35.42991],[139.67133,35.42969],[139.67136,35.42951],[139.6714,35.42931],[139.67142,35.42913],[139.67144,35.42886],[139.67145,35.42867],[139.67144,35.4284],[139.67142,35.42815],[139.67137,35.42778],[139.67133,35.42754],[139.67115,35.42655],[139.67107,35.42599],[139.671,35.42542],[139.67097,35.42499],[139.67093,35.42449],[139.67082,35.42248],[139.6708,35.42202],[139.67072,35.42043],[139.67067,35.41927],[139.67065,35.41892],[139.67062,35.41856],[139.67057,35.41824],[139.67051,35.41793],[139.67044,35.41765],[139.67034,35.41736],[139.67022,35.41709],[139.67007,35.41679],[139.6699,35.41652],[139.66969,35.41622],[139.66945,35.41594],[139.66918,35.41566],[139.66892,35.41543],[139.66863,35.4152],[139.66828,35.41496],[139.66793,35.41474],[139.66757,35.41454],[139.66716,35.41431],[139.66673,35.41407],[139.66567,35.41352],[139.66498,35.41318],[139.66475,35.41307],[139.66451,35.41296],[139.66426,35.41286],[139.66398,35.41276],[139.66366,35.41266],[139.66335,35.41258],[139.66303,35.41251],[139.66271,35.41246],[139.66236,35.41242],[139.66205,35.4124],[139.66171,35.4124],[139.66138,35.41241],[139.66103,35.41244],[139.66069,35.41248],[139.66027,35.41257],[139.65995,35.41265],[139.65964,35.41275],[139.65933,35.41286],[139.659,35.413],[139.65873,35.41312],[139.65845,35.41329],[139.65804,35.41356],[139.65771,35.41379],[139.65704,35.41436],[139.65483,35.41624],[139.65467,35.41638],[139.65452,35.41649],[139.65432,35.41663],[139.65414,35.41675],[139.65392,35.41688],[139.65364,35.41702],[139.65319,35.41722],[139.65284,35.41736],[139.65172,35.41775],[139.65129,35.4179],[139.65058,35.41813],[139.6502,35.41824],[139.64995,35.41831],[139.64957,35.41838],[139.64928,35.41843],[139.64895,35.41847],[139.64874,35.41848],[139.64831,35.41849],[139.64806,35.41849],[139.64774,35.41847],[139.64747,35.41844],[139.64715,35.41839],[139.64671,35.4183],[139.64595,35.4181],[139.64154,35.4168],[139.63992,35.41634],[139.63912,35.41612],[139.63854,35.41596],[139.63717,35.41563],[139.63608,35.41538],[139.63507,35.41512],[139.63442,35.41493],[139.63388,35.41474],[139.63338,35.41455],[139.63275,35.41429],[139.63222,35.41405],[139.63141,35.41364],[139.63047,35.41315],[139.62975,35.41274],[139.62917,35.41238],[139.62872,35.41209],[139.62805,35.41159],[139.6276,35.41122],[139.62715,35.41083],[139.62676,35.41045],[139.62636,35.41002],[139.62585,35.40945],[139.62536,35.40885],[139.62467,35.40792],[139.62394,35.4069],[139.6237,35.40656],[139.62332,35.406],[139.62289,35.40537],[139.62239,35.40467],[139.62219,35.40436],[139.62172,35.4037],[139.62158,35.40346],[139.6212,35.40294],[139.62101,35.40266],[139.62051,35.40192],[139.61993,35.40109],[139.61966,35.40071],[139.61883,35.3995],[139.61831,35.39876],[139.61768,35.39784],[139.61734,35.3973],[139.61704,35.39676],[139.61686,35.39639],[139.61662,35.39577],[139.61655,35.39551],[139.61647,35.39519],[139.61642,35.39488],[139.61637,35.39452],[139.61634,35.39422],[139.61634,35.39388],[139.61635,35.39349],[139.6164,35.393],[139.61649,35.39251],[139.61659,35.3921],[139.61673,35.39167],[139.61693,35.39117],[139.61717,35.39067],[139.61737,35.39032],[139.61771,35.38976],[139.61804,35.38928],[139.61839,35.38883],[139.61867,35.38849],[139.61911,35.38796],[139.61959,35.38744],[139.62048,35.38655],[139.62114,35.38596],[139.62183,35.3854],[139.6224,35.38497],[139.62293,35.38459],[139.6235,35.38421],[139.62424,35.38376],[139.62498,35.38334],[139.6258,35.3829],[139.62666,35.38249],[139.62725,35.38224],[139.62788,35.38199],[139.62866,35.38171],[139.62975,35.38134],[139.63034,35.38117],[139.63087,35.38104],[139.63144,35.38089],[139.63218,35.38073],[139.63275,35.38063],[139.63438,35.38036],[139.63529,35.38018],[139.63608,35.37999],[139.63701,35.37974],[139.63829,35.37939],[139.63867,35.37928],[139.63909,35.37916],[139.63955,35.37901],[139.6399,35.37887],[139.64009,35.37879],[139.6403,35.37869],[139.64064,35.3785],[139.64102,35.37825],[139.64132,35.37803],[139.64158,35.37781],[139.64184,35.37756],[139.64204,35.37731],[139.64222,35.37708],[139.64238,35.37686],[139.64253,35.3766],[139.64265,35.37637],[139.64278,35.37607],[139.64289,35.37574],[139.64298,35.37539],[139.64305,35.37496],[139.64309,35.37449],[139.64314,35.37362]],[[139.6865,35.46636],[139.68444,35.46543],[139.68387,35.46516],[139.68339,35.46492],[139.6829,35.46466],[139.68249,35.46443],[139.68208,35.46418],[139.68167,35.46392],[139.68128,35.46365],[139.68092,35.46339],[139.68057,35.46312],[139.68041,35.46299],[139.68022,35.46284],[139.68001,35.46266],[139.67979,35.46245],[139.67953,35.46221],[139.67936,35.46204],[139.67915,35.46184],[139.67897,35.46165],[139.67873,35.46138],[139.67849,35.4611],[139.67823,35.46078],[139.67795,35.46042],[139.67765,35.46],[139.67742,35.45967],[139.6772,35.45935],[139.67093,35.44991]],[[139.70545,35.47491],[139.71302,35.47826],[139.72021,35.48142]],[[139.85385,35.64671],[139.85512,35.64663],[139.85641,35.64655]],[[139.80348,35.64119],[139.80323,35.6411],[139.80287,35.64097],[139.80234,35.64075],[139.80134,35.6403]],[[139.77949,35.55872],[139.77974,35.55851],[139.78005,35.55825],[139.78047,35.55788],[139.78069,35.55767],[139.78089,35.55747],[139.78114,35.55721],[139.78134,35.55699],[139.78155,35.55675],[139.78193,35.55629],[139.78217,35.55598],[139.78245,35.55562],[139.78277,35.55519],[139.78339,35.55431],[139.78433,35.55298],[139.78619,35.55036]],[[139.77962,35.55844],[139.77939,35.55864],[139.77906,35.55889],[139.77857,35.55924],[139.7781,35.55957]],[[139.80437,35.64166],[139.80558,35.64206],[139.81063,35.64367],[139.81524,35.64517],[139.81627,35.6455],[139.81663,35.64558],[139.81695,35.64566],[139.81724,35.64572],[139.81747,35.64576],[139.8178,35.64581],[139.81819,35.64585],[139.81864,35.6459],[139.82089,35.64613]],[[139.82413,35.64645],[139.82523,35.64654],[139.82832,35.64683]],[[139.8216,35.64603],[139.81868,35.64576],[139.81813,35.6457],[139.81787,35.64567],[139.81763,35.64565],[139.81741,35.64561],[139.81718,35.64557],[139.81694,35.64552],[139.81671,35.64546],[139.81648,35.64539],[139.8153,35.64501],[139.81069,35.64353],[139.80566,35.64191],[139.80445,35.64151],[139.80348,35.64119]],[[139.76568,35.56601],[139.76998,35.5639],[139.77116,35.56333],[139.77254,35.56265],[139.77368,35.56207],[139.77535,35.56121],[139.77661,35.56056]],[[139.76561,35.5659],[139.76387,35.56674]],[[139.77661,35.56056],[139.77714,35.56026],[139.77778,35.5599],[139.77818,35.55967]],[[139.7431,35.49144],[139.74746,35.49339]],[[139.64323,35.36619],[139.64322,35.3664]],[[139.64322,35.3664],[139.64318,35.36758],[139.64312,35.36879]],[[139.64336,35.3664],[139.64337,35.36619]],[[139.64337,35.36619],[139.64345,35.36455],[139.64344,35.36422],[139.64342,35.36393]],[[139.64312,35.36879],[139.64312,35.36956],[139.64309,35.37084],[139.64298,35.37362]],[[139.78941,35.54555],[139.78916,35.5459],[139.78896,35.5462],[139.78833,35.54709],[139.78787,35.54775],[139.78758,35.54814],[139.78694,35.54906],[139.78605,35.55029]],[[139.78619,35.55036],[139.78707,35.54911],[139.78773,35.5482],[139.78801,35.54779]],[[139.79485,35.5374],[139.795,35.53703],[139.79515,35.53653],[139.79527,35.53611]],[[139.78788,35.63324],[139.78859,35.63362]],[[139.82089,35.64613],[139.82413,35.64645]],[[139.8356,35.64755],[139.83611,35.6476],[139.83655,35.64763],[139.83699,35.64765],[139.83751,35.64766],[139.83803,35.64766],[139.83854,35.64765],[139.83937,35.64761],[139.8434,35.64734]],[[139.85641,35.64655],[139.85681,35.6465],[139.85719,35.64645],[139.85756,35.64639],[139.85796,35.64631],[139.8583,35.64623]],[[139.80116,35.64041],[139.80161,35.64062],[139.80216,35.64085],[139.80237,35.64094]],[[139.78859,35.63362],[139.78952,35.63414],[139.79207,35.63553]],[[139.77327,35.62505],[139.77268,35.6246],[139.77104,35.62332],[139.76952,35.62214]],[[139.82451,35.64631],[139.82426,35.64628],[139.8216,35.64603]],[[139.83672,35.64748],[139.83561,35.64739]],[[139.84336,35.6472],[139.83973,35.64743],[139.83839,35.64751],[139.8379,35.64753],[139.8375,35.64752],[139.83711,35.64751],[139.83672,35.64748]],[[139.8571,35.64633],[139.85675,35.64637],[139.85639,35.64641]],[[139.9238,35.66936],[139.924,35.66955],[139.92441,35.66993],[139.92519,35.67062],[139.92608,35.6714],[139.92941,35.67428],[139.9306,35.6753],[139.93109,35.67573],[139.93169,35.67628],[139.93251,35.67705],[139.93316,35.67765],[139.93399,35.67837],[139.93506,35.67925],[139.93628,35.6802],[139.93744,35.68108],[139.9381,35.68155],[139.93867,35.68192],[139.93963,35.68254],[139.94129,35.68355],[139.94231,35.68418],[139.94381,35.6851],[139.94521,35.68596],[139.94696,35.68702]],[[139.75516,35.59401],[139.75517,35.59494],[139.75521,35.59751],[139.75523,35.59824],[139.75532,35.59977],[139.75534,35.60018],[139.75535,35.60075],[139.75534,35.60122],[139.75532,35.60175],[139.75528,35.60245],[139.75526,35.60306],[139.75524,35.60383]],[[139.76953,35.6224],[139.77089,35.62344],[139.77252,35.62471],[139.77317,35.62518]],[[139.77437,35.62573],[139.77415,35.62561],[139.77378,35.62539],[139.7736,35.62527]],[[139.63364,35.38036],[139.63318,35.38044],[139.63268,35.38052],[139.63214,35.38063],[139.63121,35.38083],[139.63061,35.38097],[139.62995,35.38115],[139.62926,35.38135],[139.62838,35.38165]],[[139.78961,35.634],[139.78798,35.63312]],[[139.79089,35.63468],[139.78961,35.634]],[[139.6928,35.46931],[139.70545,35.47491]],[[139.70552,35.47478],[139.69289,35.46919]],[[139.68808,35.4672],[139.68893,35.46757],[139.6928,35.46931]],[[139.69289,35.46919],[139.68899,35.46746],[139.68815,35.46709],[139.6865,35.46636]],[[139.74283,35.49132],[139.7431,35.49144]],[[139.74752,35.49328],[139.74638,35.49277],[139.74382,35.49162],[139.7429,35.49121]]]}},{"type":"Feature","properties":{"ref":"1","name":"首都高速1号羽田線","type":"expressway"},"geometry":{"type":"MultiLineString","coordinates":[[[139.75028,35.62995],[139.75056,35.63337],[139.75058,35.63358],[139.75061,35.63376],[139.75065,35.63391],[139.7507,35.63408],[139.75076,35.63422],[139.75168,35.63609],[139.75214,35.63698],[139.7527,35.6381],[139.75336,35.63941],[139.75409,35.6408],[139.75493,35.64251],[139.75533,35.64325],[139.75573,35.644],[139.75667,35.64593]],[[139.7574,35.65288],[139.75773,35.65285],[139.75827,35.65281],[139.75845,35.65279],[139.75861,35.65276],[139.75877,35.65273],[139.7589,35.65269],[139.759,35.65266],[139.75908,35.65263],[139.75916,35.65259],[139.75924,35.65254],[139.75931,35.6525],[139.75937,35.65245],[139.75943,35.6524],[139.75947,35.65236],[139.7595,35.65232],[139.75953,35.65227],[139.75956,35.65223],[139.75959,35.65217],[139.75962,35.6521],[139.75964,35.65204],[139.75966,35.65197],[139.75967,35.65189],[139.75968,35.65181],[139.75968,35.65172],[139.75967,35.65164],[139.75966,35.65155],[139.75964,35.65147],[139.7596,35.65135],[139.75958,35.65131],[139.75954,35.6512],[139.75947,35.65106],[139.75892,35.64997]],[[139.74826,35.60281],[139.74817,35.60273],[139.74797,35.60256],[139.74685,35.60171],[139.74624,35.60123],[139.74497,35.60027],[139.74459,35.59997],[139.74441,35.59985],[139.74423,35.59973],[139.74375,35.59945],[139.74358,35.59934],[139.74344,35.59923],[139.74332,35.59913],[139.74324,35.59904],[139.74315,35.59894],[139.74309,35.59886],[139.74302,35.59875],[139.74297,35.59865],[139.74292,35.59854],[139.74288,35.5984],[139.74267,35.5977],[139.7425,35.59704],[139.74225,35.59612],[139.74218,35.59594],[139.74214,35.59584],[139.74209,35.59574],[139.74192,35.59543],[139.74158,35.59481],[139.74143,35.59451],[139.74112,35.594],[139.74036,35.59289],[139.7395,35.59174],[139.73921,35.59137],[139.73901,35.59111],[139.73891,35.59097],[139.73884,35.59085],[139.73877,35.59071],[139.73872,35.59059],[139.7387,35.5905],[139.73868,35.59042],[139.73866,35.59033],[139.73865,35.59022],[139.73865,35.59009],[139.73866,35.58996],[139.73868,35.58985],[139.73871,35.58972],[139.73875,35.58961],[139.73879,35.58951],[139.73885,35.5894],[139.73892,35.5893],[139.739,35.5892],[139.73908,35.58911],[139.73917,35.58902],[139.73927,35.58893],[139.74085,35.5876]],[[139.75164,35.62089],[139.75119,35.62161],[139.75061,35.62248],[139.7501,35.62326],[139.75003,35.62337],[139.74996,35.6235],[139.74991,35.62361],[139.74987,35.62372],[139.74983,35.62384],[139.74981,35.62397],[139.7498,35.62409],[139.74981,35.62421],[139.74981,35.62435],[139.74989,35.62531],[139.75028,35.62995]],[[139.75037,35.62995],[139.74997,35.6253],[139.7499,35.62434],[139.7499,35.62421],[139.7499,35.62409],[139.74991,35.62397],[139.74993,35.62386],[139.74996,35.62374],[139.75,35.62364],[139.75005,35.62352],[139.75011,35.62341],[139.75018,35.62329],[139.75045,35.62287],[139.75069,35.62251],[139.75126,35.62164],[139.75173,35.62092]],[[139.75257,35.5634],[139.75161,35.56451]],[[139.74999,35.56619],[139.74951,35.56673],[139.74934,35.56695],[139.74919,35.56716],[139.74906,35.56741],[139.74895,35.56764],[139.74886,35.56786],[139.74878,35.56807],[139.74871,35.56829],[139.74866,35.56852],[139.74863,35.56876],[139.74862,35.56889],[139.74861,35.56895],[139.7486,35.56908],[139.7486,35.56918],[139.7486,35.56926],[139.74861,35.56938],[139.74862,35.5695],[139.74863,35.56966],[139.74867,35.56985],[139.74871,35.5701],[139.74885,35.5707]],[[139.74085,35.5876],[139.74182,35.58681]],[[139.7434,35.54562],[139.74342,35.54578],[139.74345,35.54598],[139.74357,35.54698],[139.74361,35.54728],[139.74369,35.54761],[139.74378,35.54791],[139.74391,35.54828],[139.74401,35.54854],[139.7441,35.54876],[139.74425,35.5491]],[[139.75444,35.56078],[139.75441,35.56093],[139.75436,35.56111],[139.7543,35.56127],[139.75422,35.56142],[139.75415,35.56156],[139.75398,35.56179],[139.7537,35.56214],[139.75342,35.56247],[139.75257,35.5634]],[[139.75266,35.56345],[139.75352,35.56252],[139.7538,35.56219],[139.75408,35.56182],[139.75424,35.5616],[139.75432,35.56145],[139.7544,35.5613],[139.75447,35.56112],[139.75452,35.56095],[139.75455,35.56079]],[[139.75455,35.56079],[139.75458,35.56055],[139.75459,35.56034],[139.75457,35.5601],[139.75454,35.55989],[139.75449,35.55968],[139.7544,35.55937],[139.75429,35.55898],[139.75405,35.55823],[139.754,35.55809],[139.75395,35.55795],[139.75389,35.55784]],[[139.7487,35.56912],[139.7487,35.56898],[139.74871,35.56889],[139.74873,35.56876],[139.74876,35.56854],[139.74881,35.56831],[139.74888,35.56808],[139.74896,35.56787],[139.74904,35.56767],[139.74916,35.56743],[139.74929,35.5672],[139.74943,35.56699],[139.74959,35.56676],[139.74977,35.56656],[139.75008,35.56623],[139.75092,35.56539],[139.75116,35.56513],[139.75169,35.56455]],[[139.76023,35.65503],[139.76027,35.65391],[139.76029,35.65338],[139.76028,35.65324],[139.76028,35.65312],[139.76026,35.65301],[139.76023,35.65288],[139.7602,35.65276],[139.76016,35.65264],[139.76011,35.65253],[139.76006,35.6524],[139.75999,35.65225],[139.7599,35.65208]],[[139.75742,35.64719],[139.75689,35.64613],[139.75584,35.64399],[139.75545,35.6432],[139.75526,35.64277],[139.75457,35.64145],[139.75424,35.64077],[139.75287,35.63806],[139.75184,35.63606],[139.75129,35.63507],[139.75092,35.63435],[139.75086,35.63422],[139.7508,35.63408],[139.75076,35.63393],[139.75072,35.63377],[139.75067,35.63359],[139.75065,35.63342],[139.75037,35.62995]],[[139.74077,35.58755],[139.7392,35.58888],[139.73909,35.58897],[139.739,35.58907],[139.73891,35.58916],[139.73883,35.58926],[139.73877,35.58937],[139.7387,35.58948],[139.73866,35.58959],[139.73862,35.5897],[139.73858,35.58984],[139.73857,35.58996],[139.73856,35.59009],[139.73856,35.59022],[139.73857,35.59033],[139.73858,35.59042],[139.7386,35.59051],[139.73863,35.59061],[139.73868,35.59073],[139.73875,35.59088],[139.73882,35.591],[139.73891,35.59114],[139.73907,35.59138],[139.73935,35.5918],[139.74013,35.59289],[139.74098,35.59407],[139.74119,35.59436],[139.74135,35.59458],[139.7415,35.59484],[139.74186,35.59549],[139.74194,35.59567],[139.742,35.59584],[139.74206,35.59604],[139.74211,35.59621],[139.74231,35.59706],[139.74266,35.59834],[139.74269,35.59846],[139.74273,35.59857],[139.74279,35.59869],[139.74286,35.59883],[139.74295,35.59896],[139.74305,35.59909],[139.74318,35.59923],[139.7433,35.59934],[139.74346,35.59945],[139.74363,35.59956],[139.74442,35.60002],[139.74492,35.60033],[139.74549,35.60075],[139.7462,35.60129],[139.7469,35.60186],[139.74778,35.6025],[139.74805,35.60274]],[[139.74758,35.5765],[139.74733,35.57699],[139.74688,35.57788],[139.74649,35.57863],[139.74607,35.57946],[139.74568,35.58021],[139.74531,35.58093],[139.74507,35.58138],[139.74446,35.58257],[139.74358,35.58428],[139.74337,35.58469],[139.74312,35.58516],[139.74287,35.58555],[139.74271,35.58574],[139.74246,35.58605],[139.74227,35.58625],[139.74206,35.58646],[139.74143,35.58698],[139.74116,35.58723],[139.74077,35.58755]],[[139.74785,35.57621],[139.74808,35.57579],[139.74842,35.57513],[139.74881,35.57435]],[[139.74872,35.57432],[139.74763,35.5764]],[[139.74881,35.57435],[139.74899,35.574],[139.74915,35.57361],[139.74921,35.57343],[139.74925,35.57325],[139.74929,35.57305],[139.74931,35.57285],[139.74931,35.57263],[139.7493,35.57243],[139.74928,35.57218],[139.74923,35.57191],[139.74914,35.57149],[139.74902,35.57104]],[[139.75381,35.55788],[139.75387,35.55802],[139.75405,35.55852],[139.75424,35.55914],[139.75431,35.5594],[139.75438,35.55968],[139.75442,35.55991],[139.75446,35.56012],[139.75447,35.56032],[139.75446,35.56054],[139.75444,35.56078]],[[139.75389,35.55784],[139.75384,35.55775],[139.75379,35.55767],[139.75371,35.55757],[139.75362,35.55746],[139.75354,35.55739],[139.75346,35.55732],[139.75337,35.55725],[139.75327,35.55718],[139.75317,35.55712],[139.75305,35.55706],[139.75289,35.55698],[139.75271,35.5569],[139.74987,35.55573],[139.74935,35.55551],[139.74886,35.5553],[139.74811,35.55495],[139.74749,35.55466],[139.7473,35.55457],[139.74714,35.55449],[139.74706,35.55445],[139.74699,35.55441],[139.74692,35.55437],[139.74686,35.55432],[139.7468,35.55428],[139.74674,35.55423],[139.74669,35.55418],[139.74663,35.55411],[139.74657,35.55404],[139.74652,35.55397],[139.74647,35.5539],[139.74643,35.55382],[139.74639,35.55374],[139.74634,35.55362],[139.74621,35.5533],[139.74544,35.55126],[139.7451,35.55047],[139.74479,35.54979],[139.7444,35.54906],[139.74413,35.54852],[139.74401,35.54826],[139.74387,35.54789],[139.74377,35.54758],[139.7437,35.54727],[139.74365,35.54696],[139.74354,35.54597],[139.74351,35.54577],[139.74349,35.54561]],[[139.74894,35.57106],[139.74914,35.57192],[139.74919,35.57219],[139.74922,35.57243],[139.74923,35.57265],[139.74921,35.57285],[139.74919,35.57304],[139.74916,35.57323],[139.74911,35.57342],[139.74905,35.57359],[139.7489,35.57395],[139.74872,35.57432]],[[139.75169,35.56455],[139.75266,35.56345]],[[139.74182,35.58681],[139.74212,35.58656],[139.74234,35.58633],[139.74255,35.58613],[139.74275,35.58589],[139.74297,35.5856],[139.74322,35.5852],[139.74346,35.58474],[139.74362,35.58443],[139.74381,35.58409],[139.74408,35.58354],[139.74468,35.58238],[139.74516,35.58141],[139.74537,35.58105],[139.74569,35.58041],[139.74591,35.58],[139.74616,35.57951],[139.74629,35.57925],[139.74664,35.57858],[139.74687,35.57811],[139.74709,35.57768],[139.74741,35.57705],[139.74751,35.57687],[139.74769,35.57654]],[[139.74425,35.5491],[139.74441,35.54945],[139.74461,35.54986],[139.74494,35.55054],[139.74527,35.5513],[139.74604,35.55339],[139.74615,35.55366],[139.74621,35.5538],[139.74627,35.55392],[139.74634,35.55401],[139.74638,35.55407],[139.74642,35.55412],[139.74648,35.55417],[139.74655,35.55424],[139.74663,35.5543],[139.74671,35.55435],[139.74677,35.55439],[139.74684,35.55443],[139.74694,35.55448],[139.74723,35.55463],[139.74838,35.55516],[139.74948,35.55566],[139.75268,35.55697],[139.75285,35.55705],[139.753,35.55713],[139.75312,35.55719],[139.75321,35.55725],[139.7533,35.55731],[139.75338,35.55737],[139.75346,35.55744],[139.75354,35.55751],[139.75362,35.5576],[139.75369,35.55769],[139.75375,35.55778],[139.75381,35.55788]],[[139.75667,35.64593],[139.75679,35.64616],[139.75752,35.64762],[139.75811,35.64875],[139.75826,35.64909],[139.7585,35.64959]],[[139.75041,35.60662],[139.75048,35.60756],[139.75078,35.61049],[139.75099,35.6127],[139.75124,35.61526],[139.7515,35.61779],[139.7516,35.61876],[139.75166,35.61911],[139.75173,35.61945],[139.7518,35.61975],[139.75184,35.61993],[139.75185,35.62007],[139.75185,35.62021],[139.75183,35.62037],[139.7518,35.62051],[139.75175,35.62065],[139.7517,35.62078],[139.75164,35.62089]],[[139.74805,35.60274],[139.74816,35.60284],[139.74825,35.60293],[139.74835,35.60303],[139.74844,35.60315],[139.74853,35.60327],[139.74863,35.60344],[139.74888,35.60397],[139.74898,35.60416],[139.74907,35.60431],[139.74998,35.60552],[139.75012,35.60574],[139.75023,35.60596],[139.7503,35.60612],[139.75035,35.60628],[139.75038,35.60645],[139.75041,35.60662]],[[139.752,35.61971],[139.75141,35.61397],[139.75093,35.60907]],[[139.74893,35.57069],[139.74882,35.57018],[139.74879,35.56997],[139.74876,35.56977]],[[139.74876,35.56977],[139.74874,35.56961],[139.74871,35.56937],[139.7487,35.56912]],[[139.75161,35.56451],[139.75108,35.56509],[139.75085,35.56534],[139.75039,35.5658],[139.74999,35.56619]],[[139.75173,35.62092],[139.75182,35.62073],[139.75187,35.62059],[139.75192,35.62042],[139.75194,35.62031],[139.75196,35.62018],[139.75198,35.62006],[139.752,35.61988],[139.752,35.61971]],[[139.75093,35.60907],[139.75068,35.60662],[139.75063,35.60636],[139.75056,35.6061],[139.75045,35.60587],[139.7503,35.6056],[139.74884,35.60344]],[[139.7599,35.65208],[139.75882,35.64994],[139.75842,35.64915],[139.75809,35.64849],[139.75762,35.64758],[139.75742,35.64719]],[[139.74763,35.5764],[139.74758,35.5765]],[[139.74769,35.57654],[139.74785,35.57621]],[[139.74885,35.5707],[139.74894,35.57106]],[[139.74902,35.57104],[139.74893,35.57069]],[[139.74884,35.60344],[139.74867,35.60322],[139.74856,35.6031],[139.74847,35.60301],[139.74837,35.60292],[139.74826,35.60281]]]}},{"type":"Feature","properties":{"ref":"C1","name":"首都高速都心環状線","type":"expressway"},"geometry":{"type":"MultiLineString","coordinates":[[[139.76461,35.66413],[139.76472,35.66422],[139.76486,35.66434],[139.76497,35.66445],[139.7651,35.66459],[139.76525,35.66475],[139.7656,35.66517],[139.76572,35.66529],[139.76582,35.66538],[139.76647,35.6659],[139.76677,35.66613],[139.7672,35.66648],[139.76731,35.66658]],[[139.7574,35.65288],[139.759,35.65286],[139.75912,35.65286],[139.75921,35.65287],[139.75929,35.65288],[139.75936,35.65289],[139.75944,35.65291],[139.7595,35.65293]],[[139.76233,35.6629],[139.76246,35.66306],[139.76253,35.66315],[139.76261,35.66323],[139.7627,35.66332],[139.76279,35.66339],[139.76289,35.66346],[139.76301,35.66352],[139.76313,35.66358],[139.76326,35.66363],[139.76337,35.66366],[139.7635,35.6637],[139.76387,35.6638],[139.76403,35.66385],[139.76416,35.6639],[139.7643,35.66395],[139.76441,35.66401],[139.76449,35.66406],[139.76461,35.66413]],[[139.76731,35.66658],[139.76735,35.66663],[139.7674,35.66668],[139.76743,35.66673],[139.76745,35.66678],[139.76747,35.66683],[139.76748,35.66688],[139.7675,35.667],[139.76754,35.66723],[139.76756,35.66733],[139.76759,35.66744],[139.76762,35.66752],[139.76767,35.66761],[139.76772,35.66769],[139.76777,35.66776],[139.76784,35.66783],[139.76793,35.66791],[139.76808,35.66805],[139.76821,35.66818]],[[139.76739,35.66654],[139.76732,35.66647],[139.76725,35.66641],[139.76639,35.66574],[139.76588,35.66534],[139.76578,35.66524],[139.76568,35.66513],[139.76534,35.66473],[139.76517,35.66454],[139.76506,35.66442],[139.76496,35.66432],[139.76485,35.66422],[139.76476,35.66414],[139.76467,35.66408]],[[139.77172,35.67126],[139.77182,35.67141],[139.77187,35.6715],[139.77191,35.67159]],[[139.77245,35.67315],[139.77251,35.67332],[139.77255,35.67343],[139.77257,35.67355],[139.77259,35.67368],[139.7726,35.6738],[139.77262,35.67421],[139.77262,35.67431],[139.77264,35.67441],[139.77266,35.6745],[139.77268,35.67457],[139.7727,35.67462],[139.77273,35.67468],[139.77278,35.67476]],[[139.77261,35.67317],[139.77254,35.67293],[139.77234,35.6723],[139.77224,35.67199],[139.77216,35.67181],[139.77208,35.67165],[139.772,35.6715],[139.77193,35.67138],[139.77179,35.67117],[139.7716,35.67091]],[[139.77624,35.68013],[139.77502,35.6781]],[[139.75957,35.6528],[139.75949,35.65277],[139.7594,35.65275],[139.75932,35.65273],[139.75923,35.65272],[139.75914,35.65271],[139.75901,35.6527],[139.75885,35.6527],[139.75865,35.65271],[139.75846,35.65272],[139.75717,35.65283]],[[139.74044,35.66848],[139.74009,35.66809]],[[139.73843,35.66341],[139.73818,35.66247],[139.73797,35.66159],[139.73793,35.66141],[139.73787,35.66123],[139.7378,35.66109],[139.7377,35.6609],[139.73757,35.6607],[139.73712,35.66015],[139.73695,35.65992],[139.73688,35.65979],[139.73681,35.65966],[139.73675,35.65953],[139.73671,35.65941],[139.73667,35.65927],[139.73657,35.65882],[139.73648,35.65842],[139.73646,35.65831],[139.73645,35.65821],[139.73645,35.65813],[139.73646,35.65806],[139.73648,35.65796],[139.73649,35.6579],[139.73652,35.65782],[139.73655,35.65775],[139.73658,35.65766],[139.73664,35.65753],[139.73672,35.65737],[139.73725,35.6565],[139.73733,35.65637],[139.73749,35.65614],[139.73754,35.65609],[139.73759,35.65603],[139.73768,35.65595],[139.73775,35.65589],[139.73784,35.65584],[139.73789,35.65581],[139.73795,35.65578],[139.73801,35.65575],[139.7381,35.65572],[139.73819,35.6557],[139.73834,35.65567],[139.73853,35.65564],[139.74013,35.65546],[139.74033,35.65544],[139.74051,35.65541],[139.74069,35.65537],[139.74089,35.65532]],[[139.76023,35.65503],[139.76021,35.65387],[139.76021,35.65372],[139.7602,35.65361],[139.76019,35.65352],[139.76017,35.65343],[139.76014,35.65333],[139.7601,35.65324],[139.76005,35.65316],[139.76001,35.6531],[139.75995,35.65304],[139.7599,35.65299],[139.75983,35.65294],[139.75976,35.65289],[139.75967,35.65285],[139.75957,35.6528]],[[139.75218,35.68992],[139.75093,35.68937],[139.75081,35.68932],[139.75071,35.68929],[139.7506,35.68927],[139.75052,35.68925],[139.7504,35.68924],[139.75031,35.68923]],[[139.75031,35.68923],[139.7501,35.68922],[139.74989,35.68923]],[[139.74087,35.65525],[139.7407,35.6553],[139.74051,35.65535],[139.74032,35.6554],[139.74012,35.65543],[139.73853,35.65561],[139.73833,35.65564],[139.73818,35.65568],[139.73809,35.6557],[139.738,35.65573],[139.73794,35.65575],[139.73788,35.65578],[139.73783,35.65581],[139.73773,35.65587],[139.73765,35.65593],[139.73756,35.65602],[139.7375,35.65608],[139.73745,35.65614],[139.7373,35.65636],[139.73721,35.65648],[139.73677,35.65722],[139.73661,35.6575],[139.73657,35.65756],[139.73653,35.65765],[139.7365,35.65773],[139.73648,35.6578],[139.73645,35.65789],[139.73643,35.65797],[139.73642,35.65805],[139.73641,35.65813],[139.73641,35.65821],[139.73642,35.65832],[139.73644,35.65843],[139.73653,35.65882],[139.73663,35.65927]],[[139.74089,35.65532],[139.7416,35.65513],[139.74176,35.65509],[139.74192,35.65506],[139.74207,35.65503],[139.74226,35.65501],[139.74495,35.65477],[139.74514,35.65475],[139.74532,35.65472],[139.74544,35.65469],[139.74555,35.65466],[139.74564,35.65462],[139.74573,35.65458],[139.74583,35.65452],[139.7459,35.65447],[139.74598,35.65441],[139.74605,35.65435],[139.74614,35.65427],[139.74621,35.6542],[139.74644,35.65393],[139.74654,35.65382],[139.74663,35.65372],[139.74673,35.65364],[139.74686,35.65354],[139.74698,35.65347],[139.74708,35.65342],[139.74718,35.65338],[139.74729,35.65334],[139.74743,35.6533],[139.74759,35.65326],[139.7478,35.65323],[139.74883,35.65311],[139.74901,35.6531],[139.74918,35.65309],[139.74934,35.6531],[139.74946,35.65312],[139.74956,35.65314],[139.74968,35.65317],[139.7498,35.65321],[139.7499,35.65325],[139.75002,35.6533],[139.75039,35.65347],[139.75051,35.65352],[139.75062,35.65357],[139.75074,35.6536],[139.75086,35.65363],[139.75098,35.65364],[139.75111,35.65365],[139.75124,35.65365],[139.75137,35.65364],[139.75151,35.65362],[139.75164,35.6536],[139.75297,35.65337],[139.7539,35.65321],[139.7542,35.65317],[139.75457,35.65313]],[[139.74349,35.67157],[139.74361,35.67164],[139.74375,35.67171],[139.74387,35.67177],[139.744,35.67181],[139.74414,35.67185],[139.74433,35.6719],[139.74467,35.67197]],[[139.75214,35.68999],[139.75249,35.69015],[139.7528,35.69028],[139.7532,35.69045],[139.7536,35.6906],[139.75413,35.6908]],[[139.7623,35.69049],[139.76291,35.69027],[139.76299,35.69024],[139.76307,35.6902],[139.76315,35.69017],[139.76322,35.69012],[139.76329,35.69008],[139.76336,35.69003],[139.76342,35.68999],[139.76349,35.68993],[139.76374,35.68972],[139.76385,35.68963],[139.76394,35.68956],[139.76404,35.6895],[139.76412,35.68945],[139.76418,35.68941],[139.76426,35.68938],[139.76436,35.68934],[139.76445,35.68931],[139.76455,35.68929],[139.76466,35.68926],[139.76476,35.68924],[139.76578,35.68906],[139.76599,35.68903],[139.76617,35.68901],[139.76658,35.68897],[139.76675,35.68895],[139.76694,35.68893],[139.76714,35.6889],[139.76728,35.68887],[139.76744,35.68884],[139.76758,35.6888],[139.76771,35.68875],[139.76782,35.6887],[139.76794,35.68864],[139.76807,35.68857],[139.76865,35.68819],[139.76882,35.68808],[139.76893,35.68798],[139.76905,35.68787],[139.76921,35.68771],[139.76942,35.68749],[139.7702,35.68658],[139.77027,35.68649],[139.77038,35.68634],[139.77045,35.68619],[139.7706,35.68589],[139.77079,35.68542],[139.77087,35.68526],[139.77092,35.68518],[139.77096,35.68512],[139.771,35.68506],[139.77105,35.68501],[139.7711,35.68496],[139.77115,35.68492],[139.77121,35.68487],[139.77127,35.68484],[139.77132,35.6848],[139.77138,35.68477],[139.77146,35.68473],[139.77155,35.6847],[139.77163,35.68467],[139.77173,35.68465],[139.77187,35.68462],[139.77342,35.68433],[139.7743,35.68417],[139.77454,35.68414]],[[139.74555,35.68878],[139.74558,35.68882],[139.74563,35.68886],[139.74569,35.68891],[139.74576,35.68896],[139.74584,35.689],[139.74593,35.68905],[139.74603,35.68909],[139.74614,35.68912],[139.74628,35.68916],[139.74641,35.68918],[139.74698,35.68928],[139.74762,35.68939],[139.74783,35.68943],[139.748,35.68945],[139.74814,35.68946],[139.74829,35.68946],[139.74842,35.68945],[139.74866,35.68942],[139.74898,35.68939],[139.7494,35.68934],[139.74971,35.68931],[139.7499,35.6893]],[[139.75056,35.68934],[139.75066,35.68936],[139.75076,35.68939],[139.75085,35.68941],[139.75093,35.68945],[139.75147,35.68967],[139.75214,35.68999]],[[139.75321,35.69036],[139.75286,35.69022],[139.75253,35.69008],[139.75218,35.68992]],[[139.77604,35.6841],[139.7756,35.68403],[139.7754,35.684]],[[139.74546,35.68843],[139.7454,35.68819],[139.74501,35.68651],[139.74462,35.68483],[139.74458,35.6847],[139.74448,35.68437],[139.74443,35.68422],[139.74426,35.68354],[139.74418,35.68308],[139.74414,35.68288],[139.74411,35.68268],[139.74409,35.68253],[139.74408,35.68233],[139.74408,35.68222],[139.74408,35.68209],[139.74409,35.68196],[139.74411,35.68184],[139.74414,35.68172],[139.74418,35.68162],[139.74421,35.68152],[139.74426,35.68143],[139.74439,35.68118]],[[139.74929,35.67641],[139.74928,35.6763],[139.74927,35.67618],[139.74924,35.67605],[139.74921,35.67593],[139.74916,35.6758],[139.7491,35.67567],[139.74898,35.67546],[139.74822,35.67428],[139.74792,35.67383],[139.74778,35.67364],[139.74768,35.67352],[139.74756,35.67339],[139.74681,35.67267],[139.74663,35.67251],[139.74654,35.67244],[139.74646,35.67239],[139.74637,35.67234],[139.74627,35.67229],[139.74617,35.67225],[139.74599,35.67219],[139.74582,35.67213],[139.74564,35.67208],[139.74546,35.67204],[139.74516,35.67198]],[[139.7447,35.67189],[139.74435,35.67182],[139.74417,35.67178],[139.74403,35.67174],[139.74391,35.6717],[139.7438,35.67165],[139.74367,35.67159],[139.74355,35.67151]],[[139.74355,35.67151],[139.74347,35.67145],[139.7434,35.67139],[139.74329,35.6713],[139.74314,35.67116],[139.74295,35.67098],[139.74229,35.67035],[139.74162,35.66973],[139.74125,35.66936],[139.74084,35.66893],[139.74044,35.66848]],[[139.74038,35.67877],[139.74419,35.67964],[139.74447,35.6797],[139.74465,35.67974],[139.74479,35.67976],[139.74491,35.67978],[139.74503,35.67978],[139.74513,35.67978],[139.7452,35.67977],[139.74528,35.67976],[139.74534,35.67974],[139.74539,35.67973],[139.74545,35.67971],[139.74552,35.67968],[139.74579,35.67957],[139.74638,35.67934],[139.74649,35.6793]],[[139.7499,35.6893],[139.75004,35.6893],[139.7502,35.6893],[139.75034,35.68931],[139.75046,35.68932],[139.75056,35.68934]],[[139.74989,35.68923],[139.74952,35.68926],[139.74891,35.68932],[139.74845,35.68937],[139.74827,35.68938],[139.74814,35.68938],[139.74802,35.68938],[139.74788,35.68937],[139.74768,35.68933],[139.74728,35.68926],[139.74648,35.68912],[139.74631,35.68909],[139.74619,35.68905],[139.74608,35.68902],[139.746,35.68899],[139.74592,35.68895],[139.74585,35.68891],[139.74579,35.68887],[139.74574,35.68883],[139.74569,35.68879],[139.74565,35.68875],[139.74561,35.6887],[139.74556,35.68863],[139.74552,35.68857],[139.74549,35.6885],[139.74546,35.68843]],[[139.74467,35.67197],[139.74512,35.67208],[139.74544,35.67217],[139.74561,35.67222],[139.74578,35.67229],[139.74594,35.67236],[139.74608,35.67242],[139.74619,35.67248],[139.7463,35.67255],[139.74639,35.67262],[139.74648,35.67269],[139.74659,35.67279],[139.74742,35.6736],[139.74759,35.67378],[139.74766,35.67387],[139.74773,35.67396],[139.74799,35.67437],[139.74873,35.67554],[139.74883,35.67569],[139.74895,35.67589],[139.749,35.67596],[139.74903,35.67602],[139.74906,35.67607],[139.74909,35.67612],[139.74911,35.67617],[139.74913,35.67622],[139.74914,35.67626],[139.74915,35.67631],[139.74917,35.6764],[139.74917,35.67645],[139.74917,35.67653],[139.74916,35.67661],[139.74914,35.6767],[139.74912,35.6768],[139.74909,35.67688],[139.74905,35.67696],[139.74901,35.67703],[139.74897,35.67708],[139.74891,35.67716],[139.74881,35.67727]],[[139.77668,35.68111],[139.77721,35.682],[139.77739,35.6823]],[[139.77528,35.68413],[139.77541,35.68414],[139.77555,35.68414],[139.77568,35.68416],[139.77581,35.68417],[139.77594,35.68419],[139.777,35.68438],[139.77708,35.6844],[139.77716,35.68441],[139.77723,35.68442],[139.77731,35.68442],[139.77739,35.68442],[139.77747,35.68442],[139.77754,35.68442],[139.77762,35.6844],[139.77769,35.68439],[139.77777,35.68437],[139.77783,35.68435],[139.77788,35.68432],[139.77792,35.6843],[139.77797,35.68426],[139.77802,35.68423],[139.77807,35.68418],[139.77812,35.68414],[139.77815,35.68409],[139.77818,35.68405],[139.7782,35.68402],[139.77821,35.68398],[139.77822,35.68393],[139.77824,35.68389],[139.77824,35.68384],[139.77824,35.6838],[139.77824,35.68375],[139.77823,35.6837],[139.77822,35.68364],[139.7782,35.68359],[139.77817,35.68352],[139.77815,35.68345],[139.77783,35.68292],[139.77778,35.68284],[139.77774,35.68276],[139.77749,35.68225]],[[139.75419,35.6907],[139.75321,35.69036]],[[139.76114,35.69098],[139.76101,35.69103],[139.76091,35.69106],[139.76078,35.69109],[139.76065,35.69111],[139.76052,35.69112],[139.7604,35.69112],[139.75911,35.69113],[139.75897,35.69113],[139.75883,35.69114],[139.7587,35.69115],[139.75857,35.69117],[139.75844,35.69119],[139.75827,35.69122],[139.75808,35.69125],[139.75789,35.69128],[139.75769,35.6913],[139.75677,35.69141],[139.75666,35.69142],[139.75655,35.69142],[139.75643,35.69142],[139.75631,35.69141],[139.7562,35.69139],[139.75609,35.69137],[139.75599,35.69134],[139.75588,35.69131],[139.75496,35.69098],[139.75488,35.69095],[139.75419,35.6907]],[[139.77749,35.68225],[139.77679,35.68107]],[[139.77425,35.68398],[139.77408,35.684],[139.77389,35.68402],[139.77371,35.68405],[139.77197,35.68437],[139.7718,35.68441],[139.77166,35.68444],[139.77156,35.68448],[139.77145,35.68452],[139.77137,35.68455],[139.77132,35.68458],[139.77126,35.68462],[139.7712,35.68465],[139.77114,35.6847],[139.77108,35.68477],[139.77102,35.68483],[139.77097,35.6849],[139.77091,35.68498],[139.77086,35.68507],[139.77081,35.68518],[139.77055,35.68579],[139.77037,35.68617],[139.77029,35.68631],[139.77019,35.68646],[139.76936,35.68744],[139.76908,35.68772],[139.76897,35.68781],[139.76891,35.68787],[139.76881,35.68793],[139.76871,35.688],[139.7686,35.68806],[139.7685,35.68811],[139.76837,35.68817],[139.76767,35.68847],[139.76751,35.68853],[139.76735,35.68859],[139.76716,35.68865],[139.76693,35.6887],[139.7667,35.68875],[139.76659,35.68877],[139.76651,35.6888],[139.76622,35.68889],[139.76613,35.68891],[139.766,35.68894],[139.76474,35.68917],[139.76463,35.68919],[139.76453,35.68921],[139.76442,35.68924],[139.76433,35.68927],[139.76424,35.6893],[139.76415,35.68934],[139.76407,35.68939],[139.764,35.68943],[139.76392,35.68948],[139.76384,35.68954],[139.76368,35.68967],[139.76342,35.68988],[139.76336,35.68993],[139.7633,35.68998],[139.76323,35.69002],[139.76316,35.69006],[139.7631,35.6901],[139.76302,35.69014],[139.76295,35.69017],[139.76287,35.6902]],[[139.76009,35.65504],[139.76009,35.65605],[139.76009,35.65746],[139.76009,35.65755],[139.76008,35.65764],[139.76006,35.65773],[139.76004,35.65781],[139.76001,35.6579],[139.75997,35.65798],[139.75993,35.65807],[139.75988,35.65815],[139.75959,35.65858],[139.75955,35.65864],[139.75952,35.6587],[139.75949,35.65876],[139.75947,35.65882],[139.75945,35.65887],[139.75944,35.65895],[139.75943,35.65901],[139.75943,35.65907],[139.75943,35.65914],[139.75944,35.6592],[139.75946,35.65927],[139.75948,35.65933],[139.75951,35.6594],[139.75954,35.65946],[139.75958,35.65952],[139.75963,35.6596],[139.75972,35.6597],[139.76008,35.66015]],[[139.7595,35.65293],[139.75958,35.65296],[139.75965,35.653],[139.75972,35.65304],[139.75978,35.65308],[139.75982,35.65313],[139.75986,35.65317],[139.75989,35.65321],[139.75992,35.65326],[139.75995,35.6533],[139.75997,35.65336],[139.75999,35.65341],[139.76,35.65346],[139.76002,35.65353],[139.76003,35.65361],[139.76003,35.65369],[139.76004,35.65406],[139.76009,35.65504]],[[139.75457,35.65313],[139.75498,35.65309],[139.75631,35.65297],[139.7574,35.65288]],[[139.76131,35.6615],[139.76083,35.6609]],[[139.7624,35.66287],[139.76131,35.6615]],[[139.76123,35.66154],[139.76233,35.6629]],[[139.73832,35.66661],[139.73864,35.66683],[139.73893,35.66705],[139.73917,35.66726],[139.73952,35.66762],[139.73988,35.66799]],[[139.74881,35.67727],[139.74839,35.67774]],[[139.74889,35.67731],[139.74899,35.6772],[139.74908,35.6771],[139.74912,35.67704],[139.74916,35.67697],[139.7492,35.67691],[139.74923,35.67683],[139.74926,35.67676],[139.74928,35.67669],[139.74929,35.67659],[139.7493,35.67651],[139.7493,35.67647],[139.7493,35.67644],[139.74929,35.67641]],[[139.74452,35.68123],[139.7443,35.68161],[139.74423,35.68176],[139.74418,35.6819],[139.74414,35.68203],[139.74411,35.68217],[139.74409,35.68234],[139.74408,35.68256],[139.74408,35.6827],[139.74409,35.68285],[139.74411,35.68299],[139.74414,35.68314],[139.7443,35.68388],[139.74491,35.68653]],[[139.73881,35.66496],[139.73877,35.66475],[139.73872,35.66456],[139.73859,35.66405],[139.73843,35.66341]],[[139.73688,35.66564],[139.73716,35.66581],[139.73745,35.666],[139.73832,35.66661]],[[139.77779,35.68291],[139.77793,35.68312],[139.77804,35.68329],[139.77819,35.68351],[139.77822,35.68358],[139.77824,35.68364],[139.77826,35.6837],[139.77826,35.68375],[139.77826,35.6838],[139.77826,35.68384],[139.77826,35.68389],[139.77824,35.68394],[139.77823,35.68399],[139.77822,35.68402],[139.77819,35.68406],[139.77817,35.6841],[139.77813,35.68414],[139.77809,35.68418],[139.77806,35.68421],[139.77802,35.68423],[139.77797,35.68426],[139.77793,35.68428],[139.77788,35.68429],[139.77784,35.6843],[139.77779,35.68431],[139.77773,35.68432],[139.77767,35.68432],[139.77761,35.68433],[139.77753,35.68432],[139.77743,35.68432],[139.77733,35.6843],[139.77632,35.68414],[139.77604,35.6841]],[[139.77005,35.66968],[139.77073,35.67022]],[[139.76821,35.66818],[139.769,35.66882]],[[139.76961,35.66931],[139.77005,35.66968]],[[139.769,35.66882],[139.76961,35.66931]],[[139.77117,35.67066],[139.77128,35.67078],[139.77155,35.67107],[139.77172,35.67126]],[[139.77073,35.67022],[139.77089,35.67037],[139.77117,35.67066]],[[139.76828,35.66812],[139.76801,35.66787],[139.76794,35.6678],[139.76787,35.66773],[139.76782,35.66766],[139.76778,35.6676],[139.76775,35.66755],[139.76772,35.66749],[139.7677,35.66743],[139.76769,35.66735],[139.76765,35.66712],[139.76761,35.66692],[139.76759,35.66686],[139.76758,35.6668],[139.76755,35.66675],[139.76753,35.6667],[139.76749,35.66664],[139.76744,35.66659],[139.76739,35.66654]],[[139.77012,35.66962],[139.76968,35.66926]],[[139.77079,35.67018],[139.77012,35.66962]],[[139.76968,35.66926],[139.76908,35.66877]],[[139.77127,35.6706],[139.77079,35.67018]],[[139.76908,35.66877],[139.76828,35.66812]],[[139.74688,35.67917],[139.747,35.67913],[139.7471,35.67908],[139.74723,35.67902],[139.74734,35.67895],[139.74744,35.67888],[139.74753,35.67881],[139.74765,35.6787],[139.74777,35.67859],[139.74799,35.67835],[139.74824,35.67804]],[[139.73877,35.66497],[139.73887,35.66546],[139.73893,35.66589],[139.73897,35.66629],[139.73901,35.66648],[139.73905,35.66666],[139.73911,35.66683],[139.73918,35.66699],[139.7393,35.66721],[139.73936,35.66733],[139.73946,35.66747],[139.73957,35.66761],[139.73988,35.66799]],[[139.74009,35.66809],[139.73962,35.66758],[139.7395,35.66745],[139.7394,35.66732],[139.73934,35.6672],[139.73923,35.66699],[139.73916,35.66682],[139.7391,35.66666],[139.73905,35.66647],[139.73901,35.66629],[139.73897,35.66589],[139.73891,35.66546],[139.73881,35.66496]],[[139.73988,35.66799],[139.74037,35.66852],[139.74077,35.66896],[139.74118,35.66941],[139.74156,35.66978],[139.74227,35.67044],[139.74294,35.67107],[139.74307,35.67121],[139.7432,35.67133],[139.74332,35.67144],[139.7434,35.6715],[139.74349,35.67157]],[[139.77454,35.68414],[139.77474,35.68411],[139.77484,35.68411],[139.77492,35.6841],[139.77501,35.6841],[139.7751,35.68411],[139.77519,35.68412],[139.77528,35.68413]],[[139.7602,35.66009],[139.75984,35.65965],[139.75976,35.65955],[139.75971,35.65947],[139.75968,35.65942],[139.75965,35.65936],[139.75963,35.65931],[139.75961,35.65925],[139.7596,35.65919],[139.75959,35.65913],[139.75959,35.65908],[139.75959,35.65902],[139.75959,35.65896],[139.7596,35.6589],[139.75961,35.65885],[139.75963,35.65879],[139.75966,35.65873],[139.75969,35.65867],[139.75972,35.65861],[139.76,35.6582],[139.76006,35.65812],[139.76011,35.65803],[139.76015,35.65794],[139.76018,35.65784],[139.76021,35.65774],[139.76022,35.65763],[139.76022,35.65752],[139.76023,35.65741],[139.76023,35.65604],[139.76023,35.65503]],[[139.77524,35.67869],[139.77613,35.68017]],[[139.7729,35.6747],[139.77285,35.67462],[139.7728,35.67454],[139.77277,35.67448],[139.77275,35.67441],[139.77273,35.67433],[139.77272,35.67424],[139.77271,35.67405],[139.77269,35.67371],[139.77269,35.6736],[139.77267,35.67346],[139.77266,35.67336],[139.77261,35.67317]],[[139.76008,35.66015],[139.76075,35.66094]],[[139.75717,35.65283],[139.75629,35.6529],[139.75497,35.65302],[139.75456,35.65306],[139.75419,35.6531],[139.75387,35.65315],[139.75312,35.65327],[139.75295,35.6533],[139.75163,35.65353],[139.7515,35.65355],[139.75136,35.65356],[139.75123,35.65357],[139.75111,35.65357],[139.75099,35.65357],[139.75088,35.65355],[139.75077,35.65353],[139.75066,35.6535],[139.75055,35.65346],[139.75043,35.65341],[139.75001,35.65321],[139.74992,35.65317],[139.74981,35.65313],[139.74969,35.6531],[139.74958,35.65307],[139.74947,35.65304],[139.74935,35.65303],[139.74918,35.65302],[139.74899,35.65302],[139.74882,35.65304],[139.74779,35.65316],[139.74757,35.65319],[139.74739,35.65323],[139.74727,35.65327],[139.74716,35.6533],[139.74707,35.65334],[139.74698,35.65337],[139.7469,35.65342],[139.74681,35.65348],[139.74668,35.65358],[139.74656,35.65367],[139.74646,35.65378],[139.74636,35.6539],[139.74614,35.65415],[139.74605,35.65424],[139.74595,35.65433],[139.74584,35.65442],[139.74577,35.65446],[139.74568,35.65452],[139.74559,35.65456],[139.74551,35.65459],[139.74541,35.65462],[139.7453,35.65465],[139.74513,35.65468],[139.74493,35.6547],[139.74404,35.65478],[139.74224,35.65493],[139.74206,35.65496],[139.7419,35.65498],[139.74173,35.65502],[139.74158,35.65505],[139.74116,35.65517],[139.74087,35.65525]],[[139.74516,35.67198],[139.7447,35.67189]],[[139.74839,35.67774],[139.74831,35.67784],[139.74825,35.67793],[139.74819,35.67802],[139.74813,35.67812],[139.74806,35.67821],[139.74798,35.67831],[139.74764,35.67865],[139.74754,35.67874],[139.74744,35.67882],[139.74733,35.6789],[139.74722,35.67896],[139.74709,35.67903],[139.74694,35.67909],[139.74675,35.67916],[139.74645,35.67926]],[[139.77679,35.68107],[139.77624,35.68013]],[[139.77502,35.6781],[139.7748,35.67772]],[[139.77317,35.67512],[139.7729,35.6747]],[[139.77613,35.68017],[139.77668,35.68111]],[[139.77401,35.6764],[139.77357,35.67571],[139.77317,35.67512]],[[139.7745,35.67721],[139.77417,35.67666]],[[139.77381,35.67645],[139.77397,35.6767]],[[139.7748,35.67772],[139.7745,35.67721]],[[139.77303,35.67518],[139.77354,35.67602],[139.77381,35.67645]],[[139.77397,35.6767],[139.7744,35.67738]],[[139.77417,35.67666],[139.77401,35.6764]],[[139.77278,35.67476],[139.77303,35.67518]],[[139.77488,35.67815],[139.77524,35.67869]],[[139.7744,35.67738],[139.77488,35.67815]],[[139.7754,35.684],[139.77528,35.68399],[139.77516,35.68398],[139.77502,35.68397],[139.77488,35.68396],[139.77474,35.68396],[139.77462,35.68396],[139.7745,35.68396],[139.77438,35.68396],[139.77425,35.68398]],[[139.75941,35.65141],[139.7597,35.65188],[139.75991,35.6523],[139.75997,35.65243],[139.76002,35.65254],[139.76006,35.65265],[139.76008,35.65275],[139.76009,35.65285],[139.7601,35.65295],[139.76011,35.6532],[139.76013,35.65347],[139.76012,35.65405],[139.76009,35.65504]],[[139.77191,35.67159],[139.77198,35.67183],[139.77211,35.67227],[139.77219,35.67255],[139.77229,35.67282],[139.77245,35.67315]],[[139.77191,35.67159],[139.77197,35.67171],[139.77202,35.67183],[139.77217,35.67226],[139.77224,35.67252],[139.77229,35.67268],[139.77233,35.67281],[139.77245,35.67315]],[[139.75413,35.6908],[139.75518,35.69122],[139.75534,35.69128],[139.75546,35.69132],[139.75557,35.69135],[139.75568,35.69139],[139.7558,35.69141],[139.75592,35.69144],[139.75603,35.69145],[139.75615,35.69146],[139.75626,35.69146],[139.75637,35.69147],[139.75649,35.69146],[139.75661,35.69145],[139.75677,35.69144],[139.75771,35.69133],[139.75789,35.69131],[139.75806,35.69129],[139.75823,35.69129],[139.75841,35.69128],[139.76014,35.69127],[139.76029,35.69126],[139.76045,35.69125],[139.76057,35.69124],[139.76071,35.69121],[139.76084,35.69118],[139.76096,35.69114],[139.76107,35.6911],[139.76114,35.69107],[139.7612,35.69104]],[[139.74824,35.67804],[139.74889,35.67731]],[[139.73663,35.65927],[139.73667,35.65941],[139.73672,35.65953],[139.73678,35.65967],[139.73685,35.6598],[139.73691,35.65992],[139.73709,35.66017]],[[139.73709,35.66017],[139.73754,35.66072],[139.73759,35.6608],[139.73767,35.66092],[139.73777,35.6611],[139.73783,35.66124],[139.73788,35.66142],[139.73793,35.66159],[139.73814,35.66248],[139.73839,35.66342],[139.73855,35.66406],[139.73862,35.66433]],[[139.76467,35.66408],[139.76454,35.664],[139.76441,35.66393],[139.76429,35.66387],[139.76418,35.66382],[139.76404,35.66378],[139.76391,35.66374],[139.76359,35.66365],[139.76342,35.66361],[139.76329,35.66357],[139.76319,35.66353],[139.76312,35.66349],[139.76303,35.66345],[139.76297,35.66341],[139.76288,35.66336],[139.7628,35.6633],[139.76272,35.66323],[139.76266,35.66317],[139.76259,35.6631],[139.76251,35.66301],[139.7624,35.66287]],[[139.76083,35.6609],[139.7602,35.66009]],[[139.76075,35.66094],[139.76123,35.66154]],[[139.7465,35.67932],[139.74688,35.67917]],[[139.74649,35.6793],[139.74659,35.67926],[139.74688,35.67917]],[[139.75941,35.65141],[139.75949,35.65167],[139.75951,35.65175],[139.75953,35.65183],[139.75953,35.65192],[139.75953,35.65198],[139.75952,35.65204],[139.75951,35.65209],[139.75949,35.65214],[139.75947,35.6522],[139.75944,35.65224],[139.75941,35.65228],[139.75939,35.65232],[139.75935,35.65236],[139.75931,35.6524],[139.75925,35.65244],[139.75919,35.65248],[139.75911,35.65252],[139.75904,35.65255],[139.75895,35.65258],[139.75887,35.6526],[139.75877,35.65262],[139.75866,35.65263],[139.75832,35.65266],[139.75816,35.65267],[139.75803,35.65269],[139.75789,35.6527],[139.75717,35.65283]],[[139.73862,35.66433],[139.73868,35.66457],[139.73873,35.66478],[139.73877,35.66497]],[[139.74439,35.68118],[139.7448,35.68048],[139.74491,35.68031],[139.745,35.6802],[139.74508,35.68011],[139.74518,35.68001],[139.74526,35.67995],[139.74535,35.67988],[139.7455,35.67977],[139.74562,35.67971],[139.74573,35.67964],[139.74596,35.67954],[139.7462,35.67943],[139.7465,35.67932]],[[139.74645,35.67926],[139.7462,35.67934],[139.74602,35.67942],[139.74587,35.67949],[139.74574,35.67958],[139.74561,35.67966],[139.7455,35.67976],[139.7454,35.67986],[139.74531,35.67997],[139.74522,35.68007],[139.74514,35.68019],[139.74506,35.68032],[139.74452,35.68123]],[[139.74491,35.68653],[139.74533,35.68839],[139.74536,35.68848],[139.74538,35.68854],[139.74541,35.68859],[139.74544,35.68865],[139.74547,35.6887],[139.74551,35.68874],[139.74555,35.68878]],[[139.77739,35.6823],[139.77779,35.68291]],[[139.7585,35.64959],[139.75941,35.65141]],[[139.7716,35.67091],[139.77148,35.67078]],[[139.7612,35.69104],[139.76127,35.691],[139.76172,35.69075],[139.76187,35.69068],[139.76201,35.6906],[139.76215,35.69054],[139.7623,35.69049]],[[139.76287,35.6902],[139.76226,35.69042],[139.7621,35.69048],[139.76196,35.69054],[139.76189,35.69058],[139.76181,35.69061],[139.76167,35.69069],[139.76126,35.69092],[139.76114,35.69098]]]}},{"type":"Feature","properties":{"ref":"C1","name":"首都高速都心環状線(第2通行帯)","type":"expressway"},"geometry":{"type":"MultiLineString","coordinates":[[[139.77148,35.67078],[139.77127,35.6706]]]}},{"type":"Feature","properties":{"ref":"","name":"首都高速2号目黒線","type":"expressway"},"geometry":{"type":"MultiLineString","coordinates":[[[139.7374,35.65367],[139.73752,35.65433],[139.73756,35.65457],[139.73758,35.65477],[139.73759,35.65496],[139.73759,35.65509],[139.73758,35.65522],[139.73756,35.65536],[139.73753,35.65547],[139.73748,35.65558],[139.73743,35.65569],[139.73737,35.65581]],[[139.73759,35.65023],[139.73737,35.65108],[139.73709,35.65218],[139.73707,35.65233],[139.73705,35.65247],[139.73706,35.65261],[139.73707,35.65274],[139.73711,35.65287],[139.73714,35.65298],[139.73734,35.65347],[139.7374,35.65367]],[[139.73745,35.65585],[139.73751,35.65572],[139.73757,35.6556],[139.73761,35.65549],[139.73764,35.65537],[139.73766,35.65523],[139.73767,35.6551],[139.73767,35.65497],[139.73766,35.65483],[139.73762,35.65457],[139.73752,35.65405]],[[139.73767,35.65024],[139.73773,35.65],[139.73776,35.64987],[139.73777,35.64973],[139.73777,35.6496],[139.73776,35.64951],[139.73775,35.64941],[139.73772,35.6493],[139.73768,35.64919],[139.7374,35.64863],[139.73728,35.64837],[139.7372,35.64817],[139.73687,35.64727],[139.73681,35.64713],[139.73677,35.64705],[139.73672,35.64698],[139.73666,35.6469],[139.7366,35.64684],[139.73655,35.64678],[139.73648,35.64672],[139.7364,35.64667],[139.73631,35.64661],[139.73623,35.64657],[139.73613,35.64653],[139.73605,35.6465],[139.73597,35.64648],[139.73589,35.64646],[139.73577,35.64644],[139.73565,35.64644],[139.73554,35.64644],[139.73541,35.64644],[139.73524,35.64646],[139.73445,35.64656],[139.73429,35.64659],[139.73413,35.64663],[139.73397,35.64669],[139.73384,35.64674],[139.73366,35.64684],[139.73325,35.64704],[139.73312,35.64709],[139.73299,35.64713],[139.73287,35.64716],[139.73276,35.64718],[139.73261,35.6472],[139.73246,35.6472],[139.73229,35.6472],[139.7321,35.64718],[139.73191,35.64716],[139.73159,35.64712],[139.73091,35.64702],[139.73057,35.64698],[139.73036,35.64696],[139.73017,35.64696],[139.72976,35.64696],[139.72951,35.64695],[139.72938,35.64694],[139.72923,35.64692],[139.72908,35.64689],[139.72891,35.64685],[139.72873,35.6468],[139.72828,35.64666],[139.72809,35.64662],[139.72787,35.64657],[139.7277,35.64655],[139.72752,35.64653],[139.72734,35.64653],[139.72704,35.64652],[139.72666,35.64652],[139.72646,35.6465],[139.72632,35.64649],[139.72617,35.64647],[139.72601,35.64644],[139.72586,35.6464],[139.72572,35.64636],[139.7255,35.64628],[139.72514,35.64614],[139.7234,35.64548],[139.72316,35.64537],[139.7229,35.64522],[139.72268,35.64507],[139.72248,35.64493],[139.72235,35.64481],[139.72223,35.64471],[139.72213,35.64459],[139.72189,35.64431],[139.72066,35.64277],[139.72033,35.64239],[139.72008,35.64215],[139.71988,35.64199],[139.71961,35.64181],[139.71827,35.64103],[139.71806,35.6409],[139.71786,35.64077],[139.71771,35.64066],[139.71758,35.64054],[139.71748,35.64043],[139.71739,35.64032],[139.71731,35.64022],[139.71725,35.64011],[139.71719,35.64],[139.71714,35.63989],[139.7171,35.63973],[139.71705,35.6395],[139.71702,35.63928],[139.71698,35.63894],[139.71694,35.63832],[139.71694,35.63818],[139.71694,35.63806],[139.71696,35.63792],[139.71698,35.63779],[139.71702,35.63766],[139.71706,35.63755],[139.7171,35.63745],[139.71715,35.63736],[139.71722,35.63723],[139.71731,35.6371],[139.7174,35.63697],[139.71754,35.63679],[139.71791,35.6364],[139.71827,35.63606],[139.71928,35.63514],[139.71951,35.63492],[139.71966,35.63475],[139.71979,35.63458],[139.71991,35.63441],[139.72001,35.63421],[139.72009,35.634],[139.72016,35.63382],[139.72032,35.63332],[139.7205,35.63278],[139.72068,35.63225],[139.72087,35.63169],[139.72091,35.63156],[139.72093,35.63145],[139.72094,35.63134],[139.72095,35.63122],[139.72095,35.63109],[139.72093,35.63095],[139.72086,35.63052],[139.72083,35.63035],[139.72079,35.63017],[139.72075,35.63004],[139.7207,35.62992],[139.72061,35.62975],[139.71967,35.62809],[139.7196,35.62794],[139.71945,35.6276],[139.71931,35.62716],[139.719,35.62614],[139.71892,35.62594],[139.71883,35.62574],[139.71873,35.62556],[139.71861,35.6254],[139.71809,35.62474],[139.71798,35.6246],[139.71791,35.62447],[139.71787,35.62439],[139.71784,35.62432],[139.71782,35.62425],[139.7178,35.62418],[139.71779,35.62407],[139.71779,35.62397],[139.71779,35.62386],[139.71782,35.62363],[139.71798,35.62245],[139.71819,35.6208],[139.71839,35.61926],[139.7184,35.61904],[139.71839,35.61894],[139.71838,35.61883],[139.71837,35.61877],[139.71835,35.61869],[139.71831,35.6186],[139.71817,35.61831],[139.71783,35.61757]],[[139.71775,35.6176],[139.7181,35.61835],[139.71822,35.61863],[139.71826,35.61871],[139.71827,35.61878],[139.71829,35.61884],[139.7183,35.6189],[139.7183,35.61897],[139.71831,35.61904],[139.71829,35.6193],[139.71815,35.62038],[139.71806,35.62108],[139.71798,35.62167],[139.71773,35.62362],[139.7177,35.62385],[139.71769,35.62397],[139.71769,35.62408],[139.7177,35.62419],[139.71772,35.62427],[139.71775,35.62435],[139.71777,35.62441],[139.71782,35.6245],[139.71788,35.6246],[139.71799,35.62475],[139.71854,35.62543],[139.71865,35.62559],[139.71875,35.62576],[139.71884,35.62596],[139.71892,35.62618],[139.71922,35.62717],[139.71938,35.62763],[139.71952,35.62796],[139.71961,35.62813],[139.72053,35.62978],[139.72061,35.62995],[139.72066,35.63006],[139.7207,35.63018],[139.72074,35.63035],[139.72077,35.63053],[139.72084,35.63095],[139.72085,35.6311],[139.72086,35.63122],[139.72085,35.63134],[139.72083,35.63144],[139.72081,35.63154],[139.72078,35.63168],[139.72059,35.63223],[139.72042,35.63276],[139.72025,35.6333],[139.72007,35.6338],[139.72,35.63399],[139.71992,35.63418],[139.71982,35.63438],[139.7197,35.63455],[139.71958,35.63471],[139.71943,35.63489],[139.71923,35.63507],[139.71821,35.63601],[139.71784,35.63636],[139.71747,35.63674],[139.71732,35.63693],[139.71722,35.63706],[139.71713,35.63719],[139.71705,35.63732],[139.717,35.63742],[139.71695,35.63753],[139.71691,35.63764],[139.71685,35.63791],[139.71684,35.63806],[139.71683,35.63817],[139.71684,35.63833],[139.7169,35.63901],[139.71695,35.63948],[139.717,35.63975],[139.71706,35.63991],[139.7171,35.64004],[139.71716,35.64015],[139.71723,35.64026],[139.7173,35.64036],[139.7174,35.64048],[139.71751,35.64059],[139.71764,35.64071],[139.71778,35.64082],[139.71798,35.64095],[139.71821,35.64109],[139.7195,35.64184],[139.71973,35.642],[139.71998,35.64222],[139.7202,35.64242],[139.72032,35.64256],[139.72047,35.64275],[139.72058,35.64289],[139.72106,35.64341],[139.72114,35.64351],[139.72182,35.64435],[139.72206,35.64463],[139.72216,35.64474],[139.72228,35.64486],[139.72241,35.64497],[139.72262,35.64513],[139.72287,35.64529],[139.72312,35.64543],[139.72337,35.64554],[139.72558,35.64639],[139.72577,35.64645],[139.72593,35.64649],[139.72606,35.64652],[139.7262,35.64655],[139.72636,35.64657],[139.7265,35.64658],[139.72665,35.64658],[139.72705,35.64659],[139.72739,35.6466],[139.72758,35.64661],[139.72775,35.64663],[139.72792,35.64666],[139.72814,35.6467],[139.72841,35.64678],[139.72885,35.64691],[139.72906,35.64696],[139.72923,35.64699],[139.72936,35.64701],[139.72949,35.64702],[139.72974,35.64703],[139.73011,35.64703],[139.73034,35.64703],[139.73052,35.64705],[139.73069,35.64706],[139.7309,35.64709],[139.73196,35.64724],[139.73223,35.64726],[139.73242,35.64727],[139.73261,35.64727],[139.73276,35.64726],[139.7329,35.64723],[139.73303,35.6472],[139.73318,35.64715],[139.73335,35.64708],[139.73372,35.64689],[139.73389,35.64681],[139.73402,35.64675],[139.73416,35.64671],[139.73431,35.64667],[139.73446,35.64664],[139.73523,35.64653],[139.73542,35.64652],[139.73553,35.64651],[139.73564,35.64652],[139.73576,35.64653],[139.73587,35.64654],[139.73595,35.64656],[139.73601,35.64658],[139.73608,35.6466],[139.73617,35.64664],[139.73626,35.64669],[139.73634,35.64673],[139.73641,35.64678],[139.73647,35.64683],[139.73653,35.64689],[139.73658,35.64695],[139.73662,35.647],[139.73668,35.64708]],[[139.71554,35.6187],[139.71583,35.61885],[139.71617,35.61905]],[[139.73646,35.65806],[139.73647,35.65799],[139.73648,35.65793],[139.73649,35.65787],[139.73651,35.65779],[139.73654,35.65769],[139.73659,35.65755],[139.73669,35.65734],[139.73699,35.65673],[139.73745,35.65585]],[[139.73752,35.65405],[139.73745,35.65366],[139.73739,35.65347],[139.73718,35.65298],[139.73715,35.65288],[139.73713,35.65278],[139.73712,35.65267],[139.73712,35.65257],[139.73713,35.65245],[139.73715,35.65232],[139.73719,35.65215],[139.73745,35.65111],[139.73767,35.65024]],[[139.73737,35.65581],[139.73692,35.65671],[139.73669,35.65725],[139.73655,35.65757],[139.7365,35.65773]],[[139.71743,35.61699],[139.71757,35.61724],[139.71775,35.6176]],[[139.71783,35.61757],[139.71768,35.61725],[139.71755,35.61695]],[[139.71815,35.6217],[139.71821,35.6213],[139.71828,35.62081],[139.7183,35.62066],[139.71831,35.62053],[139.71831,35.62047],[139.7183,35.62042],[139.71828,35.62035],[139.71826,35.6203],[139.71823,35.62023],[139.71819,35.62018],[139.71814,35.62012],[139.71807,35.62006],[139.71798,35.62],[139.7178,35.6199]],[[139.71617,35.61905],[139.71677,35.61939],[139.71728,35.61967],[139.71773,35.61994],[139.71778,35.61997],[139.71782,35.62001],[139.71786,35.62005],[139.7179,35.62009],[139.71793,35.62013],[139.71796,35.62017],[139.71799,35.62022],[139.71801,35.62028],[139.71803,35.62034],[139.71804,35.6204],[139.71804,35.62044],[139.71804,35.6205]],[[139.71621,35.61901],[139.71573,35.61873],[139.71549,35.61857]],[[139.71798,35.62245],[139.71804,35.62225],[139.71808,35.62206],[139.71815,35.6217]],[[139.71804,35.6205],[139.71799,35.62113],[139.71798,35.62147],[139.71798,35.62167]],[[139.7178,35.6199],[139.71733,35.61963],[139.71621,35.61901]],[[139.73668,35.64708],[139.73672,35.64715],[139.73678,35.64729],[139.73689,35.64757],[139.73712,35.64819],[139.7372,35.6484],[139.73732,35.64865],[139.73759,35.64921],[139.73763,35.64932],[139.73766,35.64942],[139.73767,35.64952],[139.73768,35.64961],[139.73769,35.64973],[139.73767,35.64985],[139.73765,35.64998],[139.73759,35.65023]]]}},{"type":"Feature","properties":{"ref":"C2","name":"首都高速中央環状線","type":"expressway"},"geometry":{"type":"MultiLineString","coordinates":[[[139.851,35.65446],[139.85112,35.6564],[139.85113,35.65669],[139.85112,35.65689],[139.85109,35.65708],[139.85105,35.65726],[139.85099,35.65743],[139.85091,35.65764],[139.85087,35.65774],[139.85074,35.65797],[139.85056,35.65823],[139.85041,35.65844],[139.8502,35.65868],[139.84999,35.65893],[139.84977,35.65918],[139.84958,35.6594],[139.84946,35.65957],[139.84936,35.65973],[139.84926,35.6599],[139.84919,35.66005],[139.84911,35.66027],[139.84905,35.6605],[139.84902,35.66072],[139.849,35.66099],[139.84902,35.66153],[139.84927,35.665],[139.84935,35.66621],[139.84956,35.66946],[139.84962,35.67007],[139.84975,35.67209],[139.84983,35.67319],[139.84988,35.6738],[139.84994,35.67434],[139.84999,35.67476],[139.85007,35.6752],[139.85014,35.67555],[139.85026,35.67599],[139.8504,35.67646],[139.85057,35.677],[139.85074,35.67747],[139.851,35.67806],[139.85127,35.6786],[139.85163,35.67925],[139.8519,35.67969],[139.85215,35.68007],[139.85257,35.68069],[139.85357,35.68209],[139.85533,35.68457],[139.85564,35.68502],[139.85579,35.68523],[139.85608,35.68563],[139.85644,35.68616],[139.85669,35.68655],[139.85694,35.68696],[139.8571,35.6872],[139.85732,35.68758],[139.85753,35.68797],[139.85783,35.68854],[139.85801,35.68892],[139.85823,35.68939],[139.85847,35.68995],[139.85862,35.69034],[139.85874,35.69069],[139.8589,35.69112],[139.85905,35.69156],[139.85917,35.69198],[139.85929,35.69242],[139.8594,35.69286],[139.85951,35.6933],[139.85959,35.69376],[139.85967,35.69423],[139.85973,35.69467],[139.85979,35.69512],[139.85984,35.69559],[139.85987,35.69605],[139.85989,35.69655],[139.85989,35.6972],[139.85987,35.69785],[139.85984,35.6984],[139.85973,35.6994],[139.85966,35.69989],[139.85956,35.70045],[139.85944,35.70105],[139.85933,35.70145],[139.85922,35.70185],[139.85907,35.70237],[139.85899,35.70263],[139.85897,35.70269],[139.85886,35.70302],[139.85873,35.70342],[139.85859,35.7038],[139.85842,35.70419],[139.85827,35.70457],[139.85812,35.70489],[139.85795,35.70526],[139.85778,35.7056],[139.85759,35.70595],[139.85739,35.70632],[139.8572,35.70665],[139.85695,35.70706],[139.85677,35.70735],[139.85656,35.70768],[139.85632,35.70802],[139.85609,35.70835],[139.85583,35.70872],[139.85558,35.70906],[139.85533,35.70939],[139.85505,35.70975],[139.85476,35.71011],[139.85443,35.71051],[139.85415,35.71082],[139.85382,35.71119],[139.85357,35.71147],[139.85322,35.71185],[139.85315,35.71193],[139.85291,35.71219],[139.85262,35.71247],[139.85221,35.71289],[139.85125,35.7138],[139.85053,35.71448],[139.84996,35.71503],[139.84941,35.71558],[139.84871,35.71626],[139.84787,35.71706],[139.84728,35.71761],[139.84694,35.71793],[139.84498,35.71981],[139.84428,35.72043],[139.84399,35.72068]],[[139.70827,35.74742],[139.70832,35.74821],[139.70833,35.74833],[139.70834,35.74846],[139.70836,35.74858],[139.70838,35.74868],[139.7084,35.74877],[139.70843,35.74886],[139.70847,35.74895],[139.70851,35.74903],[139.70854,35.74909],[139.70857,35.74914],[139.70861,35.7492],[139.70866,35.74925],[139.70871,35.74929],[139.70875,35.74934],[139.70882,35.74939],[139.70889,35.74944],[139.70897,35.74949],[139.70904,35.74953],[139.70912,35.74957],[139.7092,35.7496],[139.70927,35.74962],[139.70934,35.74964],[139.70941,35.74965],[139.70951,35.74967],[139.70962,35.74968],[139.70978,35.74969],[139.71009,35.74971],[139.7105,35.74973],[139.71092,35.74975],[139.71131,35.74976],[139.71169,35.74975],[139.71192,35.74973],[139.71223,35.7497],[139.71292,35.74961],[139.71359,35.74953],[139.7142,35.74945]],[[139.7079,35.74265],[139.7078,35.74251],[139.70767,35.74235],[139.70757,35.74222],[139.70714,35.74169],[139.70653,35.74095],[139.70591,35.74018],[139.70536,35.73954],[139.70499,35.73915],[139.70472,35.73888],[139.7038,35.73802],[139.70297,35.73726],[139.70234,35.73665],[139.70191,35.73626]],[[139.69974,35.73378],[139.69947,35.73322]],[[139.70831,35.74742],[139.70828,35.74584],[139.70821,35.74429],[139.7082,35.74387],[139.70819,35.74366],[139.70818,35.74352],[139.70815,35.74338],[139.70813,35.74325],[139.7081,35.74312],[139.70805,35.74298],[139.708,35.74283],[139.70797,35.74276],[139.70793,35.7427],[139.7079,35.74265]],[[139.69968,35.73383],[139.69991,35.73425],[139.70014,35.73463],[139.7003,35.73486],[139.70043,35.73502],[139.70055,35.73515],[139.70069,35.73528],[139.70088,35.73545],[139.70121,35.73574],[139.70154,35.73603],[139.70191,35.73638],[139.70227,35.73669],[139.7029,35.73729],[139.70376,35.73808],[139.70451,35.73874],[139.7047,35.7389],[139.70497,35.73916],[139.70535,35.73955],[139.70589,35.74019],[139.70651,35.74096],[139.70711,35.7417],[139.70756,35.74223],[139.70766,35.74235],[139.70777,35.7425],[139.70788,35.74266]],[[139.7142,35.74945],[139.71447,35.74941],[139.71492,35.74935],[139.71536,35.74929],[139.7159,35.74923],[139.71618,35.74919],[139.71677,35.74912],[139.71729,35.74908],[139.71766,35.74905],[139.71981,35.7488],[139.72037,35.74875],[139.72078,35.74871],[139.72114,35.74867],[139.72135,35.74864],[139.7215,35.74861],[139.72164,35.74858],[139.72179,35.74854],[139.72191,35.7485],[139.72203,35.74845],[139.72215,35.7484],[139.72227,35.74834],[139.72245,35.74824],[139.7228,35.74802],[139.72346,35.74759],[139.72485,35.74669],[139.72601,35.74595],[139.72667,35.74553],[139.72677,35.74547],[139.7269,35.7454],[139.72701,35.74534],[139.72716,35.74527],[139.72731,35.74522],[139.72744,35.74517],[139.72764,35.74511],[139.72776,35.74508],[139.72791,35.74506],[139.72804,35.74505],[139.72815,35.74504],[139.72829,35.74504],[139.72842,35.74505],[139.72857,35.74506],[139.7287,35.74508],[139.72883,35.7451],[139.72896,35.74513],[139.72908,35.74516],[139.7292,35.74521],[139.72939,35.74529],[139.72958,35.74539],[139.72989,35.74557],[139.73016,35.74575],[139.73064,35.74611],[139.73102,35.74639],[139.73139,35.74667]],[[139.74033,35.75238],[139.73981,35.75213],[139.7393,35.75187],[139.73866,35.75152],[139.73784,35.75102],[139.73698,35.75051],[139.73645,35.75019],[139.73589,35.74985]],[[139.75996,35.76514],[139.75873,35.76458],[139.75834,35.76438],[139.75801,35.7642],[139.75758,35.76395],[139.75723,35.76374],[139.75656,35.76332],[139.7552,35.76249],[139.75476,35.76223],[139.75433,35.76198],[139.75346,35.76149],[139.75176,35.76048],[139.75147,35.76033],[139.75118,35.76018],[139.75084,35.76001],[139.75049,35.75984],[139.75008,35.75967],[139.74978,35.75953],[139.74946,35.75939],[139.74932,35.75932],[139.74915,35.75923],[139.74902,35.75915],[139.74884,35.75904],[139.7485,35.75879],[139.7482,35.75854],[139.74799,35.75836],[139.74773,35.75815],[139.74744,35.75796],[139.74724,35.75785],[139.74703,35.75773],[139.74682,35.75763],[139.74661,35.75755],[139.74611,35.75736],[139.74465,35.75688],[139.74432,35.75677],[139.74407,35.75669],[139.74392,35.75663]],[[139.76183,35.76879],[139.76204,35.76823],[139.76217,35.76787],[139.76221,35.76773],[139.76224,35.76762],[139.76225,35.7675],[139.76226,35.76742],[139.76226,35.76733],[139.76226,35.76724],[139.76224,35.76707],[139.76222,35.76695],[139.7622,35.76686],[139.76218,35.76678],[139.76215,35.76669],[139.76211,35.7666]],[[139.816,35.75488],[139.81627,35.75462],[139.8164,35.75452],[139.81656,35.7544],[139.81665,35.75434],[139.81674,35.75428],[139.81684,35.75424],[139.81696,35.75419],[139.8171,35.75415],[139.81722,35.75412],[139.81736,35.7541],[139.81753,35.75409],[139.81771,35.75408],[139.81797,35.75409],[139.81882,35.7541],[139.81903,35.7541],[139.81922,35.75408],[139.81942,35.75407],[139.81956,35.75404],[139.81967,35.75402],[139.81977,35.754],[139.81989,35.75396],[139.81999,35.75393],[139.8201,35.75389],[139.8202,35.75384],[139.82029,35.75379],[139.82038,35.75373],[139.82046,35.75367],[139.82053,35.75361],[139.82061,35.75354],[139.82068,35.75346],[139.82074,35.75338],[139.8208,35.7533],[139.82084,35.75323],[139.82087,35.75315],[139.82091,35.75307],[139.82093,35.75299],[139.82095,35.75291],[139.82097,35.75281],[139.82099,35.75269],[139.821,35.75257],[139.82102,35.75243],[139.82105,35.75174]],[[139.82094,35.75173],[139.82095,35.75244],[139.82095,35.75257],[139.82094,35.75269],[139.82093,35.75281],[139.82091,35.7529],[139.82089,35.75298],[139.82086,35.75306],[139.82083,35.75314],[139.82079,35.75322],[139.82075,35.75329],[139.8207,35.75336],[139.82064,35.75344],[139.82057,35.75352],[139.8205,35.75358],[139.82043,35.75364],[139.82035,35.7537],[139.82027,35.75376],[139.82018,35.75381],[139.82008,35.75385],[139.81998,35.7539],[139.81987,35.75393],[139.81976,35.75397],[139.81966,35.75399],[139.81955,35.75401],[139.81942,35.75403],[139.81923,35.75405],[139.81903,35.75406],[139.81883,35.75406],[139.81818,35.75404],[139.81796,35.75404],[139.81771,35.75404],[139.81752,35.75404],[139.81734,35.75405],[139.81719,35.75407],[139.81708,35.7541],[139.81693,35.75414],[139.8168,35.75419],[139.81671,35.75423],[139.8166,35.75428],[139.81648,35.75435],[139.81632,35.75447],[139.81619,35.75457],[139.81592,35.75483]],[[139.81592,35.75483],[139.81509,35.75561],[139.81462,35.75603],[139.8143,35.75631],[139.81376,35.75679],[139.81341,35.75707],[139.81311,35.75729],[139.81283,35.75751],[139.81249,35.75775],[139.81226,35.75791],[139.81196,35.7581],[139.81183,35.75819],[139.81142,35.75845],[139.81101,35.75869],[139.81063,35.75891],[139.81026,35.75912],[139.81009,35.75921],[139.8098,35.75936],[139.80955,35.75948],[139.80921,35.75964],[139.80894,35.75976],[139.80859,35.75992],[139.80799,35.76016],[139.80759,35.76031],[139.80717,35.76046],[139.8066,35.76065],[139.80606,35.76082],[139.8055,35.76099],[139.80513,35.76109],[139.80444,35.76126],[139.80382,35.76141],[139.803,35.76157],[139.80252,35.76166],[139.80172,35.76177],[139.80092,35.76186],[139.80048,35.7619],[139.80017,35.76193],[139.79984,35.76195],[139.79923,35.76197],[139.79874,35.76199],[139.79821,35.76199],[139.79754,35.76198],[139.79701,35.76196],[139.79654,35.76193],[139.79606,35.7619],[139.79553,35.76186],[139.79499,35.76182],[139.79429,35.76174],[139.79327,35.76162],[139.79171,35.76137],[139.79032,35.76114],[139.7883,35.76081],[139.78728,35.76065],[139.78565,35.7604],[139.78362,35.7601],[139.78213,35.75988],[139.78147,35.75979],[139.78072,35.7597],[139.78031,35.75965],[139.7799,35.75962],[139.77949,35.75958],[139.77894,35.75954],[139.77834,35.7595],[139.7776,35.75946],[139.77696,35.75943],[139.77655,35.75942],[139.77614,35.75942],[139.77578,35.75941],[139.77541,35.75942],[139.77502,35.75943],[139.77462,35.75945],[139.77422,35.75948],[139.77382,35.75952],[139.77343,35.75956],[139.77295,35.75962],[139.77249,35.75968],[139.77209,35.75975],[139.77167,35.75983],[139.77122,35.75992],[139.77048,35.76009],[139.77024,35.76015],[139.76985,35.76025],[139.76941,35.76037],[139.76892,35.76053],[139.7685,35.76069],[139.76807,35.76086],[139.76767,35.76106],[139.76692,35.76145],[139.76619,35.76184]],[[139.71419,35.74945],[139.71291,35.74959],[139.71223,35.74968],[139.71192,35.74971],[139.71169,35.74972],[139.7113,35.74973],[139.71092,35.74972],[139.71051,35.7497],[139.71009,35.74968],[139.70988,35.74967],[139.70963,35.74966],[139.70951,35.74965],[139.70942,35.74963],[139.70935,35.74962],[139.70928,35.7496],[139.70921,35.74958],[139.70913,35.74955],[139.70905,35.74952],[139.70898,35.74948],[139.7089,35.74943],[139.70883,35.74938],[139.70877,35.74933],[139.70872,35.74929],[139.70867,35.74924],[139.70863,35.74919],[139.70859,35.74913],[139.70855,35.74908],[139.70853,35.74903],[139.70849,35.74895],[139.70845,35.74885],[139.70842,35.74876],[139.7084,35.74867],[139.70838,35.74857],[139.70837,35.74845],[139.70836,35.74833],[139.70834,35.7482],[139.70831,35.74742]],[[139.82105,35.75174],[139.82101,35.75077],[139.82101,35.75047],[139.82102,35.75011],[139.82106,35.74978],[139.82114,35.74945],[139.82121,35.74924],[139.8213,35.74899],[139.82143,35.74871],[139.82162,35.74835],[139.82249,35.74675]],[[139.85097,35.65276],[139.85088,35.65145]],[[139.82249,35.74675],[139.82282,35.74622],[139.8231,35.74572],[139.82357,35.74487]],[[139.8224,35.74672],[139.82173,35.74795],[139.82146,35.74841],[139.82131,35.74869],[139.82119,35.74896],[139.82107,35.74926],[139.82102,35.74942],[139.82096,35.74965],[139.82093,35.7498],[139.82091,35.74998],[139.8209,35.75018],[139.82089,35.75046],[139.8209,35.75098],[139.82094,35.75173]],[[139.82357,35.74487],[139.82556,35.74125],[139.82575,35.7409],[139.8262,35.74013],[139.82668,35.73939],[139.82698,35.73895],[139.82718,35.73867],[139.8276,35.73811],[139.82831,35.73728],[139.82881,35.73673],[139.82929,35.73621],[139.82958,35.73591],[139.82986,35.73562],[139.83018,35.73531],[139.83051,35.735],[139.83083,35.7347],[139.83113,35.73441],[139.83133,35.73423],[139.83181,35.73378],[139.83215,35.73345],[139.8325,35.73312],[139.83285,35.73282],[139.83322,35.73247],[139.83359,35.73211],[139.83397,35.73174],[139.83434,35.73138],[139.83471,35.73103],[139.83507,35.73068],[139.83543,35.73033],[139.83578,35.72998],[139.83611,35.72964],[139.83687,35.72886],[139.83738,35.72837],[139.8377,35.72806],[139.83801,35.72776],[139.83874,35.72708],[139.84049,35.72541],[139.84125,35.72468],[139.84164,35.72429]],[[139.76485,35.7628],[139.76453,35.7631],[139.76438,35.76325],[139.76423,35.7634],[139.7641,35.76355],[139.76397,35.7637],[139.76387,35.76384],[139.76375,35.76402],[139.76361,35.76424],[139.7635,35.76444],[139.76328,35.76486],[139.76321,35.76499],[139.76313,35.76512],[139.76306,35.76522],[139.763,35.7653],[139.76294,35.76537],[139.76288,35.76542],[139.76282,35.76547],[139.76276,35.76551],[139.7627,35.76555],[139.76264,35.76559],[139.76258,35.76562],[139.7625,35.76565],[139.76241,35.76568],[139.7623,35.76571],[139.76222,35.76573],[139.76215,35.76575],[139.76208,35.76576],[139.762,35.76576],[139.76192,35.76577],[139.76184,35.76577],[139.76176,35.76576],[139.76167,35.76575],[139.76157,35.76574],[139.76144,35.76571],[139.76129,35.76568],[139.76106,35.7656],[139.7608,35.7655],[139.75996,35.76514]],[[139.7663,35.76199],[139.76702,35.7616],[139.76777,35.7612],[139.76818,35.76101],[139.76858,35.76083],[139.769,35.76067],[139.76947,35.76051],[139.76985,35.7604],[139.77021,35.76031],[139.77134,35.76005],[139.77214,35.75989],[139.77254,35.75982],[139.77295,35.75976],[139.77345,35.75969],[139.77384,35.75965],[139.77424,35.75962],[139.77464,35.7596],[139.77503,35.75958],[139.77543,35.75957],[139.77578,35.75956],[139.77614,35.75955],[139.77653,35.75956],[139.77696,35.75957],[139.77738,35.75958],[139.77816,35.75961],[139.77864,35.75963],[139.77893,35.75964],[139.77946,35.75968],[139.77988,35.75971],[139.78029,35.75975],[139.7807,35.75979],[139.78144,35.75988],[139.78211,35.75997],[139.7836,35.76018],[139.78563,35.76049],[139.78728,35.76074],[139.78827,35.76089],[139.7903,35.76121],[139.79169,35.76145],[139.79325,35.76169],[139.79425,35.76184],[139.79497,35.76194],[139.79549,35.76201],[139.79602,35.76206],[139.79652,35.7621],[139.797,35.76212],[139.79756,35.76215],[139.79825,35.76216],[139.79896,35.76215],[139.79957,35.76213],[139.80016,35.7621],[139.80097,35.76203],[139.80141,35.76198],[139.80185,35.76191],[139.80254,35.7618],[139.80285,35.76174],[139.80378,35.76155],[139.80443,35.76141],[139.80507,35.76125],[139.80586,35.76102],[139.80626,35.7609],[139.80667,35.76077],[139.80747,35.76049],[139.80807,35.76026],[139.80851,35.76008],[139.80887,35.75992],[139.80927,35.75974],[139.8096,35.75958],[139.8098,35.75947],[139.81032,35.75918],[139.81069,35.75896],[139.81145,35.75852],[139.81188,35.75825],[139.81201,35.75816],[139.81232,35.75796],[139.81284,35.75759],[139.81332,35.75723],[139.81386,35.7568],[139.81437,35.75636],[139.81469,35.75607],[139.81516,35.75567],[139.816,35.75488]],[[139.74111,35.75279],[139.74094,35.75268],[139.74075,35.75258],[139.74033,35.75238]],[[139.7403,35.75246],[139.74063,35.75261],[139.74085,35.75273],[139.74104,35.75285]],[[139.76619,35.76184],[139.76583,35.76206],[139.76551,35.76227],[139.76534,35.7624],[139.76518,35.76252],[139.76501,35.76266],[139.76485,35.7628]],[[139.76211,35.7666],[139.76207,35.76653],[139.76203,35.76645],[139.76196,35.76637],[139.76189,35.76628],[139.76183,35.76621],[139.76176,35.76614],[139.76167,35.76606],[139.76158,35.76599],[139.76141,35.76588],[139.7612,35.76576],[139.76098,35.76564],[139.75996,35.76514]],[[139.75994,35.76518],[139.76084,35.76556],[139.76107,35.76564],[139.76127,35.76571],[139.76143,35.76575],[139.76156,35.76577],[139.76169,35.76579],[139.76183,35.7658],[139.76196,35.76579],[139.76208,35.76578],[139.7622,35.76577],[139.76231,35.76574],[139.76243,35.76571],[139.76252,35.76568],[139.76259,35.76564],[139.76266,35.76561],[139.76272,35.76558],[139.76278,35.76554],[139.76284,35.7655],[139.76291,35.76544],[139.76296,35.7654],[139.76303,35.76533],[139.7631,35.76524],[139.76318,35.76514],[139.76327,35.76501],[139.76345,35.76473],[139.76367,35.76438],[139.76381,35.76417],[139.76394,35.76398],[139.76415,35.7637],[139.76437,35.76346],[139.76459,35.76324],[139.76484,35.76301],[139.76507,35.76282],[139.76531,35.76263],[139.76559,35.76243],[139.7657,35.76235],[139.76596,35.7622]],[[139.74392,35.75663],[139.74375,35.75656],[139.74367,35.75652],[139.74359,35.75648],[139.74351,35.75644],[139.74344,35.7564],[139.74336,35.75635],[139.74328,35.75629],[139.74321,35.75624],[139.74315,35.75618],[139.74309,35.75613],[139.74303,35.75607],[139.74293,35.75595],[139.74287,35.75588],[139.74282,35.7558],[139.74276,35.75571],[139.74271,35.75558],[139.74262,35.75538],[139.74253,35.75512],[139.74235,35.75445],[139.74229,35.75426],[139.74222,35.75407],[139.74215,35.75393],[139.74206,35.75376],[139.74194,35.75358],[139.74182,35.75342],[139.74167,35.75325],[139.7415,35.75309],[139.74131,35.75294],[139.74111,35.75279]],[[139.73588,35.74986],[139.73642,35.75021],[139.73696,35.75056],[139.73778,35.75111],[139.73856,35.75159],[139.73924,35.75197],[139.73985,35.75227],[139.7403,35.75246]],[[139.73589,35.74985],[139.73473,35.74906],[139.73399,35.74853],[139.7314,35.74666]],[[139.70788,35.74266],[139.70791,35.74271],[139.70794,35.74277],[139.70797,35.74283],[139.70803,35.74298],[139.70807,35.74312],[139.7081,35.74325],[139.70812,35.74338],[139.70815,35.74352],[139.70816,35.74367],[139.70817,35.74388],[139.70818,35.74429],[139.70824,35.74584],[139.70827,35.74742]],[[139.82348,35.74485],[139.82301,35.74569],[139.8224,35.74672]],[[139.82826,35.73711],[139.82773,35.73774],[139.82751,35.73801],[139.82731,35.73829],[139.82714,35.73853],[139.82687,35.7389],[139.82657,35.73935],[139.8261,35.7401],[139.82582,35.74059],[139.82547,35.74122],[139.82452,35.74293],[139.82404,35.74381],[139.82348,35.74485]],[[139.68831,35.67803],[139.68818,35.67771],[139.68812,35.67753],[139.68807,35.67739],[139.68803,35.67722],[139.688,35.67696],[139.68798,35.67675],[139.68797,35.67629],[139.68796,35.67606],[139.68792,35.67519],[139.6879,35.67452],[139.68784,35.67288],[139.6878,35.67184],[139.68781,35.67139],[139.68785,35.67103],[139.68793,35.67015],[139.68796,35.66969],[139.68804,35.66788],[139.68805,35.66683],[139.68805,35.66634],[139.68803,35.66595],[139.688,35.6655],[139.68799,35.66528],[139.68796,35.66498],[139.68786,35.66396],[139.68778,35.66327],[139.68776,35.66314],[139.68774,35.66302],[139.68773,35.6629],[139.68772,35.66279],[139.68772,35.66264],[139.68773,35.6625],[139.68773,35.66238],[139.68775,35.66224],[139.68777,35.66212],[139.6878,35.66199],[139.68783,35.66188],[139.68787,35.66178],[139.68791,35.66167],[139.68796,35.66157],[139.68801,35.66147],[139.68807,35.66136],[139.68814,35.66127],[139.68821,35.66117],[139.68828,35.66107],[139.69045,35.65846],[139.69059,35.65829],[139.69068,35.65817],[139.69072,35.65811],[139.69076,35.65805],[139.6908,35.65799],[139.69083,35.65792],[139.69086,35.65786],[139.69089,35.65779],[139.69092,35.65773],[139.69094,35.65766],[139.69096,35.6576],[139.69098,35.65753],[139.69099,35.65747],[139.691,35.6574],[139.69101,35.65734],[139.69101,35.65727],[139.69102,35.65721],[139.69102,35.65714],[139.69102,35.65707],[139.69101,35.65699],[139.69101,35.65693],[139.691,35.65686],[139.69099,35.65679],[139.69097,35.65671],[139.69096,35.65664],[139.69094,35.65657],[139.69091,35.65651],[139.69088,35.65644],[139.69076,35.65618],[139.69014,35.65496],[139.68993,35.65448],[139.68985,35.65425],[139.6898,35.65413],[139.68977,35.65401]],[[139.68843,35.67911],[139.68847,35.67931],[139.68869,35.68082],[139.6887,35.68094],[139.68871,35.68106],[139.68871,35.68119],[139.68871,35.68132],[139.68869,35.68146],[139.68866,35.68158],[139.68862,35.6817],[139.68857,35.68181],[139.68852,35.6819],[139.68847,35.68198],[139.6884,35.68207],[139.68832,35.68216],[139.68822,35.68227],[139.68805,35.68243],[139.68755,35.68295],[139.68645,35.68409],[139.68596,35.68467],[139.68551,35.68525],[139.68524,35.68561],[139.68486,35.68612],[139.68471,35.6863],[139.68454,35.68649],[139.68437,35.68667],[139.68395,35.68708],[139.6828,35.6882],[139.68243,35.68856],[139.68224,35.68877],[139.68217,35.68886],[139.68205,35.689],[139.68194,35.68915],[139.68187,35.68927],[139.68179,35.68941],[139.68172,35.68956],[139.68167,35.68969],[139.68163,35.68983],[139.68159,35.69002],[139.68156,35.69021],[139.68154,35.69045],[139.68155,35.69066],[139.68158,35.6909],[139.68162,35.6912],[139.68185,35.69228],[139.68196,35.69289],[139.68208,35.69351],[139.68233,35.6948],[139.68274,35.69676],[139.6828,35.69713],[139.68287,35.69765],[139.68292,35.69828],[139.68297,35.69913],[139.68299,35.69944],[139.68301,35.69965],[139.68301,35.69975],[139.68302,35.69994],[139.68302,35.70004],[139.683,35.70026],[139.68299,35.70035],[139.68298,35.70045],[139.68294,35.70061],[139.68291,35.70075],[139.68287,35.70088],[139.68277,35.7011],[139.6825,35.70172],[139.68243,35.70191],[139.68237,35.70208],[139.68233,35.70224],[139.6823,35.70243],[139.68228,35.70261],[139.68227,35.70281],[139.68228,35.70299],[139.68229,35.70316],[139.68256,35.70547],[139.68262,35.70589],[139.68265,35.70601],[139.68267,35.70612],[139.68276,35.70638],[139.68281,35.70653],[139.68292,35.70677],[139.6853,35.71192]],[[139.73139,35.74667],[139.73399,35.74855]],[[139.7314,35.74666],[139.73103,35.74638],[139.73065,35.7461],[139.73017,35.74574],[139.72989,35.74556],[139.72958,35.74537],[139.7294,35.74528],[139.72921,35.74519],[139.72909,35.74515],[139.72896,35.74511],[139.72883,35.74508],[139.72871,35.74506],[139.72857,35.74504],[139.72843,35.74503],[139.72829,35.74502],[139.72815,35.74502],[139.72803,35.74503],[139.72791,35.74504],[139.72776,35.74507],[139.72763,35.7451],[139.72743,35.74516],[139.7273,35.74521],[139.72716,35.74526],[139.727,35.74533],[139.72689,35.74538],[139.72676,35.74546],[139.72666,35.74552],[139.72598,35.74594],[139.72483,35.74669],[139.72343,35.74759],[139.72275,35.748],[139.72242,35.74822],[139.72225,35.74832],[139.72201,35.74843],[139.7219,35.74847],[139.72178,35.74851],[139.72163,35.74856],[139.72149,35.74859],[139.72134,35.74862],[139.72112,35.74866],[139.72075,35.7487],[139.72035,35.74874],[139.71978,35.74879],[139.71765,35.74903],[139.71728,35.74908],[139.71647,35.74915],[139.71589,35.74922],[139.71534,35.74929],[139.71487,35.74934],[139.71419,35.74945]],[[139.84164,35.72429],[139.84188,35.72402],[139.84205,35.72379],[139.84219,35.72356],[139.84231,35.72332],[139.84255,35.7227],[139.84262,35.72251],[139.84271,35.72232],[139.84281,35.72213],[139.84289,35.722],[139.843,35.72185],[139.84316,35.72164],[139.84345,35.72133],[139.84376,35.72104],[139.84407,35.72074]],[[139.84399,35.72068],[139.84363,35.72101],[139.84324,35.72137],[139.84303,35.72161],[139.84287,35.72179],[139.84276,35.72195],[139.84267,35.72209],[139.84258,35.72228],[139.84249,35.72248],[139.84241,35.72268],[139.84217,35.72329],[139.84206,35.72352],[139.84192,35.72375],[139.84177,35.72397],[139.84156,35.72423]],[[139.84407,35.72074],[139.84507,35.71985],[139.84656,35.71845],[139.84741,35.71763],[139.84793,35.71713],[139.84878,35.7163],[139.84948,35.71563],[139.85004,35.71508],[139.85063,35.71452],[139.85132,35.71385],[139.85188,35.71332],[139.85229,35.71293],[139.8527,35.71253],[139.85302,35.71221],[139.85332,35.71188],[139.85365,35.71151],[139.85391,35.71122],[139.85423,35.71086],[139.85452,35.71054],[139.85484,35.71015],[139.85513,35.70979],[139.85537,35.70949],[139.85567,35.70909],[139.85592,35.70875],[139.85616,35.7084],[139.8564,35.70807],[139.85662,35.70773],[139.85684,35.7074],[139.85704,35.70709],[139.85727,35.70671],[139.85748,35.70635],[139.85768,35.706],[139.85786,35.70565],[139.85804,35.7053],[139.8582,35.70495],[139.85836,35.70459],[139.85851,35.70422],[139.85867,35.70384],[139.85881,35.70344],[139.85895,35.70304],[139.85908,35.70265],[139.85917,35.70237],[139.85932,35.70187],[139.85943,35.70147],[139.85953,35.70107],[139.85965,35.70047],[139.85975,35.6999],[139.85983,35.69939],[139.85994,35.6984],[139.85997,35.69786],[139.85999,35.6972],[139.85998,35.69655],[139.85997,35.69605],[139.85993,35.69558],[139.85988,35.69511],[139.85983,35.69467],[139.85976,35.69422],[139.85969,35.69376],[139.8596,35.6933],[139.85951,35.69285],[139.85931,35.6921],[139.85914,35.69154],[139.85898,35.69104],[139.8588,35.69053],[139.85855,35.68992],[139.85832,35.68935],[139.8581,35.6889],[139.85791,35.68851],[139.85762,35.68794],[139.85741,35.68756],[139.8572,35.68719],[139.85696,35.6868],[139.85676,35.68648],[139.85646,35.68602],[139.85615,35.68558],[139.85585,35.68517],[139.85551,35.68466],[139.85266,35.68066],[139.85225,35.68007],[139.85203,35.67973],[139.85177,35.6793],[139.85156,35.67894],[139.85135,35.67855],[139.85117,35.67818],[139.85099,35.67779],[139.85082,35.6774],[139.85068,35.67701],[139.85054,35.67663],[139.85043,35.67625],[139.85033,35.67587],[139.85023,35.67548],[139.85015,35.67509],[139.85009,35.67471],[139.85004,35.67432],[139.85,35.67394],[139.84997,35.67355],[139.84994,35.67318],[139.84991,35.6728],[139.84985,35.67208],[139.84971,35.67007],[139.84963,35.66929],[139.84945,35.66617],[139.84931,35.66423],[139.84914,35.66179],[139.84911,35.66142],[139.84911,35.66099],[139.84913,35.66073],[139.84916,35.66051],[139.84922,35.66029],[139.8493,35.66007],[139.84937,35.65993],[139.84946,35.65977],[139.84956,35.65962],[139.84968,35.65944],[139.84986,35.65922],[139.85007,35.65898],[139.85029,35.65874],[139.85049,35.65851],[139.85066,35.65827],[139.85083,35.65802],[139.85097,35.65776],[139.85101,35.65768],[139.8511,35.65746],[139.85115,35.65728],[139.8512,35.65708],[139.85123,35.65687],[139.85124,35.65674],[139.85123,35.65639],[139.85108,35.65416],[139.85103,35.65378],[139.85097,35.65276]],[[139.84156,35.72423],[139.84117,35.72463],[139.84042,35.72536],[139.83866,35.72704],[139.83836,35.72733],[139.83795,35.7277],[139.8367,35.72889],[139.83608,35.72952],[139.83534,35.73022],[139.83496,35.73058],[139.83459,35.73095],[139.83422,35.7313],[139.83389,35.73163],[139.83351,35.73199],[139.83312,35.73236],[139.83275,35.73271],[139.8324,35.73304],[139.83205,35.73338],[139.83174,35.73365],[139.83136,35.73402],[139.83104,35.73431],[139.83071,35.73461],[139.83039,35.73492],[139.83006,35.73523],[139.82974,35.73554],[139.82945,35.73583],[139.82914,35.73614],[139.82886,35.73647],[139.82857,35.73679],[139.82826,35.73711]],[[139.68996,35.71984],[139.69272,35.72273],[139.69349,35.72354],[139.69415,35.72423],[139.69433,35.72445],[139.69454,35.72472],[139.69483,35.72514],[139.69499,35.72538],[139.69642,35.72758],[139.69718,35.72883],[139.69738,35.72918],[139.69754,35.72948],[139.69968,35.73383]],[[139.68834,35.71814],[139.68996,35.71984]],[[139.69009,35.71977],[139.68921,35.71885],[139.68861,35.71827],[139.68844,35.71809]],[[139.68582,35.71271],[139.6855,35.71202],[139.68489,35.71076],[139.68441,35.7098],[139.68417,35.70928],[139.68396,35.7088],[139.68318,35.70708],[139.68289,35.70644],[139.68284,35.70632],[139.6828,35.70621],[139.68277,35.70611],[139.68274,35.706],[139.68272,35.70588],[139.6827,35.70573],[139.68267,35.70539],[139.68251,35.70415],[139.68241,35.70325],[139.68239,35.703],[139.68238,35.70281],[139.68238,35.70261],[139.6824,35.70244],[139.68242,35.70226],[139.68246,35.70209],[139.68252,35.70193],[139.6826,35.70175],[139.68289,35.70113],[139.68297,35.7009],[139.68302,35.70077],[139.68306,35.70062],[139.68309,35.70043],[139.68312,35.70027],[139.68313,35.70005],[139.68314,35.6998],[139.68313,35.6994],[139.68303,35.69764],[139.68299,35.69712],[139.68294,35.69674],[139.68285,35.69616],[139.68234,35.69349],[139.68223,35.69288],[139.68209,35.69226],[139.68188,35.69118],[139.68183,35.69089],[139.6818,35.69067],[139.6818,35.69046],[139.68182,35.69024],[139.68184,35.69005],[139.68189,35.68985],[139.68193,35.68973],[139.68197,35.6896],[139.68202,35.68948],[139.68209,35.68935],[139.68217,35.68922],[139.68227,35.68908],[139.68238,35.68895],[139.68264,35.68866],[139.68299,35.6883],[139.68414,35.68718],[139.68456,35.68677],[139.68475,35.68659],[139.68493,35.68641],[139.68509,35.68621],[139.68526,35.686],[139.68549,35.68571],[139.6862,35.68477],[139.68656,35.68435],[139.68753,35.68328],[139.68848,35.68225],[139.68855,35.68218],[139.68865,35.68207],[139.68871,35.68198],[139.68877,35.68189],[139.68882,35.68181],[139.68885,35.68172],[139.68889,35.68162],[139.68892,35.68148],[139.68894,35.68132],[139.68893,35.68115],[139.68891,35.68097],[139.68889,35.68074],[139.68882,35.6802],[139.68868,35.67919],[139.6886,35.67886],[139.68851,35.67858],[139.68831,35.67803]],[[139.68844,35.71809],[139.6883,35.71793],[139.68817,35.71774],[139.68807,35.71756],[139.68787,35.71719],[139.68772,35.71685],[139.68751,35.7164],[139.68582,35.71271]],[[139.6853,35.71192],[139.6874,35.71644],[139.6876,35.71689],[139.68763,35.71696],[139.68775,35.71722],[139.68785,35.71743],[139.68794,35.7176],[139.68806,35.71779],[139.6882,35.71798],[139.68834,35.71814]],[[139.82053,35.7432],[139.82194,35.74374],[139.82217,35.74384],[139.82231,35.7439],[139.82242,35.74397],[139.82256,35.74407],[139.82266,35.74414],[139.82275,35.74423],[139.82284,35.74432],[139.8229,35.7444],[139.82295,35.74447],[139.82299,35.74454],[139.82302,35.7446],[139.82305,35.74467],[139.82307,35.74473],[139.8231,35.74483],[139.82311,35.74491],[139.82311,35.745],[139.82311,35.7451],[139.8231,35.74519],[139.82308,35.74531],[139.82304,35.74543],[139.823,35.74554],[139.82294,35.74567],[139.8224,35.74672]],[[139.75304,35.61122],[139.75291,35.60988],[139.75288,35.60934],[139.75287,35.6091]],[[139.68977,35.65401],[139.68974,35.65389],[139.68972,35.65376],[139.68971,35.65365],[139.6897,35.65353],[139.68969,35.65341],[139.68969,35.65322],[139.68969,35.653],[139.68972,35.65188],[139.68973,35.65171],[139.68975,35.65154],[139.68976,35.65143],[139.68978,35.65134],[139.6898,35.65124],[139.68984,35.65113],[139.68987,35.65104],[139.68992,35.65095],[139.68998,35.65084],[139.69005,35.65073],[139.69013,35.65062],[139.6902,35.65054],[139.69033,35.6504],[139.69065,35.65007]],[[139.68997,35.65481],[139.69005,35.65498],[139.69067,35.65619],[139.69079,35.65644],[139.69082,35.65651],[139.69085,35.65658],[139.69087,35.65664],[139.69089,35.65671],[139.69091,35.65678],[139.69092,35.65685],[139.69093,35.65692],[139.69093,35.65699],[139.69094,35.65705],[139.69094,35.65712],[139.69093,35.65719],[139.69093,35.65725],[139.69092,35.65731],[139.69091,35.65737],[139.6909,35.65743],[139.69089,35.65749],[139.69087,35.65756],[139.69085,35.65763],[139.69083,35.6577],[139.6908,35.65777],[139.69077,35.65784],[139.69074,35.6579],[139.69071,35.65796],[139.69068,35.65802],[139.69064,35.65808],[139.6906,35.65814],[139.6905,35.65827],[139.69038,35.65842],[139.68821,35.66103],[139.68812,35.66113],[139.68804,35.66124],[139.68797,35.66135],[139.68792,35.66144],[139.68787,35.66155],[139.68782,35.66165],[139.68777,35.66176],[139.68773,35.66186],[139.6877,35.66197],[139.68766,35.6621],[139.68765,35.66224],[139.68764,35.66236],[139.68763,35.6625],[139.68762,35.66261],[139.68762,35.66277],[139.68763,35.66301],[139.6877,35.66396],[139.68776,35.66499],[139.68778,35.66546],[139.6878,35.66578],[139.68782,35.66595],[139.68783,35.66635],[139.68784,35.66683],[139.6878,35.66788],[139.68773,35.66969],[139.6877,35.6702],[139.68766,35.67063],[139.6876,35.67104]],[[139.75325,35.60647],[139.75314,35.60653],[139.75304,35.60659],[139.75295,35.60665],[139.75287,35.60672],[139.7528,35.6068],[139.75273,35.60688],[139.75268,35.60697],[139.75264,35.60706],[139.75261,35.60715],[139.75259,35.60724],[139.75258,35.60733],[139.75257,35.60742]],[[139.70966,35.63069],[139.71049,35.62954],[139.7107,35.6293],[139.7108,35.62918],[139.71091,35.62907],[139.71103,35.62897],[139.71117,35.62886],[139.71132,35.62876],[139.71143,35.62868],[139.71176,35.62849],[139.71283,35.62792],[139.71509,35.62674],[139.7157,35.62642],[139.71669,35.62587],[139.71759,35.62537],[139.7182,35.62506],[139.71887,35.62474],[139.71969,35.62436],[139.72074,35.62388],[139.72118,35.62368],[139.72196,35.62331],[139.72227,35.62314],[139.72401,35.62211],[139.72418,35.622],[139.72436,35.62188],[139.72453,35.62175],[139.72482,35.62152],[139.72496,35.62142],[139.7251,35.62133],[139.72522,35.62125],[139.72534,35.62118],[139.72547,35.62111],[139.7256,35.62105],[139.72574,35.62099],[139.72589,35.62094],[139.72603,35.6209],[139.72618,35.62086],[139.72632,35.62082],[139.72647,35.62079],[139.72662,35.62077],[139.72677,35.62076],[139.72693,35.62075],[139.72708,35.62074],[139.72723,35.62075],[139.72739,35.62075],[139.72811,35.62081],[139.72833,35.62083],[139.72857,35.62083],[139.72883,35.62083],[139.72908,35.62082],[139.72935,35.62079],[139.7296,35.62076],[139.72982,35.62071],[139.73004,35.62066],[139.73025,35.62059],[139.73043,35.62052],[139.7306,35.62045],[139.73074,35.62038],[139.73086,35.62031],[139.731,35.62023],[139.73116,35.62011],[139.73176,35.61966],[139.73195,35.61953],[139.73214,35.61941],[139.73233,35.61928],[139.73278,35.61902],[139.73317,35.61881],[139.73328,35.61875],[139.73339,35.61868],[139.7335,35.6186],[139.73361,35.61853],[139.73372,35.61845],[139.73382,35.61836],[139.73392,35.61828],[139.734,35.61819],[139.73409,35.6181],[139.73417,35.618],[139.73424,35.61791],[139.73431,35.61781],[139.73437,35.61771],[139.73466,35.6172],[139.73475,35.61707],[139.7348,35.61699],[139.73487,35.6169],[139.73495,35.61681],[139.73505,35.61669],[139.73513,35.61661],[139.73526,35.61648],[139.73542,35.61635],[139.73558,35.61623],[139.73576,35.61612],[139.73596,35.61602],[139.73616,35.61593],[139.73636,35.61586],[139.73657,35.6158],[139.73678,35.61575],[139.73699,35.61571],[139.73722,35.61569],[139.73744,35.61567],[139.73767,35.61566],[139.73789,35.61567],[139.73925,35.61569],[139.73951,35.6157],[139.73977,35.61572],[139.74002,35.61575],[139.74027,35.6158],[139.74604,35.61721],[139.74714,35.61746],[139.74741,35.61753],[139.7477,35.61761],[139.74795,35.61769],[139.7482,35.61778],[139.74846,35.61788],[139.7487,35.61798],[139.7489,35.61805],[139.74911,35.61811],[139.7493,35.61816],[139.74951,35.61819],[139.74972,35.61822],[139.74993,35.61823],[139.75015,35.61824],[139.75034,35.61823],[139.75056,35.61821],[139.75076,35.61818],[139.75095,35.61814],[139.75114,35.61809],[139.75134,35.61802],[139.75151,35.61795],[139.75166,35.61789],[139.75182,35.61781],[139.75197,35.61772],[139.75212,35.61762],[139.75227,35.61751],[139.75242,35.61738],[139.75256,35.61725],[139.75268,35.61711],[139.75279,35.61697],[139.75289,35.61682],[139.75297,35.61668],[139.75305,35.61651],[139.75312,35.61632],[139.75317,35.61613],[139.7532,35.61594],[139.75322,35.61576],[139.75323,35.61558],[139.75322,35.6154],[139.75322,35.61522]],[[139.75277,35.6086],[139.75287,35.6094],[139.75316,35.6123],[139.75325,35.61365],[139.75337,35.61476],[139.75341,35.61523]],[[139.69057,35.65003],[139.69025,35.65036],[139.69011,35.65051],[139.69006,35.65058],[139.69001,35.65065],[139.68996,35.65071],[139.68992,35.65078],[139.68988,35.65084],[139.68984,35.65092],[139.68979,35.65102],[139.68976,35.65111],[139.68972,35.65122],[139.68969,35.65132],[139.68967,35.65142],[139.68966,35.65153],[139.68965,35.6517],[139.68964,35.65187],[139.68959,35.653],[139.68959,35.65322],[139.68959,35.65341],[139.68959,35.65354],[139.68959,35.65366],[139.68961,35.65377],[139.68963,35.6539],[139.68966,35.65403],[139.6897,35.65414],[139.68975,35.65428],[139.68983,35.65452],[139.68997,35.65481]],[[139.69576,35.72629],[139.69502,35.72511],[139.69467,35.72459],[139.69448,35.72435],[139.69438,35.72424],[139.69423,35.72408],[139.69321,35.72305],[139.6927,35.72251]],[[139.70191,35.73626],[139.7016,35.73598],[139.70094,35.73541],[139.70076,35.73524],[139.70063,35.73511],[139.7005,35.73497],[139.70038,35.73482],[139.70021,35.7346],[139.70018,35.73454]],[[139.85098,35.65417],[139.851,35.65446]],[[139.69065,35.65007],[139.69101,35.64976],[139.69125,35.64955],[139.69151,35.64936],[139.69185,35.64913],[139.69221,35.64891],[139.69361,35.64801],[139.69448,35.64748],[139.69464,35.64738],[139.69586,35.64655],[139.69599,35.64647],[139.69657,35.64612],[139.69686,35.64595],[139.69716,35.64577],[139.69738,35.64563],[139.69759,35.64548],[139.69781,35.64531],[139.69846,35.64475]],[[139.85078,35.65158],[139.85093,35.65376],[139.85098,35.65417]],[[139.69963,35.64401],[139.69861,35.64484]],[[139.69951,35.64392],[139.69968,35.64378],[139.69977,35.64369],[139.69987,35.6436],[139.70015,35.6433],[139.70078,35.64254],[139.70172,35.64142],[139.70208,35.64098],[139.70249,35.64047],[139.70332,35.63944],[139.70381,35.63882],[139.70424,35.63827],[139.70494,35.63737],[139.70554,35.63664],[139.70582,35.63631],[139.70608,35.63597],[139.70652,35.63534],[139.70694,35.6347],[139.70746,35.63392],[139.70902,35.63161],[139.70947,35.63095],[139.70966,35.63069]],[[139.69846,35.64475],[139.69951,35.64392]],[[139.69861,35.64484],[139.69792,35.64541],[139.69771,35.64557],[139.69749,35.64574],[139.69727,35.64588],[139.69698,35.64605],[139.69215,35.64884],[139.69178,35.64908],[139.69144,35.64931],[139.69118,35.6495],[139.69093,35.6497],[139.69057,35.65003]],[[139.74104,35.75285],[139.74124,35.75298],[139.74142,35.75314],[139.74159,35.7533],[139.74172,35.75345],[139.74185,35.75361],[139.74197,35.75379],[139.74206,35.75395],[139.74214,35.75411],[139.74221,35.75428],[139.74226,35.75445],[139.74245,35.75514],[139.74252,35.75537],[139.74259,35.75558],[139.74267,35.75575],[139.74272,35.75583],[139.74277,35.75592],[139.74284,35.756],[139.74293,35.75612],[139.743,35.75618],[139.74306,35.75624],[139.74313,35.7563],[139.7432,35.75636],[139.74328,35.75642],[139.74337,35.75648],[139.74344,35.75652],[139.74352,35.75656],[139.7436,35.7566],[139.74368,35.75664],[139.7439,35.75672],[139.74412,35.7568],[139.74608,35.75744],[139.74658,35.7576],[139.74678,35.75767],[139.74698,35.75775],[139.74713,35.75782],[139.74725,35.75789],[139.74742,35.75798],[139.7477,35.75817],[139.74797,35.75838],[139.74818,35.75856],[139.74848,35.75881],[139.74883,35.75907],[139.749,35.75917],[139.74913,35.75925],[139.74931,35.75934],[139.74945,35.75942],[139.74975,35.75955],[139.75007,35.75969],[139.75046,35.75986],[139.75083,35.76003],[139.75117,35.7602],[139.75145,35.76035],[139.75174,35.76051],[139.75345,35.76152],[139.75431,35.76201],[139.75483,35.7623],[139.75518,35.76252],[139.75655,35.76335],[139.75723,35.76377],[139.75757,35.76398],[139.75799,35.76422],[139.75832,35.7644],[139.75871,35.7646],[139.75994,35.76518]],[[139.75341,35.61523],[139.75341,35.61541],[139.75342,35.61556],[139.75341,35.61576],[139.75339,35.61596],[139.75336,35.61616],[139.7533,35.61637],[139.75323,35.61656],[139.75315,35.61673],[139.75307,35.61687],[139.75296,35.61704],[139.75285,35.61719],[139.75271,35.61735],[139.75258,35.61747],[139.75243,35.6176],[139.75227,35.61773],[139.75209,35.61784],[139.75192,35.61794],[139.75176,35.61802],[139.75159,35.6181],[139.75142,35.61816],[139.75123,35.61822],[139.75102,35.61828],[139.75082,35.61832],[139.7506,35.61836],[139.75037,35.61838],[139.75015,35.61839],[139.74992,35.61839],[139.74969,35.61837],[139.74948,35.61834],[139.74926,35.6183],[139.74904,35.61825],[139.74883,35.61819],[139.74863,35.61812],[139.74838,35.61802],[139.74812,35.61792],[139.74788,35.61783],[139.74763,35.61775],[139.74736,35.61767],[139.74709,35.6176],[139.74599,35.61735],[139.74021,35.61595],[139.73998,35.61591],[139.73974,35.61588],[139.73949,35.61586],[139.73925,35.61585],[139.73789,35.61582],[139.73768,35.61581],[139.73747,35.61582],[139.73725,35.61583],[139.73704,35.61586],[139.73686,35.61589],[139.73671,35.61593],[139.73656,35.61597],[139.73644,35.61601],[139.73625,35.61609],[139.73606,35.61617],[139.73589,35.61625],[139.73572,35.61635],[139.73556,35.61646],[139.73541,35.61658],[139.73526,35.61671],[139.73514,35.61684],[139.73503,35.61697],[139.73492,35.61712],[139.73483,35.61727],[139.73455,35.61776],[139.73448,35.61787],[139.73442,35.61797],[139.73434,35.61808],[139.73426,35.61818],[139.73418,35.61827],[139.73409,35.61837],[139.73399,35.61845],[139.73388,35.61854],[139.73378,35.61862],[139.73366,35.6187],[139.73354,35.61878],[139.73342,35.61885],[139.73329,35.61892],[139.73292,35.61912],[139.73245,35.61941],[139.73226,35.61953],[139.73208,35.61965],[139.73192,35.61976],[139.73131,35.62022],[139.73114,35.62035],[139.73094,35.62046],[139.73074,35.62056],[139.73055,35.62064],[139.73034,35.62072],[139.73011,35.62079],[139.72987,35.62086],[139.72961,35.62091],[139.72936,35.62094],[139.72911,35.62097],[139.72885,35.62099],[139.72857,35.62099],[139.72831,35.62098],[139.72806,35.62097],[139.72738,35.6209],[139.72723,35.6209],[139.72709,35.6209],[139.72695,35.6209],[139.72681,35.62091],[139.72667,35.62092],[139.72652,35.62095],[139.72638,35.62097],[139.72624,35.621],[139.72611,35.62104],[139.72598,35.62108],[139.72585,35.62112],[139.72573,35.62117],[139.72561,35.62123],[139.72549,35.62128],[139.72536,35.62136],[139.72526,35.62143],[139.72511,35.62152],[139.72498,35.62162],[139.72449,35.62202],[139.72433,35.62213],[139.72241,35.6233],[139.72188,35.62359],[139.72122,35.62391],[139.7198,35.62454],[139.71898,35.62492],[139.71833,35.62523],[139.71771,35.62555],[139.7168,35.62603],[139.7158,35.62655],[139.71507,35.62694],[139.71415,35.62742],[139.71303,35.62801],[139.71197,35.62858],[139.71165,35.62876],[139.71154,35.62883],[139.71142,35.62891],[139.71131,35.62899],[139.71119,35.62908],[139.71108,35.62918],[139.71098,35.62928],[139.71087,35.6294],[139.71068,35.62962],[139.70998,35.63055],[139.70917,35.63168],[139.70761,35.63398],[139.7071,35.63478],[139.70669,35.63541],[139.70625,35.63603],[139.70598,35.63639],[139.70571,35.63673],[139.70512,35.63743],[139.70398,35.63891],[139.70349,35.63952],[139.70265,35.64054],[139.70222,35.64105],[139.70186,35.64149],[139.70087,35.64267],[139.70028,35.64337],[139.70017,35.6435],[139.70001,35.64367],[139.69992,35.64375],[139.69983,35.64383],[139.69973,35.64392],[139.69963,35.64401]],[[139.75322,35.61522],[139.75319,35.61475],[139.75318,35.61429],[139.75318,35.61367],[139.75316,35.61296],[139.75304,35.61122]],[[139.75257,35.60742],[139.75258,35.60752],[139.75259,35.6076],[139.75261,35.6077],[139.75277,35.6086]],[[139.6876,35.67104],[139.68755,35.67149],[139.68754,35.6721],[139.68757,35.67259],[139.68759,35.67291]],[[139.68759,35.67291],[139.6876,35.67328]],[[139.6876,35.67328],[139.68762,35.67356],[139.68763,35.67403],[139.68768,35.6752],[139.68773,35.6763]],[[139.68773,35.6763],[139.68774,35.67663],[139.68776,35.67689],[139.68779,35.67717],[139.68784,35.67736],[139.68788,35.67753],[139.68795,35.67776],[139.6882,35.67841],[139.6883,35.67868],[139.68838,35.67892],[139.68843,35.67911]],[[139.73399,35.74855],[139.73472,35.74907],[139.73588,35.74986]],[[139.76534,35.76266],[139.7656,35.76246],[139.76596,35.7622],[139.7663,35.76199]],[[139.70018,35.73454],[139.69996,35.73419],[139.69974,35.73378]],[[139.69947,35.73322],[139.69925,35.73278]],[[139.69925,35.73278],[139.69848,35.73118],[139.69779,35.72969]],[[139.69779,35.72969],[139.69777,35.72965],[139.69739,35.72892],[139.69703,35.72832],[139.69662,35.72767],[139.6965,35.72746],[139.6962,35.72697],[139.69576,35.72629]],[[139.6927,35.72251],[139.6909,35.72062],[139.69009,35.71977]]]}},{"type":"Feature","properties":{"ref":"9","name":"首都高速9号深川線","type":"expressway"},"geometry":{"type":"MultiLineString","coordinates":[[[139.79972,35.67312],[139.80106,35.67287],[139.80197,35.67272],[139.80322,35.67251],[139.80364,35.67243],[139.80381,35.6724],[139.80393,35.67236],[139.80401,35.67234],[139.80411,35.6723],[139.80421,35.67225],[139.8043,35.6722],[139.80437,35.67216],[139.80444,35.67211],[139.8045,35.67206],[139.80456,35.67201],[139.8046,35.67197],[139.80465,35.67192],[139.80469,35.67187],[139.80473,35.67181],[139.80476,35.67177],[139.80479,35.67172],[139.80481,35.67168],[139.80485,35.67158],[139.80487,35.67153],[139.80488,35.67148],[139.80489,35.67142],[139.8049,35.67133],[139.80491,35.67123],[139.8049,35.67112],[139.80489,35.67103],[139.80487,35.67094],[139.80483,35.67079],[139.80475,35.67043],[139.80471,35.67017],[139.8047,35.67005],[139.80469,35.66998],[139.80469,35.66991],[139.8047,35.66982],[139.80471,35.66973],[139.80473,35.66964],[139.80474,35.66958],[139.80477,35.66947],[139.80481,35.66938],[139.80484,35.66931],[139.80493,35.66911],[139.80505,35.66886],[139.80515,35.66864],[139.80522,35.66845],[139.8053,35.6682],[139.80532,35.66811],[139.80533,35.66804],[139.80535,35.66792],[139.80535,35.66778]],[[139.78858,35.6791],[139.78844,35.67917],[139.78828,35.67926],[139.78815,35.67935],[139.78803,35.67946],[139.78791,35.67958],[139.78779,35.67971],[139.78767,35.67985],[139.78729,35.68036]],[[139.80535,35.66778],[139.80532,35.66515],[139.80532,35.66497],[139.80533,35.66481],[139.80534,35.6646],[139.80536,35.66445],[139.8054,35.66421],[139.80546,35.66376],[139.8055,35.6635],[139.80554,35.66325],[139.8056,35.66305],[139.80566,35.66286],[139.80571,35.66275],[139.8058,35.66255],[139.80598,35.66224],[139.80636,35.66164],[139.80655,35.66131],[139.80677,35.66093],[139.8069,35.66068],[139.80719,35.66017],[139.80738,35.65983],[139.80746,35.65971],[139.80755,35.65958],[139.80765,35.65945],[139.80775,35.65933],[139.80787,35.6592],[139.80853,35.65851],[139.80971,35.6573],[139.81049,35.6565],[139.81056,35.65643],[139.81065,35.65631],[139.81075,35.65619],[139.81081,35.65609],[139.81088,35.65599],[139.81094,35.65588],[139.81101,35.65573],[139.81106,35.6556],[139.81111,35.65545],[139.81115,35.65529],[139.81123,35.65496],[139.81225,35.64805]],[[139.81225,35.64805],[139.81241,35.64718]],[[139.80129,35.6728],[139.7998,35.67302],[139.79947,35.67307],[139.79827,35.67329],[139.79796,35.67336],[139.79746,35.67346],[139.79714,35.67354],[139.79711,35.67355],[139.79675,35.67363],[139.79656,35.67368],[139.79638,35.67373],[139.79622,35.67379],[139.79607,35.67385],[139.79595,35.67391],[139.79585,35.67396],[139.79576,35.67402],[139.79569,35.67407],[139.79561,35.67413],[139.79551,35.67423],[139.79542,35.67433],[139.79537,35.67438],[139.79531,35.67447],[139.79525,35.67457],[139.79521,35.67465],[139.79517,35.67474],[139.79514,35.67482],[139.79507,35.67506],[139.79493,35.67552],[139.79483,35.67588],[139.79479,35.67598],[139.79472,35.67613],[139.79465,35.67623],[139.79458,35.67634],[139.79453,35.67641],[139.79447,35.67647],[139.79441,35.67653],[139.79433,35.67659],[139.79426,35.67664],[139.7942,35.67668],[139.79401,35.67678],[139.79377,35.6769],[139.7935,35.67702],[139.79319,35.67715],[139.7922,35.67759],[139.79167,35.67783],[139.79008,35.67849],[139.78973,35.67862]],[[139.79047,35.67842],[139.79134,35.67807],[139.79229,35.6777],[139.79329,35.67733],[139.79389,35.67708],[139.79406,35.677],[139.79415,35.67695],[139.79426,35.6769],[139.79434,35.67685],[139.79443,35.6768],[139.79451,35.67674],[139.79459,35.67668],[139.79466,35.67662],[139.79473,35.67655],[139.79479,35.67647],[139.79485,35.6764],[139.7949,35.67632],[139.79494,35.67625],[139.79498,35.67618],[139.79504,35.67604],[139.7951,35.67587],[139.79518,35.67565],[139.79526,35.67537],[139.79534,35.67512],[139.79544,35.67484],[139.7955,35.67472],[139.79554,35.67462],[139.7956,35.67452],[139.79567,35.67444],[139.79574,35.67435],[139.79582,35.67427],[139.79589,35.6742],[139.79601,35.67411],[139.79614,35.67402],[139.79626,35.67396],[139.79638,35.6739],[139.79653,35.67384],[139.79667,35.6738],[139.79684,35.67375],[139.79784,35.67351]],[[139.81214,35.64804],[139.81116,35.65466],[139.81107,35.65516],[139.81104,35.65534],[139.81099,35.65549],[139.81094,35.65563],[139.8109,35.65573],[139.81085,35.65582],[139.81079,35.65592],[139.81071,35.65605],[139.81062,35.65619],[139.81052,35.65632],[139.81037,35.65649],[139.80963,35.65726],[139.80886,35.65804],[139.80846,35.65846],[139.80791,35.659],[139.80766,35.65926],[139.80746,35.6595],[139.80734,35.65968],[139.80724,35.65985],[139.80708,35.66014],[139.80681,35.66064],[139.80667,35.66089],[139.80645,35.66126],[139.80624,35.66159],[139.80595,35.66205],[139.80582,35.66225],[139.80569,35.66246],[139.80559,35.66262],[139.80553,35.66274],[139.80545,35.66292],[139.80539,35.66309],[139.80534,35.66328],[139.80531,35.66349],[139.80525,35.66385],[139.80521,35.66421],[139.80517,35.66458],[139.80515,35.66481],[139.80515,35.66507],[139.8052,35.66679],[139.80524,35.66778],[139.80524,35.6681],[139.80523,35.6682],[139.80522,35.6683],[139.8052,35.66844],[139.80517,35.66854],[139.80514,35.66863],[139.80503,35.66887],[139.80491,35.66912],[139.80483,35.66931],[139.80479,35.66939],[139.80476,35.66947],[139.80474,35.66957],[139.80472,35.66964],[139.80471,35.66973],[139.80469,35.66982],[139.80469,35.66991],[139.80469,35.66998],[139.80469,35.67005],[139.8047,35.67012],[139.80472,35.67026],[139.80475,35.67043],[139.80483,35.67081],[139.80488,35.67103],[139.8049,35.67112],[139.8049,35.67121],[139.8049,35.67132],[139.80489,35.67143],[139.80488,35.67148],[139.80486,35.67153],[139.80485,35.67158],[139.8048,35.67168],[139.80478,35.67172],[139.80475,35.67177],[139.80472,35.67181],[139.80468,35.67187],[139.80465,35.67191],[139.8046,35.67196],[139.80455,35.67201],[139.80449,35.67206],[139.80443,35.67211],[139.80437,35.67215],[139.8043,35.67219],[139.80422,35.67223],[139.80414,35.67227],[139.80407,35.6723],[139.80397,35.67233],[139.8039,35.67236],[139.80381,35.67238],[139.8032,35.67249],[139.80129,35.6728]],[[139.79784,35.67351],[139.79826,35.6734],[139.79873,35.6733],[139.79972,35.67312]],[[139.78973,35.67862],[139.78858,35.6791]],[[139.78778,35.67984],[139.78786,35.67976],[139.78794,35.67967],[139.78804,35.67957],[139.78812,35.6795],[139.78823,35.67941],[139.78837,35.67931],[139.78849,35.67924],[139.78865,35.67916],[139.78879,35.67909],[139.78944,35.67884],[139.79047,35.67842]]]}},{"type":"Feature","properties":{"ref":"K6","name":"首都高速神奈川6号川崎線","type":"expressway"},"geometry":{"type":"MultiLineString","coordinates":[[[139.74689,35.53721],[139.74904,35.53734]],[[139.78742,35.52069],[139.78666,35.52114],[139.78581,35.52167],[139.77417,35.52859],[139.76326,35.53506],[139.76185,35.5359],[139.75991,35.53701],[139.75961,35.53718],[139.75938,35.5373],[139.75914,35.5374],[139.75891,35.53751],[139.75866,35.53759],[139.7584,35.53767],[139.75816,35.53774],[139.75788,35.53781],[139.75762,35.53786],[139.75735,35.53789],[139.75709,35.53792],[139.75682,35.53793],[139.75651,35.53793],[139.75618,35.53793],[139.75582,35.53791],[139.75537,35.53787],[139.75332,35.53773],[139.75297,35.5377],[139.75265,35.53767],[139.75234,35.53763]],[[139.7469,35.53712],[139.74585,35.53705],[139.74543,35.53703],[139.74502,35.53703],[139.74475,35.53704],[139.74442,35.53707],[139.74399,35.53711]],[[139.7895,35.51944],[139.78913,35.51964],[139.78867,35.51992],[139.78818,35.52023],[139.78803,35.52032],[139.78742,35.52069]],[[139.78959,35.51956],[139.79028,35.51922],[139.79116,35.51881],[139.79156,35.51863]],[[139.75234,35.53763],[139.752,35.53758],[139.75126,35.53745],[139.75092,35.5374],[139.75058,35.53736],[139.75022,35.53732],[139.74988,35.53729],[139.74904,35.53725]],[[139.74904,35.53725],[139.7469,35.53712]],[[139.74904,35.53734],[139.74988,35.53738],[139.75023,35.53741],[139.75058,35.53744],[139.75095,35.53749],[139.75127,35.53753],[139.75161,35.53759],[139.75197,35.53766],[139.75232,35.53771],[139.75266,35.53775],[139.75299,35.53778],[139.75334,35.53781],[139.75374,35.53784],[139.7554,35.53796],[139.75578,35.53799],[139.75616,35.53801],[139.7565,35.53801],[139.7568,35.538],[139.7571,35.53798],[139.75738,35.53794],[139.75763,35.5379],[139.7579,35.53785],[139.75817,35.53779],[139.75843,35.53772],[139.7587,35.53763],[139.75895,35.53755],[139.75919,35.53745],[139.75942,35.53734],[139.75966,35.53722],[139.75996,35.53706],[139.76115,35.53637],[139.76189,35.53593],[139.77421,35.52862],[139.78589,35.52172],[139.78717,35.52094]],[[139.73968,35.53738],[139.74022,35.53738],[139.7416,35.53736],[139.74197,35.53736],[139.74237,35.53734],[139.74267,35.53732],[139.74423,35.53716],[139.74466,35.53714],[139.74504,35.53712],[139.74543,35.53712],[139.74584,35.53714],[139.74689,35.53721]],[[139.78717,35.52094],[139.78882,35.51998],[139.78917,35.51979],[139.78944,35.51964],[139.78959,35.51956]],[[139.79151,35.51853],[139.7895,35.51944]],[[139.74399,35.53711],[139.74286,35.53724],[139.74261,35.53726],[139.74229,35.53728],[139.74185,35.5373],[139.7411,35.5373],[139.73968,35.53728]],[[139.79159,35.5185],[139.79151,35.51853]],[[139.79156,35.51863],[139.79164,35.51859]]]}},{"type":"Feature","properties":{"ref":"6","name":"水戸街道","type":"expressway"},"geometry":{"type":"MultiLineString","coordinates":[[[139.91975,35.80913],[139.92022,35.80942],[139.92058,35.80966],[139.92074,35.80977],[139.92091,35.80989],[139.92104,35.81001],[139.92115,35.81012],[139.92126,35.81023],[139.92136,35.81036],[139.92158,35.81063],[139.92181,35.81092],[139.92221,35.81143]],[[139.8018,35.7151],[139.80194,35.71506],[139.802,35.71504],[139.80208,35.715]],[[139.83369,35.73528],[139.83351,35.73511],[139.83321,35.73485],[139.8331,35.73474]],[[139.88297,35.76812],[139.88324,35.7681]],[[140.13688,35.94783],[140.13682,35.94695],[140.1368,35.94613],[140.1368,35.94607],[140.13683,35.94566],[140.13685,35.94526],[140.13686,35.94489],[140.13686,35.94452],[140.13678,35.94384],[140.13665,35.94329],[140.13637,35.94248],[140.13609,35.94174],[140.13595,35.94137],[140.13583,35.94109]],[[139.89637,35.77201],[139.895,35.77138]],[[139.89633,35.77207],[139.89761,35.77264]],[[139.89905,35.7733],[139.89927,35.7734]],[[139.89765,35.77259],[139.89637,35.77201]],[[139.96951,35.86548],[139.96935,35.86534],[139.96919,35.8652],[139.96897,35.865],[139.96876,35.86478],[139.96866,35.86465],[139.96856,35.86452],[139.96845,35.86435],[139.96835,35.86419]],[[139.82721,35.73057],[139.83091,35.73332]],[[139.83487,35.73627],[139.83526,35.73662]],[[139.84396,35.74469],[139.84408,35.74483],[139.84453,35.7453],[139.84484,35.74565],[139.84519,35.74604],[139.84526,35.74613],[139.84541,35.74634],[139.84561,35.74659],[139.84583,35.74688],[139.84596,35.74707],[139.84622,35.7474],[139.84704,35.7485],[139.84777,35.74947],[139.84784,35.74956],[139.84791,35.74966],[139.84846,35.75039],[139.84896,35.75105],[139.84918,35.75133],[139.84938,35.75157],[139.84965,35.75188],[139.84989,35.75216],[139.84994,35.75221],[139.85096,35.75339],[139.85105,35.75349]],[[139.87658,35.76847],[139.87692,35.76846],[139.8772,35.76845],[139.8775,35.76845],[139.87778,35.76844]],[[139.87778,35.76837],[139.8774,35.76838],[139.87697,35.76838],[139.87658,35.76839]],[[139.86761,35.765],[139.86769,35.76505],[139.86805,35.76527],[139.86908,35.76586]],[[139.86913,35.7658],[139.86809,35.7652],[139.86779,35.76501],[139.86773,35.76497],[139.86764,35.76492]],[[139.88296,35.76806],[139.87934,35.76828]],[[139.85606,35.75838],[139.85646,35.75862],[139.85727,35.75908]],[[139.85737,35.759],[139.85615,35.75829]],[[139.89111,35.76949],[139.89049,35.76922],[139.88988,35.76898],[139.88932,35.7688],[139.88877,35.76866],[139.88836,35.76857],[139.88726,35.76838],[139.88615,35.76822]],[[139.89114,35.76962],[139.89137,35.76973]],[[139.89137,35.76973],[139.89218,35.77012],[139.89237,35.77021]],[[139.89134,35.7696],[139.89111,35.76949]],[[139.90275,35.77498],[139.90414,35.77561]],[[139.91521,35.80392],[139.91526,35.80399],[139.91529,35.80403],[139.91578,35.80471]],[[139.90417,35.77555],[139.90281,35.77494],[139.90278,35.77493]],[[139.81102,35.71644],[139.81154,35.71678],[139.81169,35.71688],[139.81172,35.7169],[139.81176,35.71693],[139.81184,35.71698],[139.8119,35.71702],[139.81221,35.71723],[139.81226,35.71727],[139.81236,35.71734],[139.81243,35.71739],[139.8125,35.71744],[139.81255,35.71747],[139.81262,35.71752],[139.8127,35.71757],[139.81275,35.7176],[139.81288,35.71769],[139.81304,35.71779],[139.81325,35.71794],[139.81338,35.71804],[139.81342,35.71807],[139.81393,35.71851],[139.8141,35.71867],[139.81429,35.71884],[139.81436,35.71891],[139.81512,35.71958],[139.81528,35.71973],[139.81534,35.71978],[139.81539,35.71982],[139.81559,35.71999],[139.81568,35.72008],[139.8162,35.72054],[139.81626,35.7206],[139.81632,35.72065],[139.81678,35.72107],[139.81737,35.7216],[139.81742,35.72164],[139.81743,35.72165],[139.8175,35.72171],[139.8178,35.72197],[139.8182,35.72233],[139.81821,35.72233],[139.8183,35.72241]],[[139.80235,35.71484],[139.80458,35.71348],[139.80477,35.71338],[139.80492,35.7133]],[[140.13669,35.94705],[140.13676,35.94782],[140.13684,35.94843],[140.13686,35.94861]],[[139.8659,35.76392],[139.86584,35.76389],[139.8652,35.76352],[139.86449,35.76311]],[[139.86761,35.765],[139.86766,35.7651],[139.86826,35.76547],[139.86952,35.76618],[139.86978,35.76633],[139.86989,35.7664],[139.87002,35.76647],[139.87036,35.76666]],[[139.87935,35.76834],[139.88297,35.76812]],[[140.13629,35.94262],[140.13653,35.94337],[140.13666,35.94393],[140.13672,35.94424],[140.13675,35.94454],[140.13674,35.94497],[140.13671,35.94561]],[[139.95608,35.84888],[139.9562,35.84896],[139.9564,35.84914],[139.95659,35.8493],[139.95676,35.84947],[139.95745,35.85019],[139.95788,35.85065],[139.95795,35.85072],[139.958,35.85078],[139.9581,35.85088],[139.95855,35.85135],[139.95928,35.85212],[139.9594,35.85226]],[[139.93905,35.83205],[139.93923,35.83255],[139.93963,35.83369],[139.93978,35.83409],[139.94012,35.83509],[139.94017,35.83526],[139.94022,35.83542],[139.94025,35.8356],[139.94027,35.83577],[139.94027,35.83589],[139.94027,35.83604],[139.94025,35.83624],[139.94021,35.83654],[139.9402,35.8366],[139.94018,35.83672],[139.94016,35.83685],[139.94015,35.8369],[139.94008,35.83739],[139.94004,35.83765],[139.94003,35.83774]],[[139.83091,35.73332],[139.83097,35.73337],[139.83108,35.73345]],[[139.83108,35.73345],[139.83161,35.73386]],[[139.83135,35.73306],[139.83189,35.7336]],[[139.8313,35.73301],[139.83135,35.73306]],[[139.82651,35.72827],[139.8313,35.73301]],[[139.83934,35.73992],[139.8384,35.73905],[139.83774,35.73844],[139.83746,35.73817],[139.83721,35.73795],[139.83697,35.73776],[139.8363,35.73725]],[[139.8331,35.73474],[139.83213,35.73378],[139.83189,35.7336]],[[139.83161,35.73386],[139.83189,35.7341],[139.83253,35.73456]],[[139.83259,35.73451],[139.83194,35.73404],[139.83161,35.73386]],[[139.83189,35.7336],[139.83206,35.73382],[139.83266,35.73439],[139.83341,35.73515],[139.83353,35.73527],[139.83368,35.73539],[139.83385,35.73552],[139.83487,35.73627]],[[139.83253,35.73456],[139.83295,35.73491],[139.83303,35.73497],[139.83314,35.73506],[139.83319,35.7351],[139.83402,35.73573],[139.8344,35.73601],[139.83479,35.7363],[139.83526,35.73662]],[[139.83526,35.73662],[139.83558,35.73684],[139.83574,35.73696]],[[139.97409,35.8695],[139.97593,35.87107]],[[139.97599,35.87103],[139.97415,35.86946]],[[139.87487,35.76878],[139.87481,35.76886]],[[139.86371,35.76278],[139.86383,35.76284],[139.86442,35.76318],[139.86546,35.76378]],[[139.87658,35.76839],[139.87529,35.76847],[139.87515,35.76848],[139.875,35.76848],[139.87487,35.76847],[139.87471,35.76846],[139.87456,35.76845],[139.87442,35.76843],[139.87429,35.7684],[139.87417,35.76837],[139.87404,35.76833],[139.87391,35.76828],[139.87379,35.76824],[139.87258,35.76765],[139.87135,35.76704],[139.87064,35.76667],[139.86997,35.76631],[139.86913,35.7658]],[[139.87368,35.76832],[139.87377,35.76836],[139.8742,35.76855],[139.87435,35.76862],[139.8745,35.7687],[139.87481,35.76886]],[[139.83624,35.73731],[139.83659,35.73756],[139.83691,35.73781],[139.83714,35.738],[139.83738,35.73821],[139.83766,35.73847],[139.83832,35.73909],[139.83925,35.73995]],[[139.83549,35.7366],[139.83524,35.73641],[139.83433,35.73574],[139.83369,35.73528],[139.83353,35.73518],[139.83341,35.73509],[139.83331,35.73503],[139.83312,35.73491],[139.83273,35.73462],[139.83259,35.73451]],[[139.80492,35.7133],[139.8052,35.71317],[139.80544,35.71305],[139.80548,35.71303],[139.80559,35.71296],[139.80576,35.71288]],[[139.89239,35.7701],[139.89134,35.7696]],[[139.89249,35.77015],[139.89239,35.7701]],[[139.89237,35.77021],[139.89371,35.77086],[139.89482,35.77138]],[[139.8993,35.77334],[139.89907,35.77324]],[[139.89907,35.77324],[139.89886,35.77314]],[[139.89884,35.7732],[139.89905,35.7733]],[[139.89761,35.77264],[139.89849,35.77305],[139.89884,35.7732]],[[139.89886,35.77314],[139.89852,35.77299],[139.89765,35.77259]],[[139.8511,35.7534],[139.85102,35.75331],[139.85002,35.75217],[139.84997,35.75211],[139.84972,35.75184],[139.84945,35.75153],[139.84926,35.75129],[139.84905,35.75101],[139.84841,35.75015],[139.848,35.74961],[139.84792,35.74951],[139.84786,35.74942],[139.84715,35.74848],[139.8463,35.74736],[139.84623,35.74727],[139.8459,35.74682],[139.84556,35.74638],[139.84534,35.74608],[139.84526,35.746],[139.84492,35.74561],[139.84459,35.74525],[139.84371,35.74429],[139.84365,35.74422],[139.84336,35.74391]],[[139.8183,35.72241],[139.81835,35.72246]],[[139.81835,35.72246],[139.81844,35.72255],[139.81886,35.72293],[139.81919,35.72322],[139.81954,35.72356],[139.81959,35.72361],[139.81966,35.72368],[139.81988,35.72387],[139.82024,35.72422],[139.82035,35.72432],[139.82073,35.72466],[139.82078,35.7247],[139.82086,35.72478],[139.82093,35.72484],[139.82099,35.72489],[139.82122,35.72511],[139.82155,35.72541],[139.82165,35.72551],[139.82172,35.72557],[139.82187,35.7257],[139.8223,35.7261],[139.82249,35.72628],[139.82289,35.72663],[139.82302,35.72674],[139.8233,35.72701],[139.8234,35.72711],[139.82366,35.72735],[139.82396,35.72763],[139.82409,35.72774],[139.82425,35.72789],[139.82495,35.72853],[139.82506,35.72863]],[[139.89377,35.77078],[139.89263,35.77022],[139.89249,35.77015]],[[139.89482,35.77138],[139.89633,35.77207]],[[139.96794,35.86367],[139.96801,35.86379],[139.96825,35.86425],[139.96835,35.8644],[139.96845,35.86455],[139.96858,35.86472],[139.96872,35.86489],[139.96888,35.86506]],[[139.8611,35.76116],[139.86051,35.76082],[139.85985,35.76044],[139.85971,35.76037],[139.85956,35.76028],[139.8592,35.76008],[139.85883,35.75986],[139.85831,35.75955],[139.85746,35.75905],[139.85737,35.759]],[[139.85727,35.75908],[139.85735,35.75913],[139.85764,35.7593],[139.85787,35.75943],[139.85811,35.75956],[139.85825,35.75963],[139.8589,35.76],[139.85923,35.76019],[139.85953,35.76037],[139.85968,35.76046],[139.85982,35.76054],[139.86059,35.76097],[139.86099,35.7612]],[[139.91014,35.79281],[139.9102,35.79334],[139.9102,35.79339],[139.91021,35.79347]],[[139.90548,35.77619],[139.90587,35.77636],[139.90642,35.77661],[139.90673,35.77675],[139.9069,35.77685],[139.90704,35.77693],[139.90719,35.77704],[139.90731,35.77712]],[[139.91054,35.79655],[139.91058,35.79677],[139.91063,35.79697],[139.91066,35.79705],[139.9107,35.7972]],[[139.91026,35.79391],[139.91032,35.79449],[139.91033,35.7946],[139.9104,35.79528],[139.91042,35.79542],[139.91043,35.79555],[139.91049,35.79609],[139.91053,35.79649],[139.91054,35.79655]],[[139.91232,35.79967],[139.91256,35.79998],[139.9126,35.80003],[139.91267,35.80012]],[[139.91354,35.80147],[139.91359,35.80156]],[[139.91326,35.80103],[139.91335,35.80117],[139.91348,35.80137],[139.91351,35.80142],[139.91354,35.80147]],[[139.91267,35.80012],[139.91274,35.80022],[139.91277,35.80027],[139.91299,35.80058]],[[139.91779,35.80782],[139.91797,35.80796],[139.91812,35.80807],[139.91817,35.80811],[139.91839,35.80825]],[[139.91839,35.80825],[139.91846,35.8083],[139.9185,35.80833],[139.91889,35.80857]],[[139.91889,35.80857],[139.91905,35.80868],[139.91911,35.80872],[139.91924,35.80881]],[[139.92447,35.81433],[139.92484,35.81485],[139.92498,35.81503],[139.92518,35.81532],[139.92558,35.81586]],[[139.92369,35.81331],[139.92393,35.81361],[139.92398,35.81368],[139.92412,35.81384]],[[139.92607,35.81654],[139.92615,35.81663],[139.92619,35.81669],[139.9263,35.81683],[139.92644,35.81703]],[[139.92969,35.82047],[139.92998,35.82076],[139.93029,35.82104],[139.93035,35.82109],[139.93045,35.82118]],[[139.92769,35.81838],[139.92794,35.81865],[139.92827,35.819],[139.92861,35.81935],[139.92937,35.82014],[139.92953,35.82031],[139.92969,35.82047]],[[139.93265,35.82269],[139.93311,35.82301],[139.93325,35.8231],[139.93338,35.82319]],[[139.93099,35.8216],[139.93163,35.82202],[139.93168,35.82206],[139.93175,35.8221],[139.93176,35.82211],[139.93265,35.82269]],[[139.93439,35.82412],[139.93453,35.82428],[139.93468,35.82449],[139.93481,35.8247]],[[139.93338,35.82319],[139.93354,35.8233],[139.93364,35.82338],[139.93377,35.82349],[139.93396,35.82366]],[[139.93562,35.82597],[139.93568,35.82607]],[[139.93538,35.82559],[139.93555,35.82586],[139.93562,35.82597]],[[139.93481,35.8247],[139.93485,35.82477],[139.93489,35.82483],[139.93519,35.82529]],[[139.93729,35.82858],[139.93756,35.82899],[139.93764,35.82911]],[[139.93593,35.82644],[139.93616,35.82681],[139.93635,35.82711],[139.9366,35.8275],[139.93681,35.82782],[139.93682,35.82784],[139.93684,35.82788],[139.93687,35.82792],[139.93729,35.82858]],[[139.93848,35.83051],[139.93863,35.83087],[139.93867,35.83096],[139.93873,35.8311]],[[139.93791,35.82954],[139.93808,35.82981],[139.93814,35.82991],[139.93817,35.82995],[139.93824,35.83007],[139.93829,35.83015],[139.93848,35.83051]],[[139.90264,35.77489],[139.90275,35.77498]],[[139.9015,35.77438],[139.90227,35.77473],[139.90242,35.7748],[139.9025,35.77483],[139.90264,35.77489]],[[139.96549,35.8589],[139.96577,35.85943]],[[139.96545,35.85881],[139.96549,35.8589]],[[139.80208,35.715],[139.80235,35.71484]],[[139.87116,35.76688],[139.87108,35.76684],[139.871,35.7668],[139.87078,35.76667],[139.87058,35.76656],[139.87016,35.76631],[139.87004,35.76624],[139.86983,35.76611],[139.86966,35.76601],[139.86941,35.76587],[139.86841,35.76529],[139.86783,35.76497],[139.86775,35.76493],[139.86764,35.76492]],[[139.88614,35.76828],[139.88636,35.76832],[139.88832,35.76866],[139.88876,35.76876],[139.88928,35.7689],[139.88986,35.76909],[139.89047,35.76932],[139.89114,35.76962]],[[139.88615,35.76822],[139.88556,35.76813],[139.88498,35.76806],[139.88446,35.76802],[139.88393,35.76801],[139.88323,35.76804]],[[139.88324,35.7681],[139.88394,35.76808],[139.88445,35.76808],[139.88496,35.76811],[139.88554,35.76819],[139.88614,35.76828]],[[139.88323,35.76804],[139.88296,35.76806]],[[139.91084,35.79756],[139.91093,35.79775],[139.91107,35.79798],[139.9112,35.79821],[139.91134,35.7984],[139.91148,35.79859],[139.91177,35.79896],[139.912,35.79925],[139.91232,35.79967]],[[140.13734,35.95024],[140.13723,35.94987],[140.13711,35.94941],[140.13696,35.94863]],[[140.13686,35.94861],[140.13692,35.94892],[140.13717,35.94981],[140.13734,35.95024]],[[139.94003,35.83774],[139.94002,35.83786],[139.94001,35.83796]],[[139.86908,35.76586],[139.86993,35.76636],[139.8706,35.76672],[139.87136,35.76712],[139.87249,35.7677],[139.87375,35.7683],[139.87388,35.76836],[139.87404,35.76842],[139.87421,35.76846],[139.87438,35.76849],[139.87456,35.76852],[139.87475,35.76854],[139.87493,35.76856],[139.87506,35.76856],[139.87519,35.76856],[139.87536,35.76855],[139.87658,35.76847]],[[139.87778,35.76844],[139.87809,35.76842]],[[139.87808,35.76836],[139.87778,35.76837]],[[139.86232,35.76186],[139.8619,35.76162],[139.86177,35.76155]],[[139.87379,35.76822],[139.87373,35.76818],[139.87335,35.76798],[139.87235,35.76749]],[[139.8712,35.7671],[139.87167,35.76733],[139.87226,35.76763],[139.87361,35.76829],[139.87368,35.76832]],[[139.87235,35.76749],[139.87174,35.76718]],[[139.83925,35.73995],[139.83973,35.74041]],[[139.83983,35.74036],[139.83934,35.73992]],[[139.83574,35.73696],[139.83624,35.73731]],[[139.8363,35.73725],[139.83588,35.73691],[139.83549,35.7366]],[[139.84336,35.74391],[139.84283,35.74336],[139.84205,35.74251],[139.84174,35.74218],[139.84149,35.74194],[139.8411,35.74157],[139.841,35.74147],[139.84092,35.7414],[139.84056,35.74106],[139.84018,35.7407],[139.84013,35.74065],[139.83991,35.74043],[139.83983,35.74036]],[[139.83973,35.74041],[139.83995,35.74061],[139.84028,35.74092],[139.84078,35.74139],[139.84091,35.74152],[139.84098,35.74159],[139.84103,35.74163],[139.84141,35.74199],[139.84167,35.74224],[139.84198,35.74256],[139.84277,35.74341],[139.84357,35.74427],[139.84363,35.74433],[139.84396,35.74469]],[[139.82506,35.72863],[139.82514,35.7287],[139.82531,35.72885],[139.82571,35.72922],[139.82578,35.72928],[139.82705,35.73044],[139.82712,35.7305],[139.8272,35.73056],[139.82721,35.73057]],[[139.87174,35.76718],[139.87138,35.76698],[139.87132,35.76696],[139.87116,35.76688]],[[139.87036,35.76666],[139.8708,35.76691],[139.8709,35.76696],[139.87094,35.76697],[139.87097,35.76699],[139.87106,35.76704]],[[139.87106,35.76704],[139.8712,35.7671]],[[139.9662,35.8603],[139.96628,35.86043],[139.96655,35.86094]],[[139.97064,35.86658],[139.9709,35.86681],[139.97136,35.8672],[139.97141,35.86724],[139.97151,35.86733]],[[139.86099,35.7612],[139.86107,35.76125]],[[139.86119,35.76132],[139.86166,35.76159],[139.86174,35.76164]],[[139.86177,35.76155],[139.86132,35.76129]],[[139.86174,35.76164],[139.86208,35.76184],[139.8622,35.7619]],[[139.86132,35.76129],[139.86122,35.76123],[139.8611,35.76116]],[[139.86107,35.76125],[139.86119,35.76132]],[[140.13583,35.94109],[140.13577,35.94093],[140.13559,35.94057],[140.13553,35.94043],[140.13551,35.94038],[140.13542,35.94018]],[[140.13542,35.94018],[140.13532,35.93993],[140.13507,35.93942]],[[140.13509,35.93979],[140.13521,35.94004],[140.13523,35.9401],[140.1353,35.94023]],[[140.13491,35.93937],[140.13509,35.93979]],[[139.80669,35.71352],[139.80717,35.71385],[139.80723,35.71388],[139.80778,35.71424]],[[140.13668,35.94606],[140.13667,35.94621],[140.13667,35.94663],[140.13669,35.94705]],[[140.13671,35.94561],[140.13668,35.94606]],[[140.1353,35.94023],[140.13538,35.94042],[140.13562,35.94091],[140.13578,35.94129],[140.13607,35.94201],[140.13625,35.9425],[140.13629,35.94262]],[[140.13696,35.94863],[140.13688,35.94783]],[[139.81004,35.71577],[139.81013,35.71583],[139.81073,35.71624],[139.81077,35.71627],[139.8109,35.71636],[139.81096,35.7164],[139.81102,35.71644]],[[139.87809,35.76842],[139.87935,35.76834]],[[139.87934,35.76828],[139.87808,35.76836]],[[139.97008,35.86595],[139.96979,35.86571],[139.96951,35.86548]],[[139.97161,35.86727],[139.9715,35.86717],[139.97101,35.86675],[139.97082,35.86659],[139.97042,35.86625]],[[139.97292,35.86851],[139.97409,35.8695]],[[139.97415,35.86946],[139.97277,35.86827]],[[139.94426,35.84179],[139.94462,35.842],[139.94464,35.84201],[139.94582,35.84272],[139.94635,35.84304]],[[139.94001,35.83796],[139.94002,35.83808],[139.94003,35.8382],[139.94005,35.83836],[139.94007,35.83846],[139.9401,35.83858],[139.94013,35.83866],[139.94017,35.83877],[139.94022,35.83889],[139.94029,35.83901],[139.94038,35.83917],[139.94047,35.83929],[139.94065,35.83951],[139.94077,35.83962],[139.94093,35.83976],[139.9411,35.83989]],[[139.97277,35.86827],[139.9727,35.86821],[139.97232,35.86788],[139.97221,35.86778],[139.97212,35.86771]],[[139.97212,35.86771],[139.97177,35.86741],[139.97174,35.86739],[139.97161,35.86727]],[[139.97151,35.86733],[139.97166,35.86745],[139.97215,35.86786],[139.97251,35.86817],[139.9729,35.86848],[139.97292,35.86851]],[[139.96999,35.86602],[139.97064,35.86658]],[[139.96944,35.86555],[139.96971,35.86578],[139.96992,35.86595],[139.96999,35.86602]],[[139.96888,35.86506],[139.96898,35.86516],[139.96918,35.86534],[139.96926,35.86541],[139.96944,35.86555]],[[139.97042,35.86625],[139.97017,35.86604],[139.97011,35.86598]],[[139.97011,35.86598],[139.97008,35.86595]],[[139.96835,35.86419],[139.96811,35.86375],[139.96805,35.86362]],[[139.96758,35.86297],[139.96765,35.86311],[139.96788,35.86355],[139.96794,35.86367]],[[139.96709,35.862],[139.96716,35.86215],[139.96741,35.86264],[139.96758,35.86297]],[[139.96805,35.86362],[139.96775,35.86307],[139.9675,35.86261]],[[139.9675,35.86261],[139.96723,35.8621],[139.96716,35.86198]],[[139.96676,35.86131],[139.96678,35.86146],[139.96698,35.86181],[139.96703,35.86191],[139.96706,35.86195],[139.96709,35.862]],[[139.96655,35.86094],[139.96676,35.86131]],[[139.96716,35.86198],[139.96713,35.86193],[139.96708,35.86182],[139.96699,35.86165],[139.96688,35.86144],[139.96676,35.86131]],[[139.96577,35.85943],[139.96601,35.8599],[139.96613,35.86016],[139.9662,35.8603]],[[139.96406,35.85712],[139.96475,35.85786],[139.96495,35.85807],[139.96517,35.85833]],[[139.96364,35.85669],[139.96375,35.8568],[139.9638,35.85685],[139.96381,35.85685],[139.96406,35.85712]],[[139.96325,35.85628],[139.96358,35.85662],[139.96364,35.85669]],[[139.96015,35.85302],[139.96041,35.8533],[139.96058,35.85348],[139.96113,35.85406],[139.96144,35.85438],[139.9619,35.85486],[139.96195,35.85492],[139.96199,35.85495],[139.96207,35.85504],[139.96211,35.85509],[139.96247,35.85547],[139.96265,35.85566],[139.96291,35.85593],[139.96302,35.85604],[139.96316,35.85619],[139.96325,35.85628]],[[139.95977,35.85263],[139.95986,35.85271],[139.95988,35.85274],[139.96015,35.85302]],[[139.95267,35.84682],[139.95278,35.84688],[139.95284,35.84692],[139.9531,35.84707]],[[139.9594,35.85226],[139.95968,35.85253],[139.95977,35.85263]],[[139.9531,35.84707],[139.95349,35.84731],[139.95361,35.84738],[139.95385,35.84752],[139.95388,35.84754],[139.95457,35.84795],[139.95505,35.84823]],[[139.95505,35.84823],[139.95545,35.84847],[139.95549,35.8485],[139.95563,35.84858]],[[139.95563,35.84858],[139.95576,35.84866],[139.9558,35.84869],[139.95601,35.84882],[139.95608,35.84888]],[[139.95211,35.84648],[139.95234,35.84662],[139.95238,35.84664],[139.95251,35.84672],[139.95256,35.84675],[139.95267,35.84682]],[[139.95149,35.84611],[139.95211,35.84648]],[[139.9511,35.84588],[139.95117,35.84592],[139.95122,35.84595],[139.95149,35.84611]],[[139.95031,35.84541],[139.95069,35.84563],[139.95097,35.8458],[139.95102,35.84583],[139.9511,35.84588]],[[139.94968,35.84504],[139.94977,35.84509],[139.94982,35.84512],[139.95031,35.84541]],[[139.94897,35.84461],[139.94951,35.84493],[139.94955,35.84496],[139.94968,35.84504]],[[139.94719,35.84354],[139.94751,35.84374],[139.94774,35.84387],[139.94897,35.84461]],[[139.94675,35.84328],[139.94685,35.84334],[139.9469,35.84337],[139.94719,35.84354]],[[139.94635,35.84304],[139.94662,35.84321],[139.94667,35.84324],[139.94675,35.84328]],[[139.94348,35.84132],[139.94351,35.84134],[139.94365,35.84142],[139.9437,35.84145],[139.94381,35.84151]],[[139.94381,35.84151],[139.9439,35.84157],[139.94394,35.84159],[139.94426,35.84179]],[[139.93873,35.8311],[139.93876,35.8312],[139.93877,35.83123],[139.93881,35.83134],[139.93895,35.83177],[139.93905,35.83205]],[[139.94156,35.84017],[139.94165,35.84023],[139.94178,35.8403],[139.94212,35.84051]],[[139.94254,35.84076],[139.94335,35.84125],[139.94348,35.84132]],[[139.94212,35.84051],[139.94223,35.84058],[139.94254,35.84076]],[[139.9411,35.83989],[139.94129,35.84001],[139.94149,35.84013],[139.94156,35.84017]],[[139.93764,35.82911],[139.9377,35.82921],[139.93773,35.82925],[139.93791,35.82954]],[[139.93568,35.82607],[139.93571,35.82611],[139.93574,35.82616],[139.93593,35.82644]],[[139.93519,35.82529],[139.9353,35.82545],[139.93538,35.82559]],[[139.93396,35.82366],[139.9341,35.82379],[139.93423,35.82393],[139.93432,35.82402],[139.93439,35.82412]],[[139.93045,35.82118],[139.93057,35.82127],[139.93062,35.82131],[139.93068,35.82136],[139.93099,35.8216]],[[139.92708,35.81775],[139.92728,35.81796],[139.92739,35.81807],[139.92769,35.81838]],[[139.92662,35.81726],[139.9267,35.81737],[139.92677,35.81744],[139.92695,35.81763],[139.927,35.81767],[139.92708,35.81775]],[[139.92644,35.81703],[139.92662,35.81726]],[[139.92412,35.81384],[139.92424,35.81401],[139.92447,35.81433]],[[139.92558,35.81586],[139.92595,35.81636],[139.92599,35.81642],[139.92607,35.81654]],[[139.91924,35.80881],[139.91935,35.80888],[139.91942,35.80892],[139.91975,35.80913]],[[139.92274,35.81209],[139.92295,35.81236],[139.92329,35.8128],[139.92353,35.81311],[139.92369,35.81331]],[[139.9225,35.81179],[139.92254,35.81185],[139.92274,35.81209]],[[139.92221,35.81143],[139.92243,35.8117],[139.92245,35.81173],[139.9225,35.81179]],[[139.91651,35.80607],[139.91654,35.80614],[139.91656,35.80619],[139.91657,35.80622],[139.91664,35.80636],[139.9167,35.80648],[139.91675,35.80658],[139.9169,35.80682],[139.91704,35.80702],[139.91721,35.80723],[139.91731,35.80734],[139.91762,35.80766],[139.91779,35.80782]],[[139.91622,35.80542],[139.91632,35.80563],[139.91637,35.80575],[139.91646,35.80595],[139.91647,35.80599],[139.91651,35.80607]],[[139.9141,35.80235],[139.91412,35.80238],[139.91418,35.80247],[139.91432,35.80267],[139.91449,35.80291],[139.91485,35.8034]],[[139.91485,35.8034],[139.91492,35.8035],[139.91514,35.80382],[139.91518,35.80388],[139.91521,35.80392]],[[139.91578,35.80471],[139.91597,35.80499],[139.91609,35.8052],[139.91622,35.80542]],[[139.91299,35.80058],[139.9132,35.80092],[139.91326,35.80103]],[[139.91359,35.80156],[139.91363,35.80163],[139.91388,35.80201],[139.9141,35.80235]],[[139.9107,35.7972],[139.91073,35.7973],[139.91077,35.7974],[139.91084,35.79756]],[[139.91021,35.79347],[139.91022,35.79354],[139.91023,35.79365],[139.91026,35.79391]],[[139.91011,35.79253],[139.91014,35.79281]],[[139.91002,35.79161],[139.91004,35.79179],[139.91011,35.79253]],[[139.90995,35.79093],[139.91,35.79146],[139.91002,35.79161]],[[139.90936,35.7853],[139.90941,35.78576],[139.90945,35.7862],[139.90954,35.78703],[139.90955,35.78718],[139.90956,35.78726],[139.90957,35.78732],[139.90964,35.78801],[139.9097,35.7886],[139.90971,35.78868],[139.90972,35.78876],[139.90972,35.78883]],[[139.90972,35.78883],[139.90973,35.78888],[139.9099,35.79044],[139.90995,35.79093]],[[139.9093,35.78469],[139.90931,35.78482],[139.90932,35.78488],[139.90934,35.78508],[139.90936,35.7853]],[[139.90921,35.78393],[139.90928,35.78451],[139.90928,35.78456],[139.9093,35.78469]],[[139.90888,35.78082],[139.90891,35.78108],[139.90891,35.78113],[139.90897,35.78164]],[[139.90804,35.77779],[139.90812,35.77791],[139.90815,35.77796],[139.90817,35.778],[139.90833,35.77824],[139.90841,35.77839]],[[139.90911,35.7829],[139.90915,35.78334],[139.90918,35.78363],[139.90921,35.78393]],[[139.90905,35.78238],[139.90907,35.78258]],[[139.909,35.7819],[139.90905,35.78238]],[[139.90907,35.78258],[139.90911,35.7829]],[[139.90897,35.78164],[139.909,35.7819]],[[139.9088,35.78008],[139.90887,35.78072],[139.90888,35.78082]],[[139.90863,35.77893],[139.90867,35.77907],[139.90871,35.77924],[139.90873,35.77935],[139.90874,35.77945],[139.9088,35.78008]],[[139.90841,35.77839],[139.90848,35.77852],[139.90855,35.77869],[139.90859,35.7788],[139.90863,35.77893]],[[139.90475,35.77585],[139.90466,35.77578],[139.90452,35.77571],[139.90417,35.77555]],[[139.90414,35.77561],[139.90464,35.77584],[139.90475,35.77585]],[[139.90731,35.77712],[139.90745,35.77722],[139.90759,35.77733],[139.9077,35.77743],[139.90783,35.77756],[139.90789,35.77762],[139.90792,35.77766],[139.90804,35.77779]],[[139.90475,35.77585],[139.90486,35.7759],[139.90491,35.77593],[139.90548,35.77619]],[[139.89927,35.7734],[139.89981,35.77364],[139.90003,35.77371]],[[139.90278,35.77493],[139.90264,35.77489]],[[139.90096,35.77413],[139.90113,35.77421],[139.9012,35.77424],[139.9015,35.77438]],[[139.90044,35.7739],[139.90061,35.77397],[139.90075,35.77404],[139.9008,35.77406],[139.90096,35.77413]],[[139.89984,35.77359],[139.8993,35.77334]],[[139.895,35.77138],[139.89377,35.77078]],[[139.90003,35.77371],[139.89984,35.77359]],[[139.90003,35.77371],[139.90044,35.7739]],[[139.86686,35.76457],[139.8674,35.76488],[139.86745,35.76491],[139.86761,35.765]],[[139.86584,35.764],[139.8665,35.76437],[139.86686,35.76457]],[[139.86764,35.76492],[139.8675,35.76485],[139.86724,35.7647],[139.8663,35.76416]],[[139.8663,35.76416],[139.86601,35.76399],[139.8659,35.76392]],[[139.86546,35.76378],[139.86573,35.76394],[139.86577,35.76396],[139.86584,35.764]],[[139.86377,35.7627],[139.86367,35.76264],[139.863,35.76225],[139.86281,35.76215]],[[139.8622,35.7619],[139.8623,35.76196],[139.86305,35.76239]],[[139.86449,35.76311],[139.86394,35.7628],[139.86389,35.76276],[139.86377,35.7627]],[[139.86305,35.76239],[139.86356,35.76269],[139.86361,35.76272],[139.86371,35.76278]],[[139.86281,35.76215],[139.86251,35.76197],[139.8624,35.76191],[139.86232,35.76186]],[[139.85615,35.75829],[139.85608,35.75825],[139.85526,35.75779],[139.85516,35.75773],[139.85491,35.75758],[139.85477,35.75748],[139.85466,35.75739],[139.85447,35.75721],[139.85433,35.75707],[139.85358,35.75622],[139.853,35.75557],[139.85262,35.75514],[139.85215,35.7546],[139.85164,35.754],[139.85124,35.75356],[139.8511,35.7534]],[[139.85105,35.75349],[139.85117,35.75362],[139.85151,35.75399],[139.85219,35.75478],[139.85254,35.75519],[139.85324,35.75598],[139.85415,35.75701],[139.85443,35.75731],[139.85461,35.7575],[139.8547,35.75758],[139.85472,35.7576],[139.85483,35.75767],[139.855,35.75778],[139.85553,35.75808],[139.856,35.75835],[139.85606,35.75838]],[[139.96517,35.85833],[139.9653,35.85854],[139.96545,35.85881]],[[139.8093,35.71528],[139.80964,35.7155]],[[139.80964,35.7155],[139.80996,35.71572],[139.81004,35.71577]],[[139.80826,35.71457],[139.80858,35.71479],[139.80863,35.71483]],[[139.80778,35.71424],[139.80806,35.71443],[139.80826,35.71457]],[[139.80863,35.71483],[139.80869,35.71486],[139.8093,35.71528]],[[139.80576,35.71288],[139.80589,35.71297],[139.80669,35.71352]]]}},{"type":"Feature","properties":{"ref":"1","name":"国道1号","type":"expressway"},"geometry":{"type":"MultiLineString","coordinates":[[[139.62654,35.47095],[139.62646,35.47099],[139.62641,35.47108]],[[139.56191,35.42041],[139.56175,35.4204],[139.56161,35.42039],[139.56155,35.42039],[139.56118,35.42039],[139.56102,35.42039],[139.56085,35.4204],[139.56055,35.42042],[139.56041,35.42043],[139.56026,35.42046]],[[139.52789,35.39914],[139.52775,35.39988]],[[139.54231,35.41435],[139.54236,35.41442],[139.54239,35.41449],[139.54239,35.41454],[139.54235,35.41463]],[[139.5275,35.40157],[139.52784,35.39989]],[[139.52737,35.40254],[139.52738,35.40227],[139.52742,35.40199],[139.5275,35.40157]],[[139.52784,35.39989],[139.52789,35.39965],[139.52797,35.3992],[139.52803,35.3988]],[[139.52803,35.3988],[139.52804,35.39834],[139.52801,35.39802],[139.52793,35.39759],[139.52783,35.39727],[139.52764,35.3968],[139.52742,35.39639],[139.52723,35.39601],[139.52692,35.39542],[139.52677,35.39518],[139.52654,35.39486],[139.52631,35.39459],[139.52603,35.39432],[139.52368,35.39242],[139.52266,35.39163],[139.52183,35.39099]],[[139.52775,35.39988],[139.52741,35.40156]],[[139.52741,35.40156],[139.52733,35.40199],[139.52729,35.40234],[139.52728,35.40269]],[[139.52728,35.40269],[139.52731,35.403],[139.52731,35.4031],[139.52736,35.40336],[139.52745,35.4037],[139.52757,35.40406],[139.52771,35.40436],[139.52775,35.40448],[139.52785,35.40472],[139.52793,35.40491],[139.52861,35.4065],[139.52885,35.40698],[139.52903,35.40725],[139.52922,35.40749]],[[139.5963,35.44374],[139.59618,35.44379],[139.59614,35.4438],[139.59605,35.44384]],[[139.56971,35.42601],[139.56969,35.42599],[139.56949,35.4258],[139.56941,35.42573]],[[139.52183,35.39099],[139.52147,35.39061],[139.52126,35.39035],[139.52093,35.38988],[139.52079,35.38969],[139.52046,35.38924],[139.51993,35.38862],[139.51968,35.38841],[139.51931,35.3881],[139.51903,35.38789]],[[139.51769,35.38682],[139.51769,35.38693],[139.51774,35.38702],[139.51794,35.38728],[139.51805,35.38745],[139.51811,35.38752],[139.51827,35.38773],[139.5184,35.38789],[139.51856,35.38804],[139.5188,35.38821]],[[139.5188,35.38821],[139.51907,35.38833],[139.51933,35.38839]],[[139.53826,35.41376],[139.53773,35.41378],[139.53734,35.41379]],[[139.53734,35.41379],[139.53727,35.41379],[139.53699,35.41381],[139.53677,35.41381]],[[139.54235,35.41463],[139.54252,35.41472],[139.54285,35.41488]],[[139.5963,35.44374],[139.59639,35.44384],[139.59654,35.44395],[139.59682,35.44413],[139.5978,35.44478],[139.59784,35.44481],[139.59786,35.44483],[139.59849,35.44525],[139.59878,35.44544],[139.59911,35.44562],[139.59923,35.44569]],[[139.6221,35.45814],[139.62162,35.45799],[139.62072,35.45771]],[[139.62385,35.46104],[139.62386,35.46233],[139.62385,35.46245],[139.6238,35.46265],[139.62371,35.46287]],[[139.62641,35.47108],[139.62652,35.47107]],[[139.624,35.46028],[139.6239,35.46003]],[[139.62207,35.45821],[139.62224,35.45826],[139.62245,35.45833],[139.62261,35.45842],[139.62273,35.45852],[139.62285,35.45864],[139.62304,35.45891],[139.62343,35.45949],[139.62369,35.45991],[139.62377,35.46009],[139.62382,35.46043],[139.62385,35.46104]],[[139.62394,35.46104],[139.62394,35.46084],[139.6239,35.46037],[139.62387,35.46012],[139.62376,35.45986],[139.62301,35.45874],[139.62288,35.45856],[139.62274,35.45842],[139.62261,35.45833],[139.62243,35.45824],[139.6221,35.45814]],[[139.62405,35.46282],[139.62406,35.46252],[139.62406,35.46061]],[[139.62069,35.45778],[139.6214,35.458],[139.62207,35.45821]],[[139.62072,35.45771],[139.62039,35.45761],[139.62031,35.45758],[139.62024,35.45755],[139.61979,35.45739]],[[139.62661,35.47102],[139.62665,35.471],[139.62694,35.47083]],[[139.62687,35.47075],[139.62658,35.47092],[139.62654,35.47095]],[[139.627,35.47078],[139.62706,35.47072],[139.62711,35.47066],[139.62745,35.47018],[139.62753,35.47006],[139.62753,35.47002],[139.62753,35.46999],[139.62752,35.46995]],[[139.53332,35.41263],[139.53318,35.41256],[139.53257,35.41226],[139.53229,35.41211],[139.53205,35.41193],[139.53188,35.41179],[139.5317,35.41162],[139.53154,35.41142],[139.53142,35.41124],[139.53129,35.41103],[139.53119,35.41082],[139.53112,35.41062],[139.53098,35.41014],[139.53082,35.40966],[139.5307,35.4094],[139.53056,35.40914],[139.53043,35.40894],[139.5304,35.4089],[139.53023,35.40865],[139.52998,35.40833],[139.52929,35.40745]],[[139.50475,35.37654],[139.50483,35.37666],[139.50495,35.3768],[139.50507,35.37694],[139.50522,35.37708],[139.50538,35.37722],[139.50553,35.37733],[139.5057,35.37744],[139.50588,35.37755],[139.50605,35.37763],[139.50621,35.37772]],[[139.50343,35.37451],[139.5038,35.37508],[139.50406,35.37549],[139.50475,35.37654]],[[139.50621,35.37772],[139.50915,35.37908]],[[139.50919,35.37903],[139.50626,35.37765]],[[139.50626,35.37765],[139.5061,35.37757],[139.50594,35.37749],[139.50576,35.37739],[139.5056,35.37728],[139.50545,35.37717],[139.5053,35.37704],[139.50516,35.37691],[139.50503,35.37677],[139.50492,35.37664],[139.50483,35.3765]],[[139.50355,35.37445],[139.50323,35.37392],[139.50318,35.37385],[139.50312,35.37376],[139.50288,35.37341],[139.50279,35.37326],[139.50237,35.37262],[139.50182,35.3718],[139.50155,35.3714],[139.50137,35.37111],[139.50104,35.37056]],[[139.50483,35.3765],[139.50414,35.37544],[139.50388,35.37502],[139.50355,35.37445]],[[139.61947,35.45739],[139.6202,35.45762],[139.62028,35.45765],[139.62036,35.45767],[139.62069,35.45778]],[[139.61249,35.45418],[139.61219,35.45405],[139.61126,35.45362],[139.6109,35.45346],[139.60986,35.45298],[139.60972,35.45291],[139.60938,35.45276],[139.60925,35.4527]],[[139.62347,35.45965],[139.62364,35.45992],[139.62368,35.46003],[139.6237,35.46015],[139.62368,35.46059]],[[139.52178,35.39107],[139.52244,35.39161],[139.52365,35.39252],[139.52485,35.39348],[139.52592,35.39432],[139.52619,35.39459],[139.52645,35.39489],[139.52673,35.39526],[139.52712,35.39599],[139.52765,35.39701],[139.52775,35.39729],[139.52784,35.39758],[139.52792,35.39801],[139.52794,35.39822],[139.52794,35.39844],[139.52794,35.3988],[139.52794,35.39885],[139.52789,35.39914]],[[139.51888,35.38777],[139.51872,35.38763],[139.51857,35.3875],[139.5184,35.38732],[139.51828,35.3872],[139.5182,35.38711],[139.51815,35.38705],[139.51796,35.38682],[139.51783,35.38668],[139.51768,35.38649],[139.51758,35.38634],[139.51742,35.38608],[139.51738,35.38601]],[[139.53677,35.41381],[139.53647,35.4138],[139.53625,35.41378],[139.53596,35.41373],[139.53577,35.41369],[139.53555,35.41362],[139.53533,35.41355],[139.5351,35.41344],[139.53474,35.41328]],[[139.54235,35.41463],[139.54214,35.41455],[139.54151,35.41438],[139.54073,35.41413],[139.54023,35.414],[139.53969,35.41384],[139.53936,35.41378],[139.539,35.41374],[139.53864,35.41375],[139.53826,35.41376]],[[139.51933,35.38839],[139.51941,35.3884],[139.5199,35.38848]],[[139.5199,35.38848],[139.52038,35.38856],[139.52065,35.38864],[139.52087,35.38874],[139.5211,35.38889],[139.52119,35.38896],[139.52171,35.38941]],[[139.5766,35.44318],[139.57652,35.44305],[139.57646,35.44294],[139.57644,35.44289],[139.57641,35.44284],[139.57635,35.44273],[139.57605,35.44222],[139.57603,35.44219],[139.57579,35.44179],[139.57538,35.44134],[139.57528,35.44123],[139.57521,35.44114],[139.57515,35.44104],[139.57508,35.44088],[139.57506,35.44076],[139.57504,35.44056],[139.57504,35.43984],[139.57504,35.4398],[139.57502,35.4394],[139.57504,35.43926],[139.57505,35.43921],[139.57506,35.43914],[139.57507,35.43912]],[[139.55712,35.42123],[139.55701,35.42125]],[[139.55701,35.42125],[139.55665,35.4213],[139.55631,35.42131],[139.55608,35.42131],[139.55596,35.4213],[139.5559,35.42129]],[[139.55574,35.42127],[139.55495,35.42118],[139.55459,35.42114],[139.55433,35.42111],[139.55405,35.42107],[139.55382,35.42103]],[[139.5559,35.42129],[139.55574,35.42127]],[[139.55295,35.42082],[139.55292,35.42081],[139.55175,35.42047],[139.55166,35.42044],[139.55156,35.42041],[139.55145,35.42038]],[[139.55317,35.42089],[139.55304,35.42085],[139.55295,35.42082]],[[139.59605,35.44384],[139.59596,35.44388]],[[139.59596,35.44388],[139.59557,35.44403],[139.59549,35.44407]],[[139.58524,35.44517],[139.58499,35.44513]],[[139.58499,35.44513],[139.58493,35.44511],[139.58443,35.44501],[139.58406,35.44495],[139.58394,35.44493]],[[139.53716,35.40591],[139.53684,35.40562]],[[139.53684,35.40562],[139.53678,35.40557],[139.53669,35.40547],[139.5366,35.40535],[139.53655,35.40527],[139.53649,35.40518]],[[139.52171,35.38941],[139.52145,35.3891],[139.52134,35.389],[139.52125,35.38891],[139.52104,35.38871],[139.52081,35.38857],[139.52059,35.38849],[139.52035,35.38842],[139.52012,35.38838],[139.51981,35.3883],[139.51968,35.38825],[139.51945,35.38814],[139.5193,35.38804],[139.51918,35.38798],[139.51903,35.38789]],[[139.52922,35.40749],[139.53018,35.40872],[139.53046,35.40913],[139.53063,35.40945],[139.53075,35.40973],[139.53088,35.41015],[139.53094,35.41036],[139.53102,35.41063],[139.53107,35.41077],[139.53122,35.4111],[139.53131,35.41126],[139.5314,35.41138],[139.53145,35.41145],[139.53162,35.41166],[139.53178,35.41182],[139.53196,35.41197],[139.5321,35.41209]],[[139.52929,35.40745],[139.529,35.40706],[139.52879,35.40671],[139.52867,35.40645],[139.52859,35.40628],[139.52854,35.40614],[139.52839,35.40578],[139.52794,35.40468],[139.52785,35.40447],[139.52778,35.40429],[139.52767,35.40403],[139.52757,35.4038],[139.52751,35.40359],[139.52745,35.40338],[139.52741,35.40311],[139.52738,35.40281],[139.52737,35.40254]],[[139.62369,35.46422],[139.62367,35.46513],[139.62367,35.46529],[139.62368,35.46541],[139.62371,35.46555],[139.62376,35.46568],[139.62381,35.4658],[139.62386,35.46589],[139.62392,35.46597],[139.62397,35.46605]],[[139.62371,35.46287],[139.62371,35.46309],[139.62371,35.46318]],[[139.62405,35.46282],[139.62395,35.46237],[139.62394,35.46104]],[[139.6239,35.46003],[139.62382,35.4599],[139.62359,35.45954]],[[139.56941,35.42573],[139.56923,35.42564],[139.56891,35.4255],[139.5688,35.42545],[139.56843,35.42529],[139.56831,35.42524],[139.56817,35.42518],[139.5678,35.42501],[139.56749,35.42487],[139.5673,35.42476]],[[139.53536,35.40248],[139.53521,35.40244],[139.53453,35.40229],[139.53447,35.40227],[139.53427,35.40221],[139.53416,35.40217]],[[139.54231,35.41435],[139.54207,35.41413],[139.54172,35.41375],[139.54164,35.41367],[139.54126,35.41313],[139.54109,35.41287],[139.54109,35.41286],[139.54091,35.41258],[139.54061,35.41211]],[[139.52245,35.39024],[139.52238,35.39015],[139.52219,35.38994],[139.52186,35.38958],[139.52171,35.38941]],[[139.53149,35.40017],[139.53143,35.40006],[139.53138,35.39995],[139.53134,35.39986],[139.53126,35.39963],[139.53119,35.39942],[139.53092,35.39852],[139.53089,35.39843],[139.53075,35.39795],[139.5307,35.39778],[139.53064,35.39757],[139.53063,35.39751],[139.53061,35.39714],[139.53059,35.39686],[139.53056,35.39672],[139.53053,35.39663],[139.53048,35.39648],[139.53024,35.39592],[139.53021,35.39579],[139.53018,35.39564],[139.53008,35.39515],[139.53007,35.39509],[139.52997,35.39484],[139.52993,35.39477],[139.52917,35.39345],[139.52908,35.39333],[139.52895,35.39329],[139.52791,35.39306]],[[139.55145,35.42038],[139.55133,35.42034],[139.55127,35.42032],[139.55081,35.42018],[139.55061,35.42009],[139.55046,35.42001],[139.55031,35.41992]],[[139.62415,35.46586],[139.6241,35.46576],[139.62404,35.46557],[139.62402,35.46537],[139.62401,35.46521],[139.62402,35.46505]],[[139.62397,35.46605],[139.62404,35.46615],[139.62414,35.46628],[139.62435,35.46654],[139.62448,35.4667]],[[139.62507,35.46697],[139.62488,35.46675]],[[139.62482,35.4671],[139.62486,35.46714],[139.62558,35.46802],[139.62565,35.46809]],[[139.6237,35.46351],[139.62369,35.46422]],[[139.62371,35.46318],[139.6237,35.46351]],[[139.62404,35.46353],[139.62405,35.46319]],[[139.62405,35.46319],[139.62405,35.46294]],[[139.53178,35.40068],[139.5316,35.40038],[139.53158,35.40034],[139.53149,35.40017]],[[139.53211,35.40125],[139.53205,35.40116],[139.53178,35.40068]],[[139.51244,35.38108],[139.51269,35.38133],[139.51298,35.3816],[139.51308,35.38169],[139.51314,35.38174],[139.51372,35.38216],[139.51395,35.38235],[139.51415,35.38259],[139.51449,35.38319],[139.51455,35.38328],[139.51462,35.38344],[139.51467,35.38353],[139.51474,35.38381],[139.51479,35.38412],[139.51486,35.38432],[139.51497,35.3845],[139.5152,35.3847],[139.51541,35.38481],[139.51587,35.38496],[139.51601,35.38501],[139.51613,35.38506],[139.51626,35.38513],[139.5164,35.38521],[139.51661,35.38535],[139.51682,35.38554],[139.51704,35.3858],[139.51753,35.38655],[139.51769,35.38682]],[[139.62402,35.46505],[139.62402,35.46491],[139.62403,35.46413],[139.62404,35.46353]],[[139.55719,35.42122],[139.55712,35.42123]],[[139.60053,35.44684],[139.60058,35.44691],[139.60155,35.44807],[139.6017,35.44822],[139.60236,35.44888],[139.60302,35.44952],[139.6035,35.44993],[139.60432,35.45056],[139.60462,35.45076],[139.60478,35.45085],[139.60496,35.45093],[139.60546,35.45115],[139.60554,35.45118],[139.60692,35.4518],[139.60712,35.45189],[139.60739,35.452],[139.60746,35.45204],[139.60754,35.45207],[139.60762,35.45211],[139.60819,35.45236],[139.60869,35.45259],[139.60894,35.4527],[139.60909,35.45277],[139.60918,35.45281]],[[139.59925,35.4456],[139.59917,35.44556],[139.59884,35.44538],[139.59862,35.44525],[139.59792,35.44478],[139.59789,35.44476],[139.59786,35.44474],[139.59739,35.44442],[139.5972,35.44429],[139.59695,35.44412],[139.59675,35.44399],[139.59643,35.44378],[139.5963,35.44374]],[[139.62448,35.4667],[139.62457,35.4668]],[[139.60918,35.45281],[139.60926,35.45284],[139.60928,35.45285],[139.60986,35.45311],[139.61083,35.45354],[139.61113,35.45369]],[[139.62438,35.46615],[139.62425,35.46601],[139.62417,35.4659],[139.62415,35.46586]],[[139.57622,35.43505],[139.57613,35.43481],[139.57607,35.43467],[139.57582,35.43404],[139.57579,35.43389],[139.57577,35.43381],[139.57574,35.43347],[139.57572,35.43312],[139.5757,35.43283]],[[139.57392,35.42967],[139.57388,35.42963],[139.57361,35.42934],[139.57339,35.42913],[139.57318,35.42897],[139.57294,35.42881],[139.57281,35.42872],[139.57269,35.42864],[139.57265,35.42862],[139.57242,35.42847],[139.57219,35.42832],[139.57203,35.42822],[139.57183,35.42809],[139.5715,35.42787],[139.57145,35.42783],[139.5713,35.42771],[139.57116,35.42758],[139.57104,35.42746],[139.57085,35.42725],[139.57073,35.42713],[139.57069,35.42707],[139.57064,35.42703],[139.57044,35.4268],[139.56971,35.42601]],[[139.53989,35.41072],[139.53988,35.41068],[139.53983,35.41054],[139.53964,35.40991],[139.53961,35.4098],[139.53959,35.40976],[139.53949,35.40944],[139.5394,35.40919],[139.53938,35.40913],[139.5393,35.40893],[139.53923,35.40878],[139.53913,35.40864],[139.53899,35.40851],[139.53863,35.40827],[139.53849,35.40817],[139.53838,35.40808],[139.5383,35.40794],[139.53826,35.40783],[139.53822,35.40768],[139.5382,35.40757],[139.53812,35.40707],[139.53811,35.40702],[139.53805,35.40681],[139.53794,35.40663],[139.53783,35.40651],[139.5376,35.40629],[139.53728,35.40601],[139.53722,35.40596],[139.53716,35.40591]],[[139.53994,35.41088],[139.53989,35.41072]],[[139.59995,35.44615],[139.59983,35.44604],[139.59962,35.44585],[139.59953,35.44577],[139.59925,35.4456]],[[139.58679,35.4454],[139.58669,35.44539],[139.58631,35.44536],[139.58615,35.44534],[139.58585,35.44528],[139.58562,35.44525],[139.58554,35.44523]],[[139.52589,35.39278],[139.52566,35.39271],[139.52521,35.39255],[139.52469,35.39233],[139.52433,35.39213],[139.52421,35.39205],[139.5241,35.39195],[139.52403,35.39187],[139.52394,35.39173],[139.52375,35.39149],[139.52361,35.39133],[139.52343,35.39117],[139.52329,35.39107],[139.52316,35.39097],[139.52312,35.39094],[139.52296,35.39079],[139.5228,35.39062],[139.52253,35.39032],[139.52245,35.39024]],[[139.53344,35.40183],[139.53303,35.40165],[139.5329,35.40159],[139.53281,35.40153],[139.53273,35.40148],[139.53268,35.40141],[139.53264,35.40136],[139.53263,35.40134],[139.53257,35.40128],[139.53252,35.40125],[139.53245,35.40123],[139.53238,35.40122],[139.5323,35.40122],[139.5322,35.40123],[139.53211,35.40125]],[[139.54892,35.41849],[139.54886,35.41843],[139.54878,35.41836],[139.54866,35.41828],[139.54826,35.41802],[139.54789,35.41779]],[[139.54789,35.41779],[139.54779,35.41773],[139.54771,35.41767],[139.54767,35.41765],[139.54759,35.4176],[139.54753,35.41756],[139.54746,35.41752],[139.54742,35.41749],[139.54713,35.41731],[139.54681,35.41712],[139.54624,35.41674],[139.5462,35.41671],[139.5461,35.41663],[139.54603,35.41659],[139.54594,35.41652],[139.54585,35.41646],[139.54532,35.41609],[139.54509,35.41595],[139.54493,35.41586],[139.54484,35.41581],[139.54428,35.41552],[139.54388,35.41532],[139.54346,35.41511],[139.5434,35.41509],[139.54334,35.41506],[139.54314,35.41499],[139.54302,35.41494]],[[139.56552,35.42289],[139.56546,35.42283],[139.56531,35.42265],[139.56501,35.42232],[139.56482,35.42214],[139.5646,35.42195],[139.5643,35.42175],[139.56424,35.42171],[139.5639,35.42149],[139.56358,35.42129],[139.56323,35.42107],[139.56302,35.42093],[139.56281,35.42079],[139.56264,35.42067],[139.56242,35.42056],[139.56221,35.42048],[139.56191,35.42041]],[[139.54,35.41105],[139.53998,35.41098],[139.53994,35.41088]],[[139.50011,35.36882],[139.49966,35.36798],[139.49942,35.36755],[139.49928,35.36731],[139.49917,35.36711],[139.49908,35.36695],[139.49889,35.36663],[139.49884,35.36654],[139.49871,35.36635],[139.4985,35.36602],[139.49799,35.36525],[139.49797,35.36522],[139.49789,35.36509],[139.49737,35.36415]],[[139.50004,35.36885],[139.50054,35.36993],[139.50088,35.37056],[139.50091,35.37061],[139.50124,35.37116],[139.50158,35.37171],[139.50203,35.37239],[139.50234,35.37286],[139.50274,35.37346],[139.50298,35.37382],[139.50305,35.37393],[139.50325,35.37422],[139.50343,35.37451]],[[139.5757,35.43283],[139.57569,35.43274],[139.57568,35.43271],[139.57565,35.43262],[139.57561,35.43251],[139.57544,35.43218],[139.57452,35.43059],[139.57412,35.42993],[139.57392,35.42967]],[[139.59056,35.44508],[139.59026,35.44515],[139.59021,35.44517],[139.59015,35.44518],[139.58992,35.44523]],[[139.59061,35.44507],[139.59056,35.44508]],[[139.60925,35.4527],[139.60917,35.45267],[139.60881,35.4525],[139.60849,35.45237],[139.60834,35.45233],[139.60828,35.45231],[139.60768,35.45205],[139.60766,35.45204],[139.60758,35.452],[139.60751,35.45197],[139.60693,35.45171],[139.60678,35.45164],[139.60661,35.45157],[139.60558,35.45111],[139.60551,35.45108],[139.60483,35.45077],[139.60467,35.45069],[139.60438,35.45051],[139.60387,35.45012],[139.60347,35.44981],[139.60326,35.44962],[139.60265,35.44905],[139.60233,35.44874],[139.60222,35.44864],[139.60206,35.44847],[139.602,35.44842],[139.60199,35.44841],[139.60176,35.44817],[139.60146,35.44783],[139.60066,35.44687],[139.60061,35.4468]],[[139.57507,35.43912],[139.57521,35.43883],[139.57544,35.43856],[139.57567,35.43833],[139.57572,35.43827],[139.57573,35.43825],[139.5758,35.43815],[139.57585,35.43806],[139.57593,35.4379],[139.57599,35.43772],[139.57615,35.43702],[139.57629,35.43646],[139.57632,35.43622],[139.5763,35.43571],[139.57629,35.43536],[139.57626,35.43521],[139.57625,35.43512],[139.57622,35.43505]],[[139.58554,35.44523],[139.58537,35.4452],[139.58524,35.44517]],[[139.62737,35.47],[139.62738,35.47004],[139.62738,35.47007],[139.62737,35.47011],[139.62702,35.4706],[139.62696,35.47067],[139.62692,35.47071]],[[139.54061,35.41211],[139.54054,35.412],[139.54015,35.41136],[139.54009,35.41123],[139.54,35.41105]],[[139.56006,35.42049],[139.55994,35.42052],[139.55969,35.42058],[139.55941,35.42065],[139.55931,35.42068],[139.55893,35.42078],[139.55855,35.42087],[139.55763,35.42111],[139.55756,35.42113],[139.5573,35.42119],[139.55719,35.42122]],[[139.62752,35.46995],[139.62706,35.46941],[139.62703,35.46937],[139.62664,35.46888],[139.62659,35.46882],[139.62642,35.4686],[139.62597,35.46805],[139.62591,35.46797]],[[139.62591,35.46797],[139.62583,35.46788],[139.62507,35.46697]],[[139.62565,35.46809],[139.62573,35.46818],[139.62626,35.4687],[139.62645,35.4689],[139.6265,35.46896],[139.62686,35.4694],[139.62715,35.46973],[139.62733,35.46994],[139.62737,35.47]],[[139.62406,35.46061],[139.62405,35.46051],[139.624,35.46028]],[[139.62368,35.46059],[139.62368,35.46071],[139.62368,35.46094],[139.62372,35.4622],[139.62372,35.46232],[139.62371,35.46287]],[[139.60061,35.4468],[139.60054,35.44671],[139.60029,35.44644],[139.60025,35.44641],[139.59998,35.44619],[139.59995,35.44615]],[[139.53649,35.40518],[139.53652,35.40512],[139.53655,35.40506],[139.53658,35.40499],[139.53659,35.40491],[139.53659,35.40473],[139.53661,35.40465],[139.53663,35.40458],[139.53671,35.4044],[139.53682,35.40421],[139.5369,35.40406],[139.53694,35.40398],[139.53696,35.40386],[139.53696,35.40373],[139.53694,35.40361],[139.53692,35.40352],[139.5369,35.40347],[139.53682,35.40335],[139.53673,35.40326],[139.53657,35.40315],[139.53627,35.40295],[139.53582,35.40269],[139.53567,35.4026],[139.53554,35.40254],[139.53553,35.40253],[139.53536,35.40248]],[[139.62405,35.46294],[139.62405,35.46282]],[[139.58679,35.44548],[139.58701,35.44549],[139.58798,35.44554],[139.58826,35.44554],[139.58839,35.44553]],[[139.58483,35.44519],[139.58507,35.44524]],[[139.57717,35.44411],[139.57708,35.44396]],[[139.58992,35.44523],[139.58963,35.44526],[139.58922,35.4453],[139.58882,35.44539],[139.58852,35.44543],[139.58838,35.44545]],[[139.58552,35.44531],[139.58559,35.44533],[139.58607,35.44541],[139.58634,35.44545],[139.58658,35.44547],[139.58669,35.44548],[139.58679,35.44548]],[[139.59923,35.44569],[139.59945,35.44582],[139.59958,35.44592],[139.5998,35.44612],[139.59992,35.44623],[139.60029,35.44658],[139.60045,35.44676],[139.60053,35.44684]],[[139.58838,35.44545],[139.5881,35.44546],[139.58781,35.44544],[139.58679,35.4454]],[[139.58839,35.44553],[139.58856,35.44551],[139.58911,35.44541],[139.58949,35.44533],[139.58992,35.44523]],[[139.49529,35.36194],[139.49586,35.36256],[139.49606,35.36277],[139.4964,35.36313],[139.49647,35.36321],[139.4969,35.36368],[139.49704,35.36385],[139.49716,35.364],[139.49727,35.36417],[139.49747,35.36451],[139.4977,35.36491],[139.4978,35.36509],[139.49789,35.36524],[139.49856,35.36626],[139.49868,35.36644],[139.49876,35.36657],[139.49901,35.36699],[139.49921,35.36733],[139.49934,35.36757],[139.49958,35.368],[139.50004,35.36885]],[[139.54302,35.41494],[139.54285,35.41488]],[[139.55031,35.41992],[139.55015,35.41979],[139.54984,35.41952],[139.54958,35.41931],[139.54952,35.41925],[139.54949,35.41922],[139.54944,35.41917],[139.54939,35.41911],[139.5493,35.41899],[139.54924,35.41891],[139.54914,35.41875],[139.54905,35.41863],[139.54892,35.41849]],[[139.55382,35.42103],[139.55351,35.42097],[139.55325,35.42091],[139.55317,35.42089]],[[139.59549,35.44407],[139.59541,35.44408],[139.59522,35.44412],[139.59471,35.44422],[139.59432,35.4443],[139.59409,35.44434],[139.59402,35.44436],[139.5938,35.4444],[139.59376,35.44441],[139.59352,35.44445],[139.59331,35.4445],[139.59289,35.44459],[139.5928,35.44461],[139.59185,35.4448],[139.59171,35.44482],[139.5915,35.44487],[139.59145,35.44488],[139.59125,35.44492],[139.59122,35.44492],[139.59104,35.44496],[139.59093,35.44498],[139.59061,35.44507]],[[139.58363,35.44491],[139.58348,35.4449],[139.58328,35.44491]],[[139.58328,35.44491],[139.58301,35.44493],[139.58274,35.44498],[139.58218,35.44507],[139.58207,35.44509],[139.58193,35.44511],[139.58161,35.44516],[139.58122,35.44523],[139.58072,35.44531],[139.58056,35.44533],[139.5803,35.44534],[139.57989,35.44535],[139.57962,35.44534],[139.57937,35.44532],[139.57932,35.44532],[139.57901,35.44528],[139.57873,35.44523],[139.57855,35.4452],[139.57835,35.44514],[139.5782,35.44508]],[[139.61113,35.45369],[139.61135,35.45378],[139.61213,35.45414],[139.61237,35.45425]],[[139.62464,35.46688],[139.62482,35.4671]],[[139.62457,35.4668],[139.62464,35.46688]],[[139.62469,35.46652],[139.62438,35.46615]],[[139.62488,35.46675],[139.62469,35.46652]],[[139.5673,35.42476],[139.56724,35.42472],[139.56714,35.42465],[139.56713,35.42464],[139.56701,35.42455],[139.56686,35.42441],[139.56646,35.42396],[139.56623,35.42369],[139.56609,35.42353],[139.56563,35.42301],[139.56558,35.42296],[139.56552,35.42289]],[[139.56026,35.42046],[139.56006,35.42049]],[[139.52784,35.39303],[139.52755,35.39297],[139.52734,35.39293],[139.52721,35.39292],[139.52706,35.39292],[139.52696,35.39292],[139.52662,35.39292]],[[139.58507,35.44524],[139.58534,35.44528],[139.58552,35.44531]],[[139.578,35.44507],[139.57802,35.44509],[139.57819,35.44516],[139.57838,35.44523],[139.57857,35.44529],[139.57878,35.44533],[139.57887,35.44534],[139.57911,35.44538],[139.57932,35.4454],[139.57945,35.44541],[139.57977,35.44543],[139.57988,35.44543],[139.5801,35.44543],[139.58038,35.44542],[139.58055,35.4454],[139.58076,35.44539],[139.58125,35.44531],[139.58208,35.44517],[139.5822,35.44515],[139.58287,35.44504],[139.58314,35.445],[139.5833,35.44499],[139.58354,35.44499],[139.58368,35.445]],[[139.57805,35.44501],[139.57781,35.44485],[139.5777,35.44477],[139.5776,35.44468],[139.57753,35.44461],[139.5775,35.44458],[139.57743,35.44448],[139.57717,35.44411]],[[139.57808,35.44502],[139.57805,35.44501]],[[139.5782,35.44508],[139.57815,35.44506],[139.57808,35.44502]],[[139.52662,35.39292],[139.52637,35.3929],[139.52625,35.39289],[139.52611,35.39286],[139.52589,35.39278]],[[139.52791,35.39306],[139.52784,35.39303]],[[139.58394,35.44493],[139.58389,35.44492],[139.58363,35.44491]],[[139.58405,35.44504],[139.58483,35.44519]],[[139.58386,35.44501],[139.58405,35.44504]],[[139.5837,35.445],[139.58386,35.44501]],[[139.57708,35.44396],[139.57679,35.44349],[139.57674,35.4434],[139.5766,35.44318]],[[139.57721,35.44419],[139.57734,35.4445],[139.57743,35.44463],[139.57753,35.44473],[139.57771,35.44489],[139.57773,35.44491],[139.57781,35.44497],[139.578,35.44507]],[[139.51249,35.38103],[139.51196,35.38051],[139.51166,35.38028],[139.51134,35.38006],[139.51109,35.37992],[139.51103,35.37989],[139.51041,35.3796],[139.51034,35.37957],[139.51028,35.37954],[139.51021,35.37951],[139.50966,35.37925],[139.50919,35.37903]],[[139.51316,35.38162],[139.51288,35.3814],[139.51273,35.38125],[139.51249,35.38103]],[[139.50915,35.37908],[139.51024,35.37959],[139.51031,35.37962],[139.5104,35.37966],[139.511,35.37994],[139.5113,35.38011],[139.51162,35.38033],[139.51183,35.3805]],[[139.51183,35.3805],[139.51199,35.38064],[139.51244,35.38108]],[[139.51769,35.38682],[139.51782,35.38695],[139.51786,35.38701],[139.51791,35.38707],[139.51798,35.38714],[139.51804,35.38721],[139.5181,35.38726],[139.51828,35.38742],[139.51851,35.38759],[139.51873,35.38776],[139.51924,35.38816],[139.51953,35.38839],[139.51999,35.3888],[139.52042,35.38933],[139.52083,35.38991],[139.52096,35.39009],[139.52134,35.39061],[139.52151,35.39079],[139.52178,35.39107]],[[139.50104,35.37056],[139.50067,35.3699],[139.50066,35.36988],[139.50036,35.36931],[139.50011,35.36882]],[[139.62359,35.45954],[139.62352,35.45944]],[[139.62652,35.47107],[139.62661,35.47102]],[[139.62692,35.47071],[139.62687,35.47075]],[[139.62694,35.47083],[139.627,35.47078]],[[139.51738,35.38601],[139.51725,35.38582]],[[139.51594,35.38481],[139.51566,35.3847],[139.5155,35.38461],[139.5153,35.38447],[139.51517,35.38434],[139.51505,35.38414],[139.51493,35.38387],[139.51477,35.38349],[139.51465,35.38326],[139.51442,35.38271],[139.51433,35.38255],[139.51411,35.38229],[139.51402,35.3822],[139.51386,35.38206],[139.51326,35.38169],[139.51316,35.38162]],[[139.51725,35.38582],[139.51715,35.38567],[139.51699,35.38547],[139.51678,35.38525],[139.51661,35.38511],[139.51642,35.38499],[139.51621,35.38491],[139.51594,35.38481]]]}},{"type":"Feature","properties":{"ref":"5","name":"首都高速5号池袋線","type":"expressway"},"geometry":{"type":"MultiLineString","coordinates":[[[139.70827,35.74742],[139.70825,35.74814],[139.70826,35.74865],[139.70832,35.74981],[139.70838,35.75057],[139.70846,35.75153],[139.70852,35.75234],[139.70855,35.7529],[139.70853,35.75318],[139.70852,35.75327],[139.70849,35.75337],[139.70847,35.75345],[139.70845,35.75355],[139.70826,35.75413],[139.70815,35.75449],[139.70811,35.7546],[139.70786,35.75523],[139.70758,35.75592],[139.70728,35.7567],[139.70674,35.75813],[139.70552,35.76126],[139.70427,35.76439],[139.70393,35.76532],[139.70367,35.76597],[139.70363,35.76604],[139.70358,35.76614],[139.70353,35.76622],[139.70348,35.76629],[139.70342,35.76636],[139.70337,35.76642],[139.70331,35.76647],[139.70324,35.76652],[139.70318,35.76656],[139.7031,35.7666],[139.70302,35.76664],[139.70292,35.76668],[139.70283,35.76671],[139.70272,35.76675],[139.70261,35.76678],[139.70242,35.76682],[139.70222,35.76685],[139.70194,35.7669],[139.70025,35.76711],[139.69994,35.76716],[139.69969,35.76722],[139.69946,35.76729],[139.69922,35.76737],[139.69902,35.76744],[139.69883,35.76753],[139.69863,35.76763],[139.69829,35.76783],[139.69772,35.76815],[139.69611,35.76912],[139.69591,35.76926],[139.69576,35.76938],[139.69562,35.76951],[139.6955,35.76964],[139.69538,35.76979],[139.69529,35.76993],[139.69516,35.77014],[139.69495,35.77053],[139.69478,35.77082],[139.69464,35.77105],[139.69452,35.77123],[139.69441,35.77137],[139.69429,35.7715],[139.69419,35.77159],[139.69409,35.77168],[139.69398,35.77176],[139.6938,35.77188],[139.69364,35.77196],[139.69344,35.77206],[139.69326,35.77213],[139.69302,35.77221],[139.69273,35.77229],[139.6924,35.77238],[139.68704,35.77366],[139.68676,35.77374],[139.68646,35.77381],[139.68617,35.7739],[139.68581,35.77403],[139.6856,35.77411],[139.68526,35.77424],[139.68493,35.77436],[139.68469,35.77445],[139.68451,35.77449],[139.68406,35.77462],[139.67814,35.77614],[139.67795,35.7762],[139.67775,35.77626],[139.67755,35.77633],[139.67735,35.77641],[139.67714,35.77651],[139.67695,35.7766],[139.67657,35.7768],[139.67449,35.778],[139.67431,35.77811],[139.67416,35.77821],[139.67404,35.77831],[139.67393,35.77841],[139.67383,35.77852],[139.67374,35.77865],[139.67367,35.77876],[139.67361,35.77887],[139.67355,35.77901],[139.67349,35.77915],[139.67344,35.77928],[139.67326,35.77985],[139.67319,35.78],[139.67315,35.78009],[139.67311,35.78017],[139.67307,35.78026],[139.67303,35.78032],[139.67299,35.78037],[139.67295,35.78042],[139.6729,35.78047],[139.67285,35.78052],[139.67278,35.78058],[139.67271,35.78063],[139.67264,35.78068],[139.67257,35.78072],[139.67249,35.78076],[139.6724,35.7808],[139.67231,35.78084],[139.67218,35.78088],[139.67207,35.78091],[139.67194,35.78093],[139.67181,35.78095],[139.67157,35.78097],[139.671,35.78102],[139.6697,35.78112],[139.66845,35.78123],[139.66716,35.78133],[139.66627,35.78141],[139.66548,35.78151],[139.66489,35.78161],[139.66432,35.78172],[139.66319,35.78196],[139.66183,35.78225],[139.65964,35.78272],[139.65877,35.78291],[139.65799,35.78309],[139.65684,35.78338],[139.65436,35.78405],[139.6538,35.7842],[139.65092,35.78493],[139.64836,35.78562],[139.64806,35.7857],[139.64785,35.78575],[139.64767,35.78578],[139.6475,35.78581],[139.64733,35.78583],[139.64717,35.78584],[139.64701,35.78585],[139.64616,35.78584],[139.64598,35.78585],[139.64581,35.78586],[139.64566,35.78588],[139.64552,35.7859],[139.64538,35.78593],[139.64524,35.78597],[139.64508,35.78602],[139.64498,35.78607],[139.64489,35.78611],[139.6448,35.78615],[139.6447,35.78621],[139.6446,35.78628],[139.64449,35.78636],[139.64439,35.78645],[139.64427,35.78657],[139.64417,35.78669],[139.64407,35.78682],[139.64399,35.78695],[139.64387,35.78715],[139.64378,35.78731],[139.64365,35.78756],[139.64355,35.78778],[139.64345,35.78804],[139.64337,35.78826],[139.64333,35.78841],[139.64329,35.78856],[139.64325,35.78873],[139.6432,35.78893],[139.64317,35.78911],[139.64315,35.78928],[139.64314,35.78946],[139.64313,35.78962],[139.64313,35.78976],[139.64314,35.78992],[139.64315,35.79011],[139.64316,35.7903],[139.64319,35.79046],[139.64322,35.79063],[139.64325,35.79078],[139.6433,35.79098],[139.64336,35.79118],[139.64343,35.79138],[139.64375,35.79216],[139.64426,35.79342],[139.64522,35.79584],[139.64778,35.80199],[139.64856,35.80389],[139.64883,35.80454],[139.649,35.80497],[139.64911,35.80535],[139.6492,35.80572],[139.64926,35.80608],[139.64929,35.80642],[139.6493,35.80678],[139.64929,35.80712],[139.64926,35.80742],[139.64917,35.80808],[139.64877,35.8109],[139.64848,35.81303],[139.64841,35.81343],[139.64833,35.81381],[139.64823,35.81418],[139.64811,35.81457],[139.648,35.81487],[139.64775,35.81541],[139.6476,35.81568],[139.64743,35.81596],[139.64721,35.8163],[139.64694,35.81667],[139.64603,35.81773]],[[139.75417,35.69423],[139.75493,35.69402],[139.75504,35.69399],[139.75515,35.69395],[139.75524,35.69392],[139.75534,35.69388],[139.75544,35.69383],[139.75552,35.69377],[139.75561,35.69371],[139.75568,35.69365],[139.75576,35.69357],[139.75583,35.69349],[139.75589,35.69341],[139.75594,35.69333],[139.75599,35.69324],[139.75602,35.69314],[139.75605,35.69304],[139.75606,35.69294],[139.75607,35.69284],[139.75607,35.69274],[139.75606,35.69262]],[[139.7079,35.74265],[139.7078,35.74249],[139.70774,35.74239],[139.7076,35.7422],[139.7074,35.74194],[139.70731,35.74182],[139.70725,35.74174],[139.7072,35.74166],[139.70716,35.74159],[139.70714,35.74154],[139.70712,35.74149],[139.70711,35.74143],[139.70709,35.74136],[139.70709,35.7413],[139.70709,35.74126],[139.70709,35.74121],[139.7071,35.74116],[139.70712,35.7411],[139.70714,35.74104],[139.70716,35.741],[139.70718,35.74095],[139.70721,35.74091],[139.70724,35.74086],[139.70726,35.74083],[139.70729,35.74079],[139.70733,35.74076],[139.70737,35.74073],[139.7075,35.74063],[139.70762,35.74055],[139.70779,35.74046],[139.70826,35.7402],[139.70928,35.73966],[139.71063,35.73893],[139.7136,35.73741],[139.71373,35.73733],[139.71386,35.73726],[139.71396,35.73719],[139.71406,35.73711],[139.71415,35.73703],[139.71426,35.73692],[139.71435,35.73681],[139.71446,35.73665],[139.71512,35.73561],[139.71526,35.73539],[139.71537,35.73524],[139.71549,35.73508],[139.71644,35.73401],[139.71654,35.73388],[139.71661,35.73378],[139.71665,35.73369],[139.71669,35.73361],[139.71673,35.73351],[139.71675,35.73341],[139.71677,35.73331],[139.71679,35.73321],[139.71679,35.73309],[139.71687,35.73131],[139.71688,35.73074],[139.7169,35.73012],[139.71691,35.72977],[139.71693,35.72937],[139.71698,35.72886],[139.71707,35.72802],[139.71709,35.72787],[139.71712,35.72768],[139.71715,35.72756],[139.71718,35.72744],[139.71721,35.72734],[139.71725,35.72725],[139.7173,35.72717],[139.71735,35.72708],[139.7174,35.727],[139.71747,35.72693],[139.71756,35.72683],[139.71771,35.7267],[139.71789,35.72655],[139.71807,35.72643],[139.722,35.72392],[139.72235,35.72369],[139.72244,35.72362],[139.72251,35.72356],[139.72258,35.72349],[139.72265,35.7234],[139.72271,35.72331],[139.72277,35.72321],[139.72281,35.72311],[139.72285,35.72301],[139.72288,35.72292],[139.72303,35.72236],[139.72309,35.72216],[139.72314,35.72201],[139.72321,35.72185],[139.72328,35.72169],[139.72336,35.72155],[139.72397,35.72047],[139.72409,35.72028],[139.7242,35.72013],[139.72434,35.71996],[139.72441,35.71989],[139.7245,35.71981],[139.72461,35.71973],[139.72471,35.71967],[139.72484,35.7196],[139.725,35.71953],[139.72514,35.71949],[139.72536,35.71942],[139.72579,35.71931],[139.72599,35.71925],[139.72617,35.71919],[139.7263,35.71914],[139.7264,35.71908],[139.72651,35.71901],[139.7266,35.71895],[139.72669,35.71886],[139.72675,35.71879],[139.72682,35.71871],[139.72688,35.71862],[139.72693,35.71853],[139.72736,35.71764],[139.73006,35.71226],[139.73019,35.71201],[139.7303,35.71181],[139.73045,35.71159],[139.7306,35.71138],[139.73078,35.7112],[139.73093,35.71105],[139.73107,35.71094],[139.73121,35.71084],[139.73139,35.71073],[139.73159,35.71062],[139.73183,35.71051],[139.73235,35.71027],[139.7341,35.70956],[139.73447,35.70942],[139.73474,35.70934],[139.73498,35.70927],[139.73524,35.70921],[139.73555,35.70916],[139.73597,35.70908],[139.74239,35.70814],[139.74256,35.70811],[139.74267,35.70808],[139.74277,35.70805],[139.74287,35.70801],[139.74298,35.70796],[139.74306,35.70791],[139.74312,35.70786],[139.74317,35.70782],[139.74322,35.70778],[139.74326,35.70773],[139.74332,35.70765],[139.74338,35.70756],[139.74344,35.70745],[139.74347,35.70736],[139.74351,35.70726],[139.74359,35.7069],[139.74363,35.70676],[139.74374,35.7063],[139.74385,35.70594],[139.74401,35.70548],[139.74425,35.70477],[139.74447,35.70416],[139.74453,35.70398],[139.74458,35.70386],[139.74463,35.70375],[139.7447,35.70363],[139.74475,35.70355],[139.7448,35.70348],[139.74486,35.70342],[139.74491,35.70336],[139.745,35.7033],[139.74509,35.70323],[139.74519,35.70318],[139.74529,35.70313],[139.74537,35.7031],[139.74545,35.70308],[139.74554,35.70305],[139.74564,35.70303],[139.74575,35.70301],[139.74584,35.703],[139.74593,35.703],[139.74609,35.70299],[139.74621,35.70299],[139.74626,35.70299],[139.74818,35.70303],[139.7485,35.70303],[139.74867,35.70304],[139.74884,35.70304],[139.74896,35.70303],[139.74907,35.70303],[139.74917,35.70302],[139.74926,35.703],[139.74935,35.70299],[139.74943,35.70297],[139.74952,35.70294],[139.74959,35.70292],[139.74967,35.70289],[139.74975,35.70285],[139.74983,35.7028],[139.74991,35.70275],[139.74999,35.70269],[139.75007,35.70263],[139.75014,35.70257],[139.7502,35.7025],[139.75026,35.70243],[139.75031,35.70236],[139.75036,35.70228],[139.75042,35.70219],[139.75048,35.70208],[139.75121,35.70074],[139.7519,35.69947],[139.75204,35.69921],[139.75211,35.69906],[139.75217,35.69893],[139.75222,35.69879],[139.75226,35.69864],[139.75229,35.6985],[139.75235,35.69819],[139.75244,35.69771],[139.75252,35.69724],[139.75271,35.69619],[139.75281,35.69565],[139.75282,35.6956],[139.75284,35.69555],[139.75285,35.6955],[139.75288,35.69544],[139.7529,35.6954],[139.75292,35.69535],[139.75297,35.69526],[139.75303,35.69517],[139.75311,35.69507],[139.75319,35.69496],[139.75329,35.69485],[139.7534,35.69474],[139.75351,35.69465],[139.75363,35.69456],[139.75374,35.6945],[139.75386,35.69443],[139.75399,35.69438],[139.75411,35.69433],[139.75425,35.69429],[139.7544,35.69424],[139.75487,35.69413],[139.75501,35.69409],[139.75513,35.69405],[139.75523,35.69401],[139.75532,35.69398],[139.75541,35.69393],[139.7555,35.69387],[139.75559,35.6938],[139.75568,35.69372],[139.75589,35.69351],[139.756,35.69341],[139.75632,35.69309],[139.75738,35.69205]],[[139.7528,35.69028],[139.75356,35.69065],[139.75383,35.69076],[139.75409,35.69087]],[[139.70762,35.74047],[139.70746,35.7406],[139.70733,35.7407],[139.70729,35.74073],[139.70726,35.74077],[139.70722,35.74081],[139.70719,35.74084],[139.70716,35.74089],[139.70714,35.74094],[139.70711,35.74098],[139.70709,35.74103],[139.70707,35.74109],[139.70706,35.74116],[139.70705,35.74121],[139.70705,35.74126],[139.70705,35.7413],[139.70706,35.74137],[139.70708,35.74144],[139.70709,35.7415],[139.70711,35.74155],[139.70714,35.74161],[139.70718,35.74168],[139.70723,35.74175],[139.70728,35.74183],[139.70738,35.74194],[139.70758,35.74221],[139.70773,35.74241],[139.70788,35.74266]],[[139.75518,35.69129],[139.75529,35.69134],[139.7554,35.6914],[139.75548,35.69146],[139.75555,35.69151],[139.75561,35.69156],[139.75566,35.69162],[139.75571,35.69167],[139.75575,35.69174],[139.75579,35.69181],[139.75582,35.69187],[139.75584,35.69194],[139.75587,35.69205],[139.7559,35.69219],[139.75593,35.69234],[139.75594,35.69248],[139.75596,35.69261]],[[139.75464,35.69402],[139.75423,35.69413],[139.75408,35.69417],[139.75395,35.69422],[139.75377,35.6943],[139.75363,35.69437],[139.75348,35.69446],[139.75336,35.69455],[139.75324,35.69466],[139.75314,35.69476],[139.75304,35.69488],[139.75296,35.69499],[139.7529,35.6951],[139.75284,35.69521],[139.7528,35.69532],[139.75276,35.69544]],[[139.64162,35.82296],[139.64321,35.82116],[139.64442,35.81975],[139.64521,35.81883]],[[139.70681,35.75841],[139.70763,35.75621],[139.708,35.75529],[139.70813,35.75493],[139.70824,35.75457],[139.7083,35.75434],[139.70835,35.75415],[139.7085,35.75356],[139.70852,35.75345],[139.70853,35.75337],[139.70854,35.75328],[139.70855,35.75318],[139.70857,35.7529],[139.70855,35.75234],[139.70849,35.75153],[139.7084,35.75057],[139.70834,35.74981],[139.70827,35.74865],[139.70828,35.74814],[139.70831,35.74742]],[[139.64521,35.81883],[139.64638,35.81748]],[[139.64527,35.81861],[139.64432,35.81971],[139.64316,35.82106],[139.64199,35.82241],[139.64154,35.82293]],[[139.75417,35.69074],[139.75321,35.69036]],[[139.75778,35.69162],[139.7577,35.69168],[139.75762,35.69174],[139.75753,35.6918],[139.75746,35.69187],[139.75731,35.69201],[139.75608,35.69321],[139.75587,35.69342],[139.75579,35.6935],[139.75571,35.69357],[139.75562,35.69364],[139.75552,35.6937],[139.75542,35.69376],[139.75532,35.69381],[139.75522,35.69385],[139.75512,35.69389],[139.75501,35.69392],[139.75491,35.69395],[139.75464,35.69402]],[[139.74155,35.70818],[139.73591,35.70902],[139.73554,35.70908],[139.73522,35.70914],[139.73496,35.7092],[139.7347,35.70927],[139.73444,35.70936],[139.73409,35.70948],[139.73231,35.71021],[139.73177,35.71044],[139.73153,35.71056],[139.73133,35.71068],[139.73116,35.71078],[139.73101,35.71088],[139.73086,35.711],[139.7307,35.71115],[139.73053,35.71134],[139.73037,35.71155],[139.73022,35.71178],[139.7301,35.712],[139.72997,35.71224],[139.72707,35.718],[139.72684,35.71846],[139.72677,35.71858],[139.72671,35.71867],[139.72664,35.71875],[139.72659,35.71881],[139.72651,35.71888],[139.72643,35.71894],[139.72634,35.719],[139.72624,35.71906],[139.72612,35.71911],[139.72596,35.71918],[139.72577,35.71923],[139.72541,35.71932],[139.72518,35.71938],[139.72499,35.71944],[139.72481,35.71951],[139.72465,35.71959],[139.72454,35.71966],[139.72447,35.7197],[139.72439,35.71976],[139.72433,35.71981],[139.72427,35.71987],[139.72422,35.71993],[139.72417,35.71999],[139.72412,35.72006],[139.72407,35.72013],[139.72399,35.72026],[139.72388,35.72044],[139.72328,35.72152],[139.72319,35.72167],[139.72311,35.72182],[139.72305,35.72199],[139.72299,35.72214],[139.72294,35.7223],[139.72278,35.72289],[139.72275,35.723],[139.72271,35.72308],[139.72266,35.72318],[139.7226,35.72327],[139.72255,35.72336],[139.72248,35.72343],[139.72242,35.7235],[139.72235,35.72356],[139.72228,35.72362],[139.72212,35.72375],[139.72192,35.72388],[139.71801,35.72637],[139.71783,35.7265],[139.71768,35.7266],[139.71754,35.72672],[139.71745,35.7268],[139.71738,35.72688],[139.71731,35.72696],[139.71725,35.72705],[139.7172,35.72714],[139.71715,35.72722],[139.71711,35.72731],[139.71708,35.72742],[139.71705,35.72754],[139.71703,35.72767],[139.717,35.72787],[139.71688,35.72885],[139.71684,35.72937],[139.71682,35.72976],[139.71681,35.73012],[139.71679,35.73073],[139.71677,35.73131],[139.71672,35.73303],[139.7167,35.73317],[139.71668,35.73328],[139.71666,35.73339],[139.71663,35.7335],[139.71659,35.73359],[139.71654,35.73369],[139.71647,35.7338],[139.71643,35.73387],[139.71637,35.73395],[139.7163,35.73404],[139.71577,35.73464],[139.7155,35.73495],[139.71529,35.7352],[139.71507,35.73552],[139.71487,35.73585],[139.71441,35.73662],[139.71432,35.73674],[139.71425,35.73683],[139.71415,35.73694],[139.71407,35.73701],[139.71396,35.73709],[139.71387,35.73716],[139.71378,35.73722],[139.71368,35.73729],[139.71358,35.73734],[139.71097,35.73865],[139.71053,35.73887],[139.709,35.7396],[139.70854,35.73982],[139.70837,35.73992],[139.70821,35.74003],[139.70805,35.74015],[139.70762,35.74047]],[[139.75606,35.69262],[139.75604,35.69251],[139.75595,35.69197],[139.75593,35.69189],[139.75591,35.69182],[139.75588,35.69173],[139.75584,35.69165],[139.75579,35.69158],[139.75576,35.69153],[139.75572,35.69148],[139.75567,35.69143],[139.75562,35.69138],[139.75555,35.69133],[139.7555,35.69129],[139.75543,35.69125],[139.75536,35.69122],[139.75522,35.69116],[139.75417,35.69074]],[[139.64638,35.81748],[139.64705,35.81672],[139.64732,35.81635],[139.64755,35.816],[139.64772,35.81571],[139.64788,35.81544],[139.64812,35.81492],[139.64825,35.81457],[139.64836,35.81422],[139.64845,35.81385],[139.64852,35.81353],[139.64857,35.81321],[139.64875,35.81193],[139.64887,35.81092],[139.64912,35.8091],[139.64928,35.80808],[139.64936,35.80742],[139.64939,35.80711],[139.6494,35.80678],[139.6494,35.80641],[139.64937,35.80607],[139.6493,35.80571],[139.64922,35.80534],[139.6491,35.80494],[139.64894,35.80451],[139.64867,35.80386],[139.64788,35.80196],[139.64532,35.79582],[139.64435,35.7934],[139.64384,35.79214],[139.64366,35.79171],[139.64355,35.79143],[139.64345,35.79116],[139.6434,35.79096],[139.64335,35.79077],[139.64331,35.79061],[139.64328,35.79045],[139.64326,35.79029],[139.64324,35.79011],[139.64323,35.78993],[139.64322,35.78977],[139.64323,35.78962],[139.64323,35.78946],[139.64325,35.78926],[139.64327,35.78912],[139.6433,35.78894],[139.64334,35.78875],[139.64338,35.78858],[139.64342,35.78843],[139.64346,35.78828],[139.64353,35.78808],[139.64364,35.78781],[139.64374,35.78759],[139.64386,35.78735],[139.64408,35.78698],[139.64416,35.78686],[139.64426,35.78674],[139.64436,35.78663],[139.64448,35.78651],[139.64458,35.78643],[139.64467,35.78636],[139.64477,35.7863],[139.64487,35.78623],[139.64496,35.78619],[139.64505,35.78615],[139.64515,35.7861],[139.64531,35.78605],[139.64545,35.78601],[139.64563,35.78598],[139.64582,35.78595],[139.64597,35.78594],[139.64614,35.78593],[139.64643,35.78592],[139.64711,35.78593],[139.64745,35.78592],[139.64763,35.78591],[139.64776,35.7859],[139.64793,35.78588],[139.64808,35.78585],[139.64826,35.78581],[139.64842,35.78577],[139.65098,35.78508],[139.65382,35.78426],[139.65439,35.7841],[139.65685,35.78342],[139.65801,35.78313],[139.65877,35.78295],[139.65965,35.78276],[139.66184,35.78229],[139.6632,35.782],[139.66433,35.78176],[139.66491,35.78165],[139.6655,35.78155],[139.66626,35.78146],[139.66716,35.78138],[139.66845,35.78127],[139.66971,35.78117],[139.67101,35.78109],[139.67157,35.78104],[139.67181,35.78102],[139.67196,35.781],[139.6721,35.78098],[139.67222,35.78095],[139.67234,35.78092],[139.67245,35.78088],[139.67254,35.78084],[139.67263,35.78079],[139.67271,35.78075],[139.67279,35.7807],[139.67287,35.78064],[139.67293,35.78058],[139.67299,35.78052],[139.67303,35.78047],[139.67308,35.78042],[139.67312,35.78036],[139.67316,35.78029],[139.6732,35.7802],[139.67325,35.7801],[139.67328,35.78002],[139.67332,35.77992],[139.67352,35.7793],[139.67357,35.77917],[139.67363,35.77902],[139.67369,35.7789],[139.67375,35.77878],[139.67382,35.77868],[139.6739,35.77856],[139.674,35.77846],[139.67411,35.77836],[139.67422,35.77826],[139.67436,35.77816],[139.67453,35.77805],[139.67662,35.77687],[139.67682,35.77677],[139.67703,35.77666],[139.67721,35.77659],[139.67738,35.77652],[139.67754,35.77647],[139.6777,35.77643],[139.67793,35.77636],[139.67821,35.7763],[139.68166,35.77542],[139.68414,35.77476],[139.68424,35.77472]],[[139.64603,35.81773],[139.64527,35.81861]],[[139.70414,35.76529],[139.70444,35.76451],[139.70464,35.764],[139.70499,35.76308],[139.70531,35.76232],[139.7057,35.76129],[139.70681,35.75841]],[[139.68548,35.7743],[139.68556,35.77427],[139.68561,35.77425]],[[139.68561,35.77425],[139.68568,35.77422],[139.6859,35.77412],[139.68611,35.77403],[139.68633,35.77394],[139.68651,35.77388],[139.68679,35.77381],[139.68707,35.77373],[139.69242,35.77245],[139.69273,35.77238],[139.69302,35.77229],[139.69326,35.77222],[139.69348,35.77213],[139.6937,35.77204],[139.69388,35.77194],[139.69406,35.77182],[139.69416,35.77175],[139.69427,35.77166],[139.69437,35.77156],[139.6945,35.77142],[139.69461,35.77127],[139.69474,35.77108],[139.69487,35.77086],[139.69504,35.77056],[139.69526,35.77017],[139.69539,35.76997],[139.69548,35.76984],[139.6956,35.76968],[139.69572,35.76955],[139.69585,35.76943],[139.69599,35.76932],[139.69615,35.76921],[139.6967,35.76885],[139.6979,35.76814],[139.6983,35.76792],[139.69867,35.76771],[139.69888,35.7676],[139.69908,35.76751],[139.69927,35.76744],[139.69947,35.76737],[139.69972,35.7673],[139.69996,35.76725],[139.70026,35.7672],[139.70079,35.76713],[139.70197,35.76698],[139.70234,35.76693],[139.70255,35.76689],[139.70275,35.76685],[139.70287,35.76682],[139.70299,35.76679],[139.70308,35.76676],[139.70318,35.76672],[139.70327,35.76667],[139.70334,35.76662],[139.70342,35.76657],[139.70351,35.7665],[139.70358,35.76643],[139.70364,35.76637],[139.7037,35.7663],[139.70375,35.76622],[139.7038,35.76615],[139.70386,35.76605],[139.70393,35.76589],[139.70414,35.76529]],[[139.75784,35.69167],[139.75799,35.69159],[139.7581,35.69154],[139.75821,35.69149],[139.75833,35.69146],[139.75845,35.69142],[139.75864,35.69139],[139.75882,35.69137],[139.759,35.69135],[139.75917,35.69135],[139.76016,35.69133],[139.7603,35.69132],[139.7604,35.69131],[139.7605,35.6913],[139.7606,35.69128],[139.76071,35.69126],[139.76084,35.69122],[139.76095,35.69117],[139.76107,35.69112],[139.7612,35.69104]],[[139.75284,35.69555],[139.75286,35.69545],[139.75289,35.69535],[139.75293,35.69525],[139.75298,35.69514],[139.75305,35.69503],[139.75312,35.69493],[139.75321,35.69481],[139.75332,35.6947],[139.75344,35.6946]],[[139.68424,35.77472],[139.68433,35.77469],[139.68475,35.77455],[139.6852,35.77441],[139.68533,35.77436],[139.68548,35.7743]],[[139.75276,35.69544],[139.75272,35.6956],[139.7527,35.69574],[139.75261,35.69618],[139.75243,35.69723],[139.75235,35.6977],[139.75227,35.6982],[139.7522,35.69849],[139.75217,35.69863],[139.75214,35.69877],[139.75208,35.6989],[139.75203,35.69903],[139.75196,35.69918],[139.75181,35.69944],[139.75102,35.70092],[139.75039,35.70207],[139.75034,35.70215],[139.75029,35.70223],[139.75023,35.70231],[139.75017,35.70238],[139.75011,35.70245],[139.75005,35.70251],[139.74998,35.70257],[139.74991,35.70262],[139.74984,35.70267],[139.74977,35.70272],[139.74968,35.70276],[139.7496,35.7028],[139.74952,35.70283],[139.74943,35.70287],[139.74933,35.70289],[139.74924,35.70292],[139.74915,35.70294],[139.74905,35.70295],[139.74895,35.70296],[139.74883,35.70296],[139.74867,35.70297],[139.74851,35.70296],[139.74819,35.70296],[139.74624,35.70292],[139.74616,35.70291],[139.74597,35.70291],[139.7458,35.70292],[139.74569,35.70293],[139.7456,35.70294],[139.74551,35.70295],[139.74542,35.70297],[139.74534,35.703],[139.74524,35.70303],[139.74514,35.70307],[139.74508,35.7031],[139.74501,35.70314],[139.74496,35.70317],[139.74491,35.70321],[139.74486,35.70325],[139.74481,35.7033],[139.74476,35.70336],[139.74471,35.70342],[139.74467,35.70349],[139.74462,35.70356],[139.74458,35.70363],[139.74454,35.70372],[139.7445,35.70382],[139.74446,35.70393],[139.74437,35.70417],[139.74416,35.70476],[139.74377,35.70588],[139.74368,35.7062],[139.74357,35.70659],[139.74349,35.70693],[139.74346,35.70709],[139.74343,35.7072],[139.74338,35.70732],[139.74333,35.70743],[139.74327,35.70753],[139.7432,35.70761],[139.74313,35.70768],[139.74308,35.70774],[139.74303,35.70777],[139.74298,35.70781],[139.74292,35.70785],[139.74285,35.70789],[139.74275,35.70794],[139.74263,35.70799],[139.74254,35.70802],[139.74242,35.70805],[139.74233,35.70807],[139.7421,35.7081],[139.74155,35.70818]],[[139.76114,35.69098],[139.76101,35.69104],[139.76091,35.69107],[139.7608,35.6911],[139.76069,35.69113],[139.76057,35.69115],[139.76046,35.69117],[139.76034,35.69118],[139.76021,35.69119],[139.75927,35.69121],[139.75914,35.69121],[139.75902,35.69122],[139.75889,35.69123],[139.75877,35.69125],[139.75864,35.69127],[139.75852,35.6913],[139.75839,35.69133],[139.75827,35.69137],[139.75817,35.69141],[139.75807,35.69146],[139.75797,35.69151],[139.75787,35.69156],[139.75778,35.69162]],[[139.75596,35.69261],[139.75596,35.69275],[139.75596,35.69286],[139.75595,35.69294],[139.75593,35.69302],[139.75591,35.69309],[139.75588,35.69316],[139.75585,35.69323],[139.75581,35.6933],[139.75575,35.69339],[139.75567,35.69348],[139.75559,35.69357],[139.75551,35.69364],[139.75542,35.6937],[139.75533,35.69376],[139.75523,35.69382],[139.75512,35.69387],[139.75498,35.69392],[139.75483,35.69396],[139.75464,35.69402]],[[139.75344,35.6946],[139.75357,35.69451],[139.75369,35.69443],[139.75382,35.69436],[139.75398,35.69429],[139.75417,35.69423]],[[139.75409,35.69087],[139.75504,35.69123],[139.75518,35.69129]],[[139.75738,35.69205],[139.75749,35.69195],[139.7576,35.69185],[139.75772,35.69176],[139.75784,35.69167]]]}},{"type":"Feature","properties":{"ref":"S5","name":"首都高速埼玉大宮線","type":"expressway"},"geometry":{"type":"MultiLineString","coordinates":[[[139.64154,35.82293],[139.64018,35.82447],[139.63872,35.82619]],[[139.63872,35.82619],[139.63773,35.82732],[139.63648,35.82875],[139.6355,35.82988],[139.63449,35.83103],[139.63325,35.8324],[139.63276,35.83299]],[[139.63881,35.82624],[139.64027,35.82452],[139.6414,35.82321],[139.64162,35.82296]],[[139.61535,35.8846],[139.6155,35.88426],[139.61621,35.8826],[139.6176,35.87929],[139.61898,35.87604],[139.61939,35.87506],[139.61953,35.87469],[139.61965,35.87432],[139.61979,35.87378],[139.61986,35.8734],[139.61994,35.87283],[139.62001,35.87216],[139.62017,35.87043],[139.62019,35.87024],[139.62069,35.8652],[139.62093,35.86281],[139.62102,35.862],[139.62109,35.86157],[139.6212,35.86108],[139.62141,35.86039],[139.6218,35.85924],[139.62237,35.85752],[139.62325,35.85493],[139.62377,35.85341],[139.62617,35.84636],[139.62753,35.84237],[139.62879,35.8387],[139.62896,35.83822],[139.62912,35.83783],[139.6293,35.83747],[139.62949,35.83714],[139.62968,35.83682],[139.62988,35.83653],[139.63008,35.83626],[139.63033,35.83595],[139.63067,35.83556],[139.63104,35.83518],[139.63161,35.83463],[139.63195,35.83428],[139.6328,35.83331],[139.63403,35.83179],[139.63458,35.83107],[139.63505,35.83051],[139.63781,35.82735],[139.63881,35.82624]],[[139.63276,35.83299],[139.63254,35.83326],[139.63216,35.8337],[139.63061,35.83548],[139.63025,35.8359],[139.63,35.83621],[139.6298,35.83649],[139.62959,35.83679],[139.6294,35.83711],[139.62922,35.83745],[139.62904,35.83781],[139.62887,35.83819],[139.62869,35.83868],[139.62829,35.83982],[139.62743,35.84235],[139.62608,35.84633],[139.62461,35.85063],[139.62366,35.85342],[139.62329,35.8545],[139.62316,35.85491],[139.62302,35.8553],[139.62229,35.85745],[139.6217,35.85921],[139.62126,35.86053],[139.62109,35.86107],[139.62099,35.86154],[139.62092,35.86195],[139.62085,35.86247],[139.62056,35.86549],[139.6205,35.86619],[139.62037,35.86732],[139.61987,35.87214],[139.61985,35.87252],[139.61977,35.87337],[139.6197,35.87373],[139.61955,35.87429],[139.61943,35.87466],[139.61929,35.87501],[139.61888,35.87601],[139.61751,35.87926],[139.61612,35.88256],[139.6154,35.88423],[139.61523,35.88463]]]}},{"type":"Feature","properties":{"ref":"1","name":"第二京浜","type":"expressway"},"geometry":{"type":"MultiLineString","coordinates":[[[139.71209,35.59794],[139.71216,35.59828],[139.71218,35.59837],[139.71221,35.5985],[139.71233,35.59908],[139.7124,35.59944],[139.71252,35.60004],[139.71266,35.60072]],[[139.70058,35.57873],[139.70052,35.57863],[139.70026,35.57811],[139.70019,35.57796],[139.70011,35.57781],[139.70005,35.57769],[139.69977,35.57715],[139.69975,35.5771],[139.69962,35.57683]],[[139.69662,35.5577],[139.69686,35.55854]],[[139.69508,35.55305],[139.6952,35.55336],[139.69585,35.55528],[139.69618,35.55633]],[[139.69521,35.55302],[139.69496,35.55244],[139.69453,35.55148],[139.6945,35.55142]],[[139.68271,35.52626],[139.68296,35.52645],[139.68303,35.5265],[139.68311,35.52658],[139.68347,35.52694],[139.6838,35.52731],[139.68398,35.52764],[139.68413,35.52793],[139.68421,35.52809],[139.68439,35.52847],[139.68441,35.52852]],[[139.68276,35.52615],[139.68261,35.52604],[139.68243,35.52594],[139.68234,35.52589],[139.68226,35.52584],[139.68201,35.5257],[139.6818,35.5256],[139.68148,35.52548],[139.68093,35.52526],[139.68035,35.52506]],[[139.68035,35.52506],[139.67961,35.52479]],[[139.67543,35.52325],[139.67476,35.52301],[139.67417,35.52278],[139.67409,35.52275],[139.67402,35.52272],[139.67371,35.52259],[139.67333,35.5224],[139.67298,35.52219],[139.67271,35.52197],[139.67255,35.52186],[139.6721,35.52147]],[[139.67538,35.52335],[139.67608,35.52359],[139.67617,35.52362],[139.67625,35.52364]],[[139.68035,35.52515],[139.68092,35.52536],[139.68132,35.5255],[139.68166,35.52564],[139.68197,35.5258],[139.68233,35.526],[139.68271,35.52626]],[[139.69674,35.55768],[139.69661,35.55728],[139.6963,35.55633]],[[139.71176,35.59568],[139.7117,35.59538]],[[139.7117,35.59538],[139.71167,35.59523],[139.71164,35.59509],[139.71161,35.59492],[139.71152,35.59448],[139.7114,35.59409],[139.71123,35.59373],[139.71088,35.5932],[139.71075,35.59304]],[[139.71159,35.59544],[139.71165,35.59574]],[[139.71165,35.59574],[139.71167,35.59579],[139.7117,35.59599],[139.71183,35.59663],[139.71183,35.59666],[139.71185,35.59673],[139.71187,35.59684],[139.71189,35.59692],[139.71197,35.5973],[139.712,35.59746],[139.71205,35.59771],[139.71208,35.59787]],[[139.71947,35.62062],[139.71934,35.62035],[139.71924,35.62018],[139.71896,35.61968],[139.71878,35.61934],[139.71857,35.61895]],[[139.67956,35.52486],[139.68035,35.52515]],[[139.67961,35.52479],[139.67797,35.52419],[139.67754,35.52402],[139.67745,35.52399]],[[139.67742,35.52408],[139.67752,35.52412],[139.67795,35.52427],[139.67956,35.52486]],[[139.67745,35.52399],[139.67646,35.52362]],[[139.67646,35.52362],[139.67643,35.52361],[139.67635,35.52359],[139.67627,35.52356]],[[139.6764,35.52371],[139.67742,35.52408]],[[139.69703,35.55859],[139.69698,35.55845],[139.69674,35.55768]],[[139.71208,35.59787],[139.71209,35.59794]],[[139.7122,35.59781],[139.71211,35.5974],[139.71202,35.59695],[139.71201,35.5969],[139.712,35.59682],[139.71198,35.59671]],[[139.71221,35.5979],[139.7122,35.59781]],[[139.70051,35.57887],[139.70059,35.57902]],[[139.70059,35.57902],[139.70061,35.57905],[139.70085,35.57954],[139.7012,35.58022],[139.70122,35.58025],[139.70136,35.58053],[139.70144,35.5807],[139.70172,35.58126],[139.70196,35.58171],[139.70203,35.5818],[139.70228,35.58215],[139.70252,35.58245],[139.70262,35.58257],[139.70292,35.58297],[139.70359,35.58384],[139.70385,35.5842],[139.70392,35.58431],[139.70408,35.58451],[139.70446,35.585],[139.70484,35.58551],[139.70489,35.58557],[139.70508,35.58579],[139.70527,35.58604],[139.70533,35.58612],[139.70537,35.58617],[139.70543,35.58624],[139.70567,35.58656],[139.70588,35.58684],[139.70591,35.58687],[139.70595,35.58692],[139.70606,35.58707],[139.70659,35.58778],[139.70691,35.58819],[139.70708,35.58844],[139.70736,35.58881],[139.70739,35.58885],[139.70748,35.58897],[139.708,35.5896],[139.70806,35.58968],[139.70817,35.58983],[139.70836,35.5901],[139.70878,35.59065],[139.70949,35.59157],[139.70954,35.59164],[139.71025,35.59257],[139.71031,35.59265]],[[139.70065,35.57889],[139.70058,35.57873]],[[139.69686,35.55854],[139.69701,35.55896],[139.69708,35.55922],[139.69713,35.55974],[139.69713,35.55998],[139.69713,35.56005],[139.69712,35.56015],[139.69703,35.56086],[139.69695,35.56144],[139.69694,35.56153],[139.69693,35.5616],[139.69692,35.56168],[139.69687,35.56223],[139.69686,35.56231],[139.69678,35.56295],[139.69672,35.56348]],[[139.68971,35.54072],[139.68975,35.54079],[139.69014,35.54175],[139.6902,35.5419],[139.6904,35.54235],[139.6907,35.54298]],[[139.69448,35.55138],[139.69445,35.55132],[139.69417,35.55067],[139.69379,35.54979],[139.69368,35.54953]],[[139.69092,35.54324],[139.69081,35.54301],[139.69079,35.54297],[139.69029,35.54178],[139.69009,35.54129],[139.68984,35.54081],[139.68979,35.54071]],[[139.69439,35.55145],[139.69441,35.55151],[139.69508,35.55305]],[[139.69168,35.54524],[139.69187,35.54568],[139.69211,35.54623],[139.69232,35.5467],[139.69249,35.54709],[139.69252,35.54715],[139.69289,35.54801],[139.69292,35.54805]],[[139.69128,35.54407],[139.69125,35.544],[139.69121,35.54391]],[[139.68979,35.54071],[139.68975,35.54061],[139.68951,35.54006],[139.68924,35.53944],[139.68896,35.53879],[139.68876,35.53834],[139.68873,35.53827],[139.6884,35.53751],[139.68825,35.53718],[139.68794,35.53644],[139.6878,35.53611],[139.68763,35.53574]],[[139.68756,35.53579],[139.6877,35.53614],[139.68815,35.53717],[139.68817,35.53721],[139.68824,35.53734],[139.68867,35.53836],[139.68872,35.53846],[139.68913,35.53939],[139.6893,35.53978]],[[139.68763,35.53574],[139.68729,35.53492],[139.68725,35.53482]],[[139.68588,35.53161],[139.68583,35.53151]],[[139.68574,35.5316],[139.68584,35.53183],[139.68625,35.53285]],[[139.63327,35.47868],[139.63322,35.47863],[139.63318,35.47858],[139.63286,35.47825],[139.63264,35.47801],[139.63257,35.47792],[139.63242,35.47764],[139.63236,35.47754],[139.63228,35.47743],[139.63072,35.47567],[139.63064,35.47559],[139.6306,35.47554],[139.62907,35.47385],[139.62902,35.4738]],[[139.62641,35.47108],[139.62654,35.47122],[139.62687,35.47159],[139.6275,35.47229],[139.62774,35.47255],[139.62837,35.47322],[139.62888,35.47377],[139.62894,35.47384]],[[139.63316,35.47867],[139.63321,35.47872],[139.63329,35.47879],[139.63346,35.47898],[139.63402,35.47957],[139.63471,35.48028],[139.63527,35.48084],[139.63546,35.48104],[139.63611,35.48178],[139.63623,35.48193],[139.63637,35.48202],[139.637,35.48255],[139.63724,35.48272],[139.63748,35.48287],[139.63784,35.48306],[139.63822,35.48323],[139.6386,35.48338],[139.63903,35.48352],[139.63911,35.48354],[139.64015,35.48388],[139.64037,35.48395],[139.64115,35.4842],[139.6413,35.48425]],[[139.69672,35.56348],[139.69666,35.56389],[139.69655,35.56486],[139.69651,35.56525],[139.69649,35.56539]],[[139.69762,35.57318],[139.6977,35.57333],[139.69791,35.57373],[139.69797,35.57386],[139.69838,35.57466],[139.69849,35.57489],[139.69855,35.575],[139.69863,35.57517],[139.69919,35.57627],[139.69942,35.57673],[139.69945,35.57678],[139.69954,35.57696],[139.69955,35.57698]],[[139.69665,35.56516],[139.69667,35.56489],[139.6967,35.56469],[139.69678,35.56391],[139.69683,35.56349],[139.69697,35.56232],[139.69698,35.56224],[139.69701,35.56192],[139.69703,35.56175],[139.69704,35.56169],[139.69705,35.56161],[139.69706,35.56153],[139.69716,35.56087],[139.69724,35.56015],[139.69726,35.56006],[139.69726,35.55998],[139.69726,35.55975],[139.69721,35.55923],[139.69703,35.55859]],[[139.69741,35.57247],[139.69736,35.57236],[139.69717,35.572],[139.69681,35.57131],[139.69666,35.571],[139.69654,35.57075],[139.69652,35.57071],[139.69647,35.57061],[139.69642,35.57047],[139.69636,35.5703],[139.69631,35.57013],[139.69626,35.56995],[139.69623,35.56977],[139.6962,35.56957],[139.69618,35.56936],[139.69618,35.56915],[139.69618,35.56911],[139.69618,35.56904],[139.69618,35.569],[139.69619,35.56895],[139.69619,35.5689],[139.69627,35.56824],[139.69628,35.56813],[139.69629,35.56803],[139.69631,35.5679],[139.69638,35.56732],[139.69647,35.5665],[139.69651,35.56619],[139.69656,35.5658],[139.69657,35.56568],[139.69658,35.56559]],[[139.69955,35.57698],[139.69956,35.577],[139.69963,35.57714],[139.69994,35.57773],[139.70002,35.57791],[139.70005,35.57796],[139.70014,35.57814],[139.7004,35.57866],[139.70049,35.57884],[139.70051,35.57887]],[[139.69649,35.56539],[139.69645,35.56569],[139.69643,35.56582],[139.6964,35.56607],[139.69635,35.56649],[139.69626,35.5673],[139.69623,35.56752],[139.69617,35.56803],[139.69616,35.56812]],[[139.69323,35.5488],[139.69326,35.54887],[139.69329,35.54892],[139.69356,35.54951],[139.69407,35.55069],[139.69434,35.55133],[139.69437,35.5514]],[[139.69242,35.54667],[139.69222,35.54621],[139.69212,35.54599],[139.69205,35.54583],[139.69178,35.54522],[139.69175,35.54513],[139.69174,35.5451]],[[139.6413,35.48425],[139.64157,35.48435],[139.64164,35.48438],[139.64181,35.48445],[139.64186,35.48448],[139.64199,35.48455],[139.64222,35.48467],[139.64248,35.48483],[139.64261,35.48492],[139.64273,35.48502],[139.64289,35.48515],[139.64307,35.48531],[139.64325,35.48546],[139.64341,35.4856],[139.6435,35.48568],[139.64353,35.48571],[139.64371,35.48587],[139.64378,35.48593],[139.64404,35.48615],[139.64419,35.48628],[139.64445,35.4865],[139.64478,35.48675],[139.64508,35.48694],[139.64518,35.48701],[139.64526,35.48706],[139.64527,35.48707],[139.64559,35.48725],[139.64577,35.48734],[139.64585,35.48737],[139.64593,35.48741],[139.64602,35.48745],[139.64651,35.48766],[139.64684,35.4878],[139.64728,35.488]],[[139.64134,35.48418],[139.64104,35.48408],[139.64069,35.48397],[139.63913,35.48348],[139.63907,35.48346],[139.6385,35.48326],[139.63832,35.48319],[139.63816,35.48312],[139.63798,35.48304],[139.63774,35.48292],[139.63748,35.48276],[139.63725,35.48262],[139.63709,35.48251],[139.63686,35.48234],[139.63667,35.48215],[139.6365,35.48197]],[[139.67207,35.52159],[139.67234,35.52183],[139.67265,35.52209],[139.67296,35.52229],[139.67325,35.52247],[139.67365,35.52268],[139.67399,35.52282],[139.67407,35.52285],[139.67415,35.52288],[139.67466,35.52308],[139.67538,35.52335]],[[139.67001,35.5196],[139.6706,35.52017],[139.67096,35.52052],[139.67118,35.52073],[139.67127,35.52081],[139.67169,35.52122],[139.67207,35.52159]],[[139.66486,35.5147],[139.66505,35.51489],[139.66517,35.515],[139.66601,35.5158],[139.66613,35.51591],[139.66638,35.51616],[139.66646,35.51624],[139.66709,35.51684],[139.66727,35.51702],[139.66733,35.51707],[139.66742,35.51716],[139.66812,35.51782],[139.66844,35.51813],[139.66866,35.51832],[139.66915,35.51878],[139.67001,35.5196]],[[139.66495,35.51468],[139.66464,35.51433],[139.66449,35.51415],[139.66432,35.51394],[139.66416,35.51373],[139.66388,35.51333],[139.66374,35.5131],[139.6636,35.51286],[139.66338,35.51245],[139.66323,35.51212],[139.66307,35.51173],[139.66296,35.51142],[139.66285,35.51108],[139.66278,35.51083],[139.66276,35.51076],[139.66267,35.51045],[139.66257,35.51017],[139.66224,35.50911],[139.66214,35.5088],[139.66208,35.50862],[139.662,35.50831],[139.66195,35.50804],[139.66191,35.5078],[139.66189,35.50745],[139.66191,35.50705],[139.66195,35.50646],[139.66198,35.50595],[139.662,35.50567],[139.66201,35.50552],[139.66207,35.50445],[139.6621,35.50397],[139.66216,35.5032],[139.6622,35.50251],[139.6622,35.50242]],[[139.67001,35.51948],[139.66932,35.51884],[139.66913,35.51865],[139.66823,35.51779],[139.66771,35.5173],[139.66751,35.51711],[139.66741,35.51702],[139.66736,35.51697],[139.66723,35.51685],[139.6663,35.51598],[139.66588,35.51556],[139.66544,35.51513],[139.66495,35.51468]],[[139.67625,35.52364],[139.67633,35.52367],[139.6764,35.52371]],[[139.67627,35.52356],[139.67619,35.52353],[139.67611,35.52351],[139.67589,35.52342],[139.67543,35.52325]],[[139.6621,35.50239],[139.66208,35.5025],[139.66207,35.50266],[139.66204,35.50313],[139.66197,35.50459],[139.66192,35.50552],[139.66185,35.50648],[139.66181,35.50709],[139.6618,35.50756],[139.66181,35.50783],[139.66184,35.50807],[139.6619,35.50833],[139.66196,35.50855],[139.66213,35.50909],[139.66247,35.51018],[139.6627,35.51087],[139.66287,35.51141],[139.66316,35.5122],[139.66348,35.51284],[139.66365,35.51313],[139.66379,35.51335],[139.66402,35.51368],[139.66415,35.51386],[139.66432,35.51408],[139.66455,35.51436],[139.66486,35.5147]],[[139.6622,35.50242],[139.66221,35.5023],[139.66223,35.50201],[139.66224,35.50163],[139.66229,35.50085],[139.66233,35.50021],[139.66233,35.50007],[139.66233,35.4997],[139.66229,35.49932],[139.66224,35.49907],[139.66222,35.49899],[139.66218,35.49885]],[[139.66211,35.49896],[139.66214,35.49908],[139.66219,35.49927],[139.66221,35.49943],[139.66223,35.4997],[139.66224,35.49995],[139.66224,35.50016],[139.66214,35.50164],[139.66211,35.5023],[139.6621,35.50239]],[[139.66218,35.49885],[139.66214,35.49872],[139.66205,35.49849],[139.66186,35.4981],[139.66176,35.49794],[139.66158,35.49765],[139.66138,35.49741],[139.66133,35.49735],[139.66128,35.49729],[139.66091,35.49689],[139.66072,35.49667],[139.66065,35.49659],[139.66063,35.49657],[139.66032,35.49622],[139.66017,35.49607],[139.65988,35.49576],[139.65974,35.49558],[139.65918,35.49508],[139.6589,35.49485],[139.65868,35.49466],[139.65843,35.49448],[139.65764,35.49387],[139.65729,35.49362],[139.65682,35.49326],[139.65592,35.49259],[139.65542,35.49222],[139.65531,35.49214],[139.65509,35.49197],[139.65395,35.49111],[139.65346,35.49075],[139.65291,35.49041],[139.65237,35.49013],[139.65186,35.48987],[139.65111,35.48955],[139.65031,35.48919],[139.64996,35.48903],[139.64956,35.48887],[139.64879,35.48856],[139.64872,35.48853],[139.64861,35.48849],[139.64845,35.48842],[139.6479,35.48819],[139.64764,35.48807],[139.64747,35.488]],[[139.62894,35.47384],[139.62899,35.47389],[139.62959,35.47456],[139.63055,35.47562],[139.63059,35.47567],[139.63066,35.47574],[139.63145,35.47662],[139.63219,35.47744],[139.63228,35.47756],[139.63235,35.47767],[139.6325,35.47794],[139.63256,35.47803],[139.63316,35.47867]],[[139.62902,35.4738],[139.62895,35.47372],[139.62844,35.47318],[139.62758,35.47224],[139.62694,35.47155],[139.62662,35.47118],[139.62652,35.47107]],[[139.68441,35.52852],[139.68443,35.52857],[139.68456,35.5289],[139.68476,35.52933],[139.68522,35.53035],[139.68523,35.53037],[139.68574,35.5316]],[[139.68452,35.52847],[139.6845,35.52842],[139.68446,35.52831],[139.68435,35.52809],[139.68426,35.52786],[139.68412,35.52762],[139.68409,35.52756],[139.68391,35.52725],[139.6836,35.5269],[139.68325,35.52656],[139.68318,35.52648],[139.68313,35.52644],[139.68276,35.52615]],[[139.71979,35.62112],[139.71971,35.62101],[139.71963,35.62088],[139.71947,35.62062]],[[139.71057,35.59299],[139.71061,35.59305],[139.71088,35.59342],[139.71107,35.59372],[139.71117,35.59394],[139.71125,35.5941],[139.71134,35.59435],[139.71142,35.59461],[139.71148,35.5949]],[[139.71039,35.59256],[139.71032,35.59248],[139.70968,35.59165],[139.7096,35.59153],[139.7089,35.59063],[139.70827,35.58979],[139.70821,35.58971],[139.70808,35.58954],[139.70806,35.58952],[139.70758,35.5889],[139.70747,35.58875],[139.70721,35.58839],[139.70718,35.58835],[139.70702,35.58812],[139.7068,35.58785],[139.70621,35.58709],[139.70616,35.58702],[139.70608,35.58692],[139.70603,35.58685],[139.70585,35.58661],[139.70581,35.58656],[139.70559,35.58629],[139.70554,35.58623],[139.70549,35.58616],[139.70543,35.58609],[139.70536,35.58599],[139.70502,35.58554],[139.70498,35.58548],[139.70476,35.5852],[139.70418,35.58446],[139.70404,35.58428],[139.70364,35.58377],[139.70321,35.58318],[139.70265,35.58244],[139.7024,35.58212],[139.70225,35.58194],[139.70218,35.58182],[139.70213,35.58174],[139.70202,35.58157],[139.70192,35.5814],[139.70159,35.58074],[139.70157,35.58071],[139.70155,35.58066],[139.70142,35.58041],[139.70132,35.58022],[139.7009,35.57937],[139.70067,35.57891],[139.70065,35.57889]],[[139.71075,35.59304],[139.71067,35.59294]],[[139.71049,35.59289],[139.71057,35.59299]],[[139.72103,35.62379],[139.72096,35.62366],[139.72074,35.62321],[139.72056,35.62284],[139.72045,35.62256],[139.72022,35.62206],[139.72016,35.62191],[139.72012,35.62181],[139.7201,35.62172],[139.72007,35.62163]],[[139.7194,35.62093],[139.71942,35.62098],[139.71963,35.62126]],[[139.71988,35.62171],[139.71998,35.62191],[139.72008,35.62211],[139.72023,35.62243],[139.72044,35.62289],[139.72046,35.62293],[139.72054,35.6231],[139.72083,35.62372],[139.72089,35.62385]],[[139.6963,35.55633],[139.69533,35.55333],[139.69521,35.55302]],[[139.69618,35.55633],[139.6965,35.55732],[139.69653,35.55741],[139.69662,35.5577]],[[139.64747,35.488],[139.64728,35.48793]],[[139.64728,35.48793],[139.64679,35.48771],[139.64612,35.48742],[139.64605,35.48738],[139.64596,35.48734],[139.64587,35.48731],[139.64562,35.48719],[139.64531,35.48701],[139.6449,35.48675],[139.64469,35.4866],[139.64449,35.48644],[139.64431,35.48627],[139.64422,35.48619],[139.64399,35.486],[139.64383,35.48586],[139.64376,35.4858],[139.64358,35.48564],[139.64349,35.48557],[139.64301,35.48514],[139.64277,35.48495],[139.64265,35.48486],[139.64252,35.48477],[139.64227,35.48461],[139.64214,35.48453],[139.642,35.48445],[139.64194,35.48443],[139.64173,35.48433],[139.64159,35.48427],[139.64144,35.48422],[139.64134,35.48418]],[[139.64728,35.488],[139.64747,35.48808]],[[139.6486,35.48856],[139.64872,35.48861],[139.64949,35.48897],[139.65023,35.48926],[139.65103,35.48962],[139.65172,35.48991],[139.65231,35.49019],[139.65289,35.49052],[139.65341,35.49084],[139.65423,35.49143],[139.65564,35.49249],[139.65587,35.49266],[139.65632,35.49299],[139.65673,35.4933],[139.65722,35.49367],[139.65759,35.49394],[139.65863,35.49474],[139.65931,35.49533],[139.65964,35.49564],[139.65981,35.49581],[139.6605,35.49658],[139.66081,35.49692],[139.66093,35.49703],[139.66116,35.49729],[139.66118,35.49732],[139.66124,35.49738],[139.66127,35.49743],[139.66138,35.49757],[139.66165,35.49794],[139.66182,35.49823],[139.66196,35.49853],[139.66207,35.49882],[139.66211,35.49896]],[[139.71289,35.60185],[139.7129,35.60189],[139.71296,35.60216]],[[139.71296,35.60216],[139.71303,35.60253],[139.71304,35.60258],[139.71306,35.60265],[139.71311,35.60291]],[[139.71305,35.60201],[139.71303,35.60191],[139.71302,35.60183],[139.713,35.60174],[139.7128,35.60074],[139.71279,35.60069]],[[139.71279,35.60069],[139.71274,35.60043],[139.71272,35.60036],[139.71253,35.59941],[139.71245,35.59905],[139.71233,35.59847],[139.71229,35.59826],[139.71221,35.5979]],[[139.71266,35.60072],[139.71267,35.60076],[139.71281,35.60141]],[[139.71314,35.60306],[139.71326,35.60367],[139.71336,35.60413],[139.71345,35.60456],[139.71347,35.60467],[139.7135,35.60484],[139.71353,35.60499],[139.71361,35.60538],[139.71364,35.60554],[139.71371,35.60585],[139.71372,35.60592],[139.71373,35.60597],[139.71375,35.60605],[139.71388,35.6067],[139.71392,35.60691],[139.71402,35.6074],[139.71407,35.60764],[139.71413,35.60795],[139.7142,35.60828],[139.71433,35.60888],[139.71442,35.6093],[139.71443,35.60936],[139.71444,35.60943],[139.7145,35.60959],[139.71467,35.61005],[139.71495,35.61078],[139.71497,35.61085],[139.7152,35.61147],[139.71524,35.61159]],[[139.6721,35.52147],[139.67099,35.5204],[139.67017,35.51962],[139.67001,35.51948]],[[139.71999,35.62142],[139.71994,35.62135],[139.71985,35.62121],[139.71979,35.62112]],[[139.64765,35.48816],[139.64787,35.48826],[139.64818,35.4884],[139.64838,35.48848],[139.64845,35.4885],[139.6486,35.48856]],[[139.64747,35.48808],[139.64765,35.48816]],[[139.71668,35.61538],[139.7167,35.61545],[139.71699,35.61607],[139.71721,35.61651],[139.71731,35.61674],[139.71743,35.61699],[139.71748,35.61713],[139.7175,35.61722],[139.71755,35.61739],[139.7176,35.61754],[139.71804,35.61844],[139.71809,35.61853]],[[139.71537,35.61157],[139.71532,35.61144],[139.71508,35.61081],[139.71506,35.61074],[139.71498,35.61055],[139.71478,35.61002],[139.71456,35.60943],[139.71455,35.60937],[139.71454,35.6093],[139.7144,35.60868],[139.71432,35.60828],[139.71429,35.6081],[139.71419,35.60763],[139.71411,35.60723],[139.71405,35.6069],[139.71387,35.60603],[139.71386,35.60595],[139.71385,35.6059],[139.71374,35.60541],[139.71362,35.6048],[139.71359,35.60466],[139.71358,35.60462],[139.71354,35.60443],[139.71349,35.60416],[139.71343,35.60387],[139.71338,35.60366],[139.71328,35.60311],[139.71318,35.60263]],[[139.71148,35.5949],[139.71148,35.59491],[139.71155,35.59522],[139.71156,35.59531],[139.71158,35.5954],[139.71159,35.59544]],[[139.71281,35.60141],[139.71288,35.60176],[139.71288,35.60179],[139.71289,35.60185]],[[139.69115,35.54405],[139.69118,35.54411]],[[139.69081,35.54323],[139.69098,35.54364]],[[139.69098,35.54364],[139.69105,35.54379],[139.69108,35.54387],[139.69115,35.54405]],[[139.69155,35.5447],[139.69152,35.54462],[139.69137,35.54428],[139.69128,35.54407]],[[139.69174,35.5451],[139.69155,35.5447]],[[139.69292,35.54805],[139.69302,35.54827],[139.69311,35.54848]],[[139.69311,35.54848],[139.6932,35.54869],[139.69323,35.5488]],[[139.69357,35.54928],[139.6934,35.5489],[139.69335,35.54879]],[[139.69368,35.54953],[139.69357,35.54928]],[[139.6945,35.55142],[139.69448,35.55138]],[[139.69437,35.5514],[139.69439,35.55145]],[[139.71031,35.59265],[139.71049,35.59289]],[[139.71067,35.59294],[139.7105,35.59271],[139.71039,35.59256]],[[139.7131,35.60226],[139.71308,35.60215],[139.71306,35.60206]],[[139.71317,35.60256],[139.71316,35.60251],[139.7131,35.60226]],[[139.71306,35.60206],[139.71305,35.60201]],[[139.71311,35.60291],[139.71314,35.60306]],[[139.71198,35.59671],[139.71196,35.59664],[139.71187,35.59619],[139.71181,35.59589],[139.71176,35.59568]],[[139.71524,35.61159],[139.7153,35.61173],[139.71569,35.6128],[139.71589,35.61335],[139.71594,35.6135],[139.71608,35.61388],[139.71613,35.61401],[139.71617,35.61415],[139.71631,35.61453],[139.71661,35.61524],[139.71664,35.61531],[139.71668,35.61538]],[[139.71966,35.62131],[139.71968,35.62138],[139.71976,35.62149],[139.71981,35.62158],[139.71985,35.62164],[139.71988,35.62171]],[[139.7211,35.62392],[139.72103,35.62379]],[[139.71963,35.62126],[139.71966,35.62131]],[[139.71318,35.60263],[139.71317,35.60256]],[[139.72007,35.62163],[139.71999,35.62142]],[[139.68583,35.53151],[139.68536,35.53041],[139.68532,35.53032],[139.68514,35.52992],[139.68486,35.52927],[139.68466,35.52882],[139.68453,35.52852],[139.68452,35.52847]],[[139.71834,35.61839],[139.71829,35.6183],[139.71822,35.61814],[139.71798,35.61768],[139.71776,35.61729],[139.71759,35.61702],[139.71755,35.61695],[139.71744,35.61672],[139.71712,35.61605],[139.71679,35.61535],[139.71676,35.61528],[139.71673,35.61521],[139.71644,35.61449],[139.71625,35.61398],[139.71619,35.61382],[139.71606,35.61348],[139.71582,35.61282],[139.71573,35.61255],[139.7156,35.61219],[139.71541,35.61169],[139.71537,35.61157]],[[139.71848,35.61913],[139.71865,35.61939],[139.71884,35.61969],[139.71901,35.61999],[139.71918,35.6203],[139.71931,35.62053],[139.71933,35.62056],[139.71934,35.62059],[139.71936,35.62065],[139.71937,35.62077],[139.71938,35.62085],[139.7194,35.62093]],[[139.69658,35.56559],[139.69661,35.56539],[139.69663,35.56529],[139.69665,35.56516]],[[139.69616,35.56812],[139.69615,35.56823],[139.69608,35.56878],[139.69607,35.56886],[139.69607,35.5689],[139.69606,35.56894],[139.69606,35.56899],[139.69606,35.56907],[139.69606,35.56921],[139.69606,35.56935],[139.69607,35.56949],[139.69608,35.56961],[139.6961,35.56974],[139.69614,35.56993],[139.69618,35.57012],[139.69623,35.57032],[139.69629,35.57047],[139.6963,35.5705],[139.69634,35.5706],[139.6964,35.57075],[139.69653,35.57102],[139.69658,35.57113],[139.69667,35.57129],[139.69683,35.57162],[139.69702,35.57198],[139.69706,35.57206]],[[139.69706,35.57206],[139.69719,35.57231],[139.69722,35.57236],[139.69726,35.57246]],[[139.69823,35.57411],[139.69813,35.57391],[139.6981,35.57385],[139.69784,35.57334],[139.69782,35.57329],[139.69776,35.57319]],[[139.69761,35.57289],[139.69756,35.57277],[139.69749,35.57263],[139.69741,35.57247]],[[139.69962,35.57683],[139.69955,35.5767],[139.69895,35.57552],[139.69883,35.57528],[139.69875,35.57512],[139.69869,35.575]],[[139.69869,35.575],[139.69861,35.57486],[139.69823,35.57411]],[[139.69776,35.57319],[139.69769,35.57304],[139.69761,35.57289]],[[139.69726,35.57246],[139.69745,35.57284]],[[139.69745,35.57284],[139.69756,35.57305],[139.69757,35.57308],[139.69762,35.57318]],[[139.69266,35.54721],[139.69262,35.54713],[139.69259,35.54705]],[[139.69335,35.54879],[139.69331,35.54869],[139.69305,35.54807],[139.69266,35.54721]],[[139.6871,35.53482],[139.68714,35.53491],[139.68756,35.53579]],[[139.69121,35.54391],[139.69107,35.54357],[139.69092,35.54324]],[[139.69259,35.54705],[139.69242,35.54667]],[[139.68625,35.53285],[139.68628,35.53291],[139.68659,35.53356],[139.68679,35.53406]],[[139.68643,35.5329],[139.68642,35.53287],[139.68609,35.5321],[139.68588,35.53161]],[[139.68679,35.53406],[139.68681,35.53412],[139.68706,35.53473],[139.6871,35.53482]],[[139.68692,35.53403],[139.68671,35.53355],[139.68666,35.53342],[139.68643,35.5329]],[[139.68725,35.53482],[139.68721,35.53473],[139.68694,35.53409],[139.68692,35.53403]],[[139.6893,35.53978],[139.68943,35.54008],[139.68967,35.54064],[139.68971,35.54072]],[[139.6907,35.54298],[139.69072,35.54304],[139.69081,35.54323]],[[139.69118,35.54411],[139.69142,35.54466],[139.69163,35.54515],[139.69168,35.54524]],[[139.71857,35.61895],[139.71848,35.61873]],[[139.71848,35.61873],[139.71838,35.61849],[139.71834,35.61839]],[[139.71824,35.61877],[139.71848,35.61913]],[[139.71809,35.61853],[139.71824,35.61877]],[[139.6365,35.48197],[139.63635,35.48181],[139.63588,35.48135],[139.6357,35.48116],[139.63549,35.48094],[139.63455,35.47998],[139.63335,35.47875],[139.63327,35.47868]]]}},{"type":"Feature","properties":{"ref":"3","name":"首都高速3号渋谷線","type":"expressway"},"geometry":{"type":"MultiLineString","coordinates":[[[139.67292,35.64427],[139.67271,35.64417],[139.67202,35.6439],[139.67172,35.64377],[139.67154,35.64369],[139.67141,35.64362],[139.6713,35.64356],[139.67111,35.64343]],[[139.67111,35.64343],[139.67102,35.64337],[139.67093,35.6433],[139.67085,35.64322],[139.67076,35.64313],[139.67059,35.64295],[139.67023,35.64254],[139.67005,35.64233],[139.66989,35.64213],[139.66974,35.64194],[139.66822,35.63987],[139.66577,35.63653],[139.66558,35.63629],[139.6654,35.63609],[139.66522,35.63592],[139.66501,35.63574],[139.66478,35.63556],[139.66451,35.63537],[139.66262,35.63403],[139.66239,35.63387],[139.66213,35.6337],[139.66185,35.63353],[139.6589,35.63184],[139.65871,35.63174],[139.65853,35.63163],[139.65832,35.63154],[139.65812,35.63145],[139.65788,35.63137],[139.65764,35.6313],[139.65741,35.63124],[139.65383,35.63035],[139.65343,35.63023],[139.65302,35.63009],[139.64721,35.62813],[139.64674,35.62797],[139.64628,35.62779],[139.64576,35.62759],[139.64522,35.62737],[139.64411,35.62691],[139.6429,35.62641],[139.64167,35.62587],[139.63961,35.62492],[139.63887,35.62459],[139.63867,35.62451],[139.63847,35.62443],[139.63831,35.62437],[139.63814,35.62432],[139.63799,35.62427],[139.63782,35.62423],[139.63764,35.62419],[139.63747,35.62417],[139.63728,35.62415],[139.63709,35.62414],[139.63694,35.62414],[139.6368,35.62414],[139.63668,35.62414],[139.63655,35.62415],[139.63643,35.62416],[139.6363,35.62418],[139.63618,35.6242],[139.63604,35.62423],[139.63587,35.62428],[139.63569,35.62433],[139.63546,35.62441],[139.63524,35.62449],[139.63499,35.62458],[139.63436,35.62484],[139.63323,35.62529],[139.63187,35.62584],[139.63105,35.62617],[139.63075,35.62628],[139.63046,35.62639],[139.63011,35.62652],[139.62975,35.62663]],[[139.67102,35.64348],[139.67113,35.64355],[139.67123,35.64362],[139.67132,35.64367],[139.67143,35.64372],[139.67166,35.64383],[139.67191,35.64393],[139.67239,35.64412],[139.67257,35.6442],[139.67274,35.64429],[139.6729,35.64439],[139.67401,35.64511],[139.67431,35.64528],[139.67466,35.64549],[139.67501,35.64569],[139.67681,35.64667],[139.6785,35.64758],[139.67879,35.64774]],[[139.74009,35.66809],[139.73958,35.66759],[139.73924,35.66722],[139.739,35.667],[139.73871,35.66678],[139.73838,35.66654]],[[139.73838,35.66654],[139.73795,35.66624],[139.73752,35.66595],[139.73674,35.66548]],[[139.73475,35.66454],[139.73583,35.66508],[139.73688,35.66564]],[[139.6298,35.62671],[139.6301,35.62664],[139.63022,35.62661],[139.63034,35.62658],[139.63045,35.62654],[139.63126,35.62622],[139.63136,35.62618],[139.63192,35.62591],[139.63327,35.62536],[139.63503,35.62465],[139.63528,35.62455],[139.63551,35.62447],[139.63574,35.6244],[139.6359,35.62435],[139.63607,35.62431],[139.6362,35.62428],[139.63632,35.62426],[139.63644,35.62424],[139.63656,35.62423],[139.63668,35.62422],[139.6368,35.62421],[139.63694,35.62421],[139.63709,35.62422],[139.63728,35.62423],[139.63747,35.62424],[139.63763,35.62427],[139.63778,35.6243],[139.63795,35.62434],[139.63809,35.62438],[139.63827,35.62443],[139.63844,35.6245],[139.63862,35.62457],[139.63882,35.62465],[139.63956,35.62498],[139.64161,35.62593],[139.64285,35.62647],[139.64407,35.62698],[139.64519,35.62745],[139.64572,35.62766],[139.64624,35.62786],[139.64672,35.62804],[139.64718,35.6282],[139.653,35.63017],[139.6534,35.6303],[139.65383,35.63043],[139.65739,35.63131],[139.65761,35.63137],[139.65785,35.63144],[139.65806,35.63151],[139.65824,35.63159],[139.65844,35.63168],[139.65863,35.63178],[139.65882,35.63189],[139.6618,35.6336],[139.66206,35.63376],[139.66234,35.63394],[139.66257,35.6341],[139.66445,35.63542],[139.66471,35.63562],[139.66493,35.6358],[139.66515,35.63598],[139.66533,35.63615],[139.6655,35.63634],[139.66569,35.63658],[139.66812,35.63987],[139.66968,35.642],[139.66981,35.64217],[139.66995,35.64234],[139.67012,35.64255],[139.67049,35.64297],[139.67066,35.64315],[139.67083,35.64332],[139.67093,35.6434],[139.67102,35.64348]],[[139.68115,35.64878],[139.67904,35.64767],[139.67694,35.64654],[139.67551,35.64576],[139.67429,35.6451],[139.67408,35.64498],[139.67345,35.64458],[139.67308,35.64436],[139.67292,35.64427]],[[139.72338,35.65979],[139.72356,35.65982],[139.72391,35.65989],[139.72418,35.65995],[139.72443,35.66002],[139.72468,35.66009],[139.727,35.66089],[139.72783,35.66119],[139.72806,35.66128],[139.72822,35.66136]],[[139.70873,35.65843],[139.71018,35.65857]],[[139.70812,35.65832],[139.70706,35.65826]],[[139.70812,35.65839],[139.70873,35.65843]],[[139.70706,35.65834],[139.70812,35.65839]],[[139.71136,35.65861],[139.71025,35.6585]],[[139.70874,35.65836],[139.70812,35.65832]],[[139.70706,35.65826],[139.7046,35.65815],[139.70417,35.65813],[139.70385,35.6581],[139.70358,35.65807],[139.70332,35.65804],[139.70316,35.65802],[139.70297,35.65798],[139.7028,35.65794],[139.70261,35.65788],[139.70116,35.65738],[139.69961,35.65687],[139.69782,35.65629],[139.69765,35.65624],[139.69745,35.65619],[139.69723,35.65614],[139.69615,35.65593],[139.69597,35.65589],[139.6958,35.65585],[139.69563,35.65581],[139.69547,35.65575],[139.69532,35.6557],[139.69517,35.65563],[139.69504,35.65557],[139.69492,35.6555],[139.69481,35.65542],[139.69471,35.65534],[139.69461,35.65526],[139.69451,35.65515],[139.69438,35.655],[139.69401,35.65455],[139.69394,35.65447],[139.69386,35.65438],[139.69376,35.65429],[139.69367,35.65421],[139.69356,35.65412],[139.69345,35.65404],[139.69333,35.65396],[139.69318,35.65387],[139.69302,35.65379],[139.69285,35.65372],[139.69268,35.65366],[139.69247,35.65359],[139.69193,35.65343],[139.69109,35.65319],[139.68992,35.65283],[139.68908,35.65257],[139.68763,35.6521],[139.68721,35.65194]],[[139.71025,35.6585],[139.70874,35.65836]],[[139.71018,35.65857],[139.71135,35.65868]],[[139.67879,35.64774],[139.67931,35.64801],[139.68061,35.6487],[139.68115,35.64898],[139.68185,35.64934],[139.68233,35.64959],[139.68241,35.64963],[139.68322,35.65005],[139.68403,35.65047],[139.68452,35.65072],[139.68526,35.65113],[139.68579,35.65141],[139.68627,35.65164],[139.68676,35.65186],[139.68715,35.65201],[139.68762,35.65217],[139.68973,35.65286],[139.69057,35.65311],[139.6919,35.6535],[139.69243,35.65365],[139.69264,35.65372],[139.69282,35.65379],[139.69298,35.65386],[139.69314,35.65394],[139.69327,35.65401],[139.69339,35.65409],[139.6935,35.65417],[139.69361,35.65425],[139.6937,35.65434],[139.6938,35.65444],[139.69388,35.65452],[139.69396,35.65462],[139.69429,35.65503],[139.69442,35.65519],[139.69453,35.6553],[139.69463,35.65539],[139.69474,35.65548],[139.69483,35.65554],[139.69491,35.65559],[139.69501,35.65565],[139.69509,35.65569],[139.6952,35.65574],[139.6953,35.65578],[139.69544,35.65583],[139.6956,35.65588],[139.69577,35.65592],[139.69595,35.65597],[139.69613,35.656],[139.69698,35.65617],[139.69736,35.65625],[139.69778,35.65636],[139.69958,35.65694],[139.70061,35.65728],[139.70142,35.65755],[139.70256,35.65794],[139.70275,35.658],[139.70293,35.65805],[139.70312,35.65809],[139.70331,35.65811],[139.70356,35.65814],[139.70385,35.65817],[139.70417,35.6582],[139.70449,35.65822],[139.70477,35.65823],[139.70509,35.65825],[139.70706,35.65834]],[[139.73674,35.66548],[139.73587,35.66502],[139.73479,35.66448],[139.73376,35.66395],[139.73276,35.66343],[139.7325,35.6633],[139.72974,35.66203],[139.72901,35.66167],[139.72834,35.66133],[139.72812,35.66122],[139.72787,35.66112],[139.72704,35.66082],[139.72471,35.66002],[139.72447,35.65995],[139.72421,35.65988],[139.72391,35.65981],[139.72359,35.65975],[139.72325,35.65969],[139.72298,35.65964],[139.72272,35.6596],[139.72247,35.65957],[139.72227,35.65955],[139.71925,35.65935],[139.71889,35.65933],[139.71462,35.65892],[139.71136,35.65861]],[[139.68721,35.65194],[139.68681,35.65178],[139.68639,35.65158],[139.68607,35.65141],[139.68585,35.6513],[139.68545,35.65109],[139.68505,35.65086]],[[139.68505,35.65086],[139.684,35.65028],[139.68115,35.64878]],[[139.71135,35.65868],[139.7146,35.65899],[139.7189,35.65941],[139.71901,35.65942]],[[139.71901,35.65942],[139.71924,35.65944],[139.72242,35.65965],[139.72269,35.65968],[139.72291,35.65971],[139.72323,35.65976],[139.72338,35.65979]],[[139.72822,35.66136],[139.72831,35.6614],[139.72896,35.66173],[139.7297,35.6621],[139.73059,35.66251],[139.73242,35.66335],[139.73341,35.66384],[139.73475,35.66454]],[[139.62975,35.62663],[139.62949,35.62671],[139.62919,35.62679],[139.62883,35.62688],[139.62854,35.62694],[139.62822,35.627],[139.62787,35.62706],[139.62753,35.62711],[139.62683,35.62721],[139.62647,35.62726]],[[139.62648,35.62733],[139.62685,35.62729],[139.62755,35.62719],[139.62789,35.62714],[139.62824,35.62708],[139.62855,35.62702],[139.62886,35.62695],[139.62919,35.62687],[139.62953,35.62678],[139.6298,35.62671]]]}},{"type":"Feature","properties":{"ref":"4","name":"首都高速4号新宿線","type":"expressway"},"geometry":{"type":"MultiLineString","coordinates":[[[139.73178,35.68076],[139.73115,35.68108],[139.7308,35.68125],[139.73059,35.68134],[139.73041,35.68141]],[[139.7401,35.67879],[139.73978,35.67874],[139.73939,35.67868],[139.73898,35.67864],[139.73763,35.67853],[139.73638,35.67844],[139.73549,35.67842],[139.73524,35.67843],[139.73506,35.67843],[139.73491,35.67844],[139.73475,35.67846],[139.73461,35.67848],[139.73384,35.67857],[139.73372,35.6786],[139.7336,35.67863],[139.73351,35.67865],[139.73344,35.67868],[139.73337,35.6787],[139.73331,35.67874],[139.73325,35.67877],[139.73319,35.67881],[139.73315,35.67885],[139.7331,35.67889],[139.73305,35.67894],[139.73301,35.67899],[139.73298,35.67904],[139.73294,35.67911],[139.7329,35.6792],[139.73285,35.67931],[139.73282,35.67941],[139.73272,35.67975],[139.73268,35.67984],[139.73264,35.67994],[139.73259,35.68003],[139.73252,35.68012],[139.73245,35.68021]],[[139.74221,35.68165],[139.74216,35.68155],[139.74213,35.68147],[139.7421,35.6814],[139.74208,35.68132],[139.74206,35.68125],[139.74205,35.68116],[139.74205,35.68105],[139.74208,35.68042],[139.74208,35.68018],[139.74208,35.68006],[139.74208,35.67995],[139.74206,35.67985],[139.74204,35.67977],[139.74202,35.6797],[139.74199,35.67963],[139.74195,35.67957],[139.7419,35.6795]],[[139.64248,35.66765],[139.64179,35.66756],[139.64143,35.66751],[139.64107,35.66748],[139.63951,35.6674],[139.63921,35.6674],[139.63887,35.6674],[139.63855,35.66743],[139.63826,35.66748],[139.63795,35.66755],[139.6376,35.66764],[139.63606,35.66815],[139.63466,35.66862],[139.63302,35.66917],[139.63276,35.66924],[139.63248,35.66931],[139.6322,35.66937],[139.63191,35.66941],[139.63088,35.66953],[139.63053,35.66957],[139.62829,35.66991],[139.62671,35.67014],[139.62617,35.67021],[139.6256,35.6703],[139.62539,35.67034],[139.62516,35.6704],[139.62497,35.67046],[139.62477,35.67053],[139.62454,35.67064],[139.62435,35.67074],[139.62413,35.67089],[139.62388,35.67107],[139.62344,35.67142],[139.62295,35.67183],[139.62263,35.6721],[139.6223,35.67239],[139.62197,35.6727],[139.6214,35.67323]],[[139.72641,35.6812],[139.72611,35.68107],[139.72517,35.68068],[139.7248,35.68052],[139.72449,35.68039],[139.72375,35.68005],[139.72352,35.67995],[139.72329,35.67986],[139.72303,35.67978],[139.72278,35.67972],[139.72254,35.67968],[139.7223,35.67964],[139.72205,35.67963],[139.72182,35.67963],[139.72158,35.67964],[139.72131,35.67966],[139.72107,35.67969],[139.72,35.67982]],[[139.74426,35.68354],[139.74421,35.68341],[139.74416,35.68329],[139.74409,35.68318],[139.74402,35.68308],[139.74397,35.68301],[139.74391,35.68295],[139.74386,35.68289],[139.74379,35.68282],[139.74372,35.68276],[139.74365,35.68271],[139.74356,35.68265],[139.74287,35.68227],[139.74276,35.6822],[139.74265,35.68213],[139.74256,35.68205],[139.74248,35.68199],[139.74243,35.68195],[139.74238,35.6819],[139.74234,35.68185],[139.7423,35.68179],[139.74225,35.68173],[139.74221,35.68165]],[[139.72636,35.68127],[139.72704,35.68156],[139.72718,35.68162],[139.72734,35.68167],[139.72745,35.68171],[139.72759,35.68175]],[[139.73182,35.68083],[139.73194,35.68076],[139.73206,35.68069],[139.73216,35.6806],[139.73232,35.68045],[139.73243,35.68035],[139.73253,35.68025]],[[139.74839,35.67774],[139.74763,35.67854],[139.74753,35.67864],[139.74743,35.67873],[139.74733,35.6788],[139.74722,35.67887],[139.7471,35.67893],[139.74697,35.67899],[139.74682,35.67905],[139.74668,35.6791],[139.74635,35.67921]],[[139.73784,35.67877],[139.73873,35.67865],[139.73897,35.67862],[139.73915,35.67861],[139.73931,35.67861],[139.73948,35.67861],[139.73967,35.67863],[139.73985,35.67866],[139.74038,35.67877]],[[139.74038,35.67877],[139.74105,35.67895],[139.74128,35.67902],[139.74139,35.67907],[139.7415,35.67912],[139.74162,35.6792],[139.74175,35.67929],[139.74181,35.67934],[139.74187,35.6794],[139.74193,35.67947],[139.742,35.67958],[139.74204,35.67965],[139.74207,35.67973],[139.7421,35.67981],[139.74211,35.67988],[139.74212,35.67999],[139.74212,35.68008],[139.74212,35.68017],[139.74212,35.68042],[139.74209,35.68101],[139.7421,35.68119],[139.74211,35.68126],[139.74213,35.68134],[139.74215,35.68141],[139.74218,35.68147],[139.7422,35.68153],[139.74226,35.68165],[139.7423,35.68171],[139.74234,35.68177],[139.74238,35.68182],[139.74244,35.68188],[139.74251,35.68195],[139.7426,35.68202],[139.74269,35.68209],[139.74279,35.68216],[139.74291,35.68222],[139.74359,35.68261],[139.7437,35.68268],[139.74383,35.68277],[139.7439,35.68284],[139.74397,35.68292],[139.744,35.68296],[139.74403,35.68301],[139.74405,35.68304],[139.74408,35.68311],[139.7441,35.68318],[139.74414,35.68329],[139.74417,35.6834],[139.74424,35.68368],[139.7443,35.68388]],[[139.64247,35.66772],[139.64421,35.66795],[139.64463,35.66801],[139.64506,35.66807],[139.64536,35.66813],[139.64565,35.6682],[139.64593,35.66828]],[[139.61548,35.67702],[139.61598,35.67685],[139.61648,35.67666],[139.61686,35.67648],[139.61724,35.67629],[139.61848,35.67564],[139.61888,35.67542],[139.61925,35.67521],[139.61965,35.67495]],[[139.64593,35.66828],[139.64721,35.66873],[139.64747,35.66882],[139.6477,35.66893],[139.64793,35.66905],[139.64816,35.66917],[139.64896,35.66964],[139.64918,35.66977],[139.64937,35.66988],[139.64955,35.66996],[139.64973,35.67004],[139.64995,35.67012],[139.65021,35.67021],[139.65048,35.67027],[139.65074,35.67032],[139.65263,35.67063],[139.65312,35.6707],[139.65346,35.67073],[139.65411,35.67078],[139.65444,35.67081],[139.65476,35.67086],[139.655,35.67091],[139.65523,35.67097],[139.65543,35.67103],[139.6557,35.67112],[139.65688,35.67158],[139.65724,35.67171],[139.65761,35.67182],[139.65814,35.67196],[139.66009,35.67245],[139.66114,35.67271],[139.6624,35.67304],[139.66308,35.67323],[139.66511,35.67383],[139.66684,35.67434],[139.66923,35.67502],[139.67112,35.67557],[139.67423,35.67649],[139.67458,35.6766],[139.67492,35.67672],[139.67543,35.67691],[139.67573,35.67701],[139.67605,35.67711],[139.6768,35.67733],[139.67965,35.67816],[139.67992,35.67824],[139.68017,35.67832],[139.68032,35.67839]],[[139.73253,35.68025],[139.7326,35.68016],[139.73267,35.68007],[139.73272,35.67997],[139.73277,35.67987],[139.7328,35.67976],[139.7329,35.67943],[139.73294,35.67932],[139.73298,35.67922],[139.73302,35.67913],[139.73306,35.67907],[139.73309,35.67902],[139.73313,35.67897],[139.73317,35.67893],[139.73322,35.67889],[139.73326,35.67886],[139.73331,35.67883],[139.73336,35.6788],[139.73343,35.67877],[139.73348,35.67875],[139.73354,35.67872],[139.73362,35.6787],[139.73374,35.67867],[139.73386,35.67864],[139.73463,35.67854],[139.73477,35.67853],[139.73491,35.67852],[139.73506,35.67851],[139.7352,35.67851],[139.73535,35.67852],[139.73549,35.67853],[139.73564,35.67854],[139.73576,35.67856],[139.73716,35.67876],[139.7374,35.67879],[139.73752,35.6788],[139.73763,35.67879],[139.73774,35.67878],[139.73784,35.67877]],[[139.68046,35.67845],[139.6821,35.6792],[139.68308,35.67962],[139.68338,35.67973],[139.68377,35.67987],[139.6842,35.68002]],[[139.69698,35.68058],[139.69681,35.68046],[139.6964,35.68019],[139.69628,35.68011],[139.69617,35.68005]],[[139.69612,35.68011],[139.69623,35.68018],[139.69634,35.68024],[139.69692,35.68063],[139.69708,35.68074],[139.6972,35.6808],[139.69731,35.68085],[139.69744,35.6809],[139.69758,35.68095],[139.69772,35.68099],[139.69786,35.68102],[139.69799,35.68104],[139.69813,35.68105],[139.69826,35.68105],[139.69839,35.68104],[139.69852,35.68101],[139.69867,35.68098],[139.69881,35.68094],[139.69896,35.68089],[139.6991,35.68084],[139.69925,35.68078],[139.69947,35.68067],[139.70027,35.68025],[139.70039,35.68019],[139.7005,35.68014],[139.70057,35.68011],[139.70064,35.68009],[139.70071,35.68007],[139.70078,35.68006],[139.70086,35.68005],[139.70094,35.68005],[139.70102,35.68005],[139.7011,35.68006],[139.70118,35.68006]],[[139.69617,35.68005],[139.69604,35.67999],[139.69592,35.67994],[139.6958,35.6799],[139.69566,35.67987],[139.69552,35.67984],[139.6948,35.6797],[139.69466,35.67968],[139.69453,35.67967],[139.6944,35.67967],[139.69426,35.67967],[139.69416,35.67969],[139.69408,35.67971],[139.69399,35.67973],[139.69392,35.67976],[139.69387,35.67978],[139.69382,35.67981],[139.69377,35.67983],[139.69371,35.67988],[139.69365,35.67993],[139.69357,35.68],[139.69351,35.68007],[139.69344,35.68017],[139.69335,35.68029],[139.69296,35.68085],[139.69281,35.68106],[139.69216,35.68189],[139.69203,35.68206],[139.69166,35.6826],[139.69138,35.68299],[139.69125,35.68318],[139.69117,35.68327],[139.69112,35.68332],[139.69107,35.68337],[139.69101,35.68341],[139.69094,35.68345],[139.69088,35.68348],[139.69082,35.68351],[139.69076,35.68353],[139.69069,35.68356],[139.69062,35.68357],[139.69054,35.68359],[139.69047,35.68359],[139.6904,35.68359],[139.69033,35.68359],[139.69025,35.68358],[139.69019,35.68357],[139.69013,35.68356],[139.69007,35.68355],[139.69001,35.68352],[139.68994,35.6835],[139.68987,35.68346],[139.68978,35.68341],[139.68856,35.68259]],[[139.74635,35.67921],[139.74539,35.6795],[139.74528,35.67953],[139.74517,35.67956],[139.74507,35.67958],[139.74496,35.6796],[139.74485,35.67961],[139.74474,35.67961],[139.74462,35.67961],[139.7445,35.6796],[139.74437,35.67958],[139.74423,35.67956],[139.7401,35.67879]],[[139.73245,35.68021],[139.73236,35.6803],[139.73225,35.6804],[139.73212,35.68052],[139.73201,35.68062],[139.7319,35.68069],[139.73178,35.68076]],[[139.72001,35.67988],[139.72107,35.67976],[139.72132,35.67973],[139.72159,35.67971],[139.72182,35.6797],[139.72205,35.6797],[139.7223,35.67972],[139.72255,35.67975],[139.72279,35.6798],[139.72302,35.67985],[139.72326,35.67992],[139.72348,35.68001],[139.72372,35.68011],[139.72445,35.68045],[139.72476,35.68058],[139.72513,35.68074],[139.72636,35.68127]],[[139.70118,35.68006],[139.70133,35.68008],[139.70283,35.6803],[139.70432,35.68052],[139.70452,35.68056],[139.70464,35.68059],[139.70474,35.68061],[139.70483,35.68064],[139.70493,35.68068],[139.70504,35.68072],[139.70519,35.6808],[139.70563,35.68108],[139.70579,35.68116],[139.70589,35.6812],[139.706,35.68124],[139.7061,35.68127],[139.70622,35.6813],[139.70637,35.68132],[139.70652,35.68133],[139.70899,35.68145],[139.7092,35.68145],[139.70939,35.68143],[139.70959,35.6814],[139.71028,35.68127],[139.71075,35.68118],[139.71102,35.68114],[139.71129,35.6811],[139.71392,35.68075],[139.71423,35.6807],[139.71468,35.68064]],[[139.7012,35.67999],[139.7011,35.67998],[139.70098,35.67997],[139.70089,35.67997],[139.7008,35.67998],[139.70072,35.67999],[139.70063,35.68001],[139.70055,35.68004],[139.70044,35.68008],[139.70033,35.68013],[139.70021,35.68019],[139.69941,35.68061],[139.6992,35.68071],[139.69905,35.68077],[139.6989,35.68082],[139.69878,35.68086],[139.69863,35.6809],[139.69849,35.68093],[139.69837,35.68095],[139.69824,35.68095],[139.69811,35.68096],[139.69799,35.68095],[139.69786,35.68093],[139.69774,35.68091],[139.69761,35.68087],[139.69748,35.68083],[139.69735,35.68078],[139.69724,35.68073],[139.69712,35.68067],[139.69698,35.68058]],[[139.71466,35.68056],[139.71129,35.68103],[139.71075,35.68111],[139.71025,35.6812],[139.70979,35.68129],[139.70957,35.68133],[139.70938,35.68136],[139.7092,35.68137],[139.70899,35.68138],[139.70652,35.68126],[139.70638,35.68125],[139.70624,35.68122],[139.70613,35.6812],[139.70603,35.68117],[139.70593,35.68114],[139.70583,35.68109],[139.70569,35.68102],[139.70523,35.68074],[139.70508,35.68066],[139.70497,35.68062],[139.70487,35.68058],[139.70477,35.68054],[139.70465,35.68052],[139.70453,35.68049],[139.70434,35.68046],[139.70284,35.68023],[139.7012,35.67999]],[[139.71881,35.68001],[139.72001,35.67988]],[[139.7188,35.67994],[139.71851,35.67998],[139.71466,35.68056]],[[139.72,35.67982],[139.7188,35.67994]],[[139.71468,35.68064],[139.71504,35.68058],[139.71853,35.68005],[139.71881,35.68001]],[[139.6214,35.67323],[139.6202,35.6743],[139.61973,35.67467],[139.61936,35.67492],[139.61885,35.67522],[139.61822,35.67555],[139.61711,35.6761],[139.6166,35.67635],[139.61629,35.67649],[139.61593,35.67662],[139.61537,35.67682]],[[139.61965,35.67495],[139.62005,35.67465],[139.62035,35.6744],[139.62063,35.67415],[139.62091,35.67389],[139.6215,35.67329]],[[139.6215,35.67329],[139.62205,35.67277],[139.62238,35.67245],[139.6227,35.67216],[139.62303,35.67188],[139.62351,35.67148],[139.62395,35.67113],[139.62419,35.67095],[139.6244,35.67081],[139.6246,35.6707],[139.62482,35.6706],[139.62501,35.67053],[139.62519,35.67048],[139.62541,35.67042],[139.62573,35.67036],[139.62672,35.67021],[139.63055,35.66964],[139.63091,35.6696],[139.63193,35.66948],[139.63222,35.66944],[139.63251,35.66939],[139.63279,35.66932],[139.63305,35.66924],[139.63468,35.6687],[139.63609,35.66823],[139.63762,35.66772],[139.63798,35.66762],[139.63828,35.66755],[139.63857,35.66751],[139.63888,35.66748],[139.6392,35.66747],[139.63951,35.66748],[139.64107,35.66756],[139.64142,35.66759],[139.64177,35.66763],[139.64247,35.66772]],[[139.72996,35.68163],[139.73018,35.68157],[139.7304,35.6815]],[[139.7304,35.6815],[139.73063,35.68141],[139.73084,35.68132],[139.7312,35.68115],[139.73182,35.68083]],[[139.72993,35.68155],[139.7297,35.6816],[139.72947,35.68165],[139.72923,35.68168],[139.72897,35.68171],[139.72872,35.68173],[139.72846,35.68174],[139.72821,35.68173],[139.72799,35.68172]],[[139.73041,35.68141],[139.73016,35.68148],[139.72993,35.68155]],[[139.6878,35.68219],[139.68851,35.68265]],[[139.68851,35.68265],[139.68872,35.68278],[139.68922,35.68313],[139.6897,35.68346],[139.68978,35.68352],[139.68986,35.68357],[139.68992,35.6836],[139.68999,35.68364],[139.69005,35.68366],[139.69012,35.68368],[139.69021,35.68371],[139.69031,35.68372],[139.69039,35.68373],[139.69046,35.68373],[139.69053,35.68373],[139.6906,35.68373],[139.69068,35.68372],[139.69076,35.6837],[139.69085,35.68368],[139.69094,35.68365],[139.691,35.68362],[139.69106,35.68359],[139.69111,35.68356],[139.69116,35.68352],[139.69121,35.68348],[139.69125,35.68344],[139.6913,35.68338],[139.69139,35.68327],[139.69173,35.68279],[139.69195,35.68247],[139.69289,35.68109],[139.69342,35.68033],[139.69351,35.68021],[139.69359,35.68011],[139.69365,35.68004],[139.6937,35.68],[139.69376,35.67994],[139.69381,35.67991],[139.69387,35.67987],[139.69394,35.67984],[139.69401,35.67981],[139.69409,35.67979],[139.69417,35.67977],[139.69426,35.67975],[139.69434,35.67974],[139.69442,35.67974],[139.6945,35.67974],[139.69462,35.67975],[139.69474,35.67976],[139.69485,35.67978],[139.6955,35.67991],[139.69564,35.67994],[139.69578,35.67997],[139.69589,35.68001],[139.69601,35.68006],[139.69612,35.68011]],[[139.64978,35.66997],[139.64959,35.66989],[139.64942,35.6698],[139.64924,35.66971],[139.64902,35.66958],[139.64821,35.66911],[139.64798,35.66898],[139.64774,35.66886],[139.6475,35.66876],[139.64725,35.66866],[139.64597,35.66821],[139.64566,35.66811],[139.64538,35.66804],[139.64508,35.66798],[139.64465,35.66792],[139.64248,35.66765]],[[139.68856,35.68259],[139.68786,35.68214]],[[139.72759,35.68175],[139.72771,35.68177],[139.72785,35.68179],[139.72798,35.6818]],[[139.72798,35.6818],[139.72821,35.68181],[139.72847,35.68182],[139.72873,35.68181],[139.72898,35.68179],[139.72925,35.68176],[139.72949,35.68172],[139.72973,35.68168],[139.72996,35.68163]],[[139.72759,35.68166],[139.72747,35.68163],[139.72736,35.68159],[139.7272,35.68153],[139.72707,35.68148],[139.72641,35.6812]],[[139.72799,35.68172],[139.72786,35.68171],[139.72772,35.68169],[139.72759,35.68166]],[[139.64999,35.67005],[139.64978,35.66997]],[[139.67839,35.67761],[139.67426,35.67642],[139.67114,35.6755],[139.66926,35.67495],[139.66689,35.67427],[139.66514,35.67376],[139.66311,35.67316],[139.66243,35.67298],[139.66117,35.67265],[139.66012,35.67238],[139.65817,35.67189],[139.65764,35.67175],[139.65727,35.67164],[139.65692,35.67152],[139.65573,35.67106],[139.65548,35.67097],[139.65527,35.6709],[139.65503,35.67083],[139.65479,35.67079],[139.65447,35.67074],[139.65413,35.6707],[139.65347,35.67065],[139.65314,35.67062],[139.65264,35.67055],[139.65076,35.67025],[139.65049,35.6702],[139.65023,35.67013],[139.64999,35.67005]],[[139.68041,35.67822],[139.68019,35.67813],[139.67996,35.67806],[139.67871,35.6777],[139.67839,35.67761]],[[139.68786,35.68214],[139.68536,35.68055],[139.68494,35.6803],[139.68461,35.68012],[139.68426,35.67994],[139.6839,35.67977],[139.68222,35.67905],[139.68061,35.6783],[139.68041,35.67822]],[[139.68554,35.68076],[139.6878,35.68219]],[[139.6842,35.68002],[139.68444,35.68012],[139.68468,35.68024],[139.6849,35.68035],[139.6853,35.6806],[139.68554,35.68076]],[[139.68032,35.67839],[139.68046,35.67845]],[[139.7419,35.6795],[139.74186,35.67944],[139.74181,35.67939],[139.74175,35.67934],[139.74169,35.67928],[139.74161,35.67923],[139.74153,35.67917],[139.74143,35.67912],[139.74133,35.67908],[139.74122,35.67904],[139.7411,35.67901],[139.74083,35.67896],[139.7401,35.67879]],[[139.61537,35.67682],[139.61449,35.67713]],[[139.61458,35.67731],[139.61548,35.67702]]]}},{"type":"Feature","properties":{"ref":"4","name":"昭和通り","type":"expressway"},"geometry":{"type":"MultiLineString","coordinates":[[[139.77853,35.71253],[139.77841,35.71238],[139.77839,35.71234],[139.77833,35.71229],[139.7782,35.71217]],[[139.77561,35.69747],[139.77561,35.69721],[139.7756,35.69709]],[[139.77555,35.68943],[139.77548,35.6896],[139.77536,35.68991],[139.77522,35.69023],[139.77506,35.69063],[139.77495,35.69089]],[[139.77552,35.70153],[139.77553,35.70159],[139.77559,35.7021],[139.77563,35.70252],[139.77564,35.70259],[139.77564,35.70263],[139.77565,35.70267],[139.77566,35.70276],[139.77571,35.7032],[139.77575,35.70362]],[[139.77535,35.69676],[139.77536,35.69709]],[[139.7756,35.69709],[139.77558,35.69668]],[[139.77544,35.69563],[139.77543,35.69551],[139.77542,35.69537],[139.77538,35.69498],[139.77536,35.69476],[139.77532,35.69445],[139.77531,35.6943],[139.77528,35.69414],[139.77518,35.6935],[139.77514,35.69324],[139.77511,35.69305],[139.77502,35.69242],[139.775,35.69228],[139.77496,35.69194],[139.77496,35.69177]],[[139.77796,35.71201],[139.7774,35.7116],[139.77722,35.71147]],[[139.77722,35.71147],[139.77702,35.71131],[139.77693,35.71123],[139.77685,35.71114],[139.77681,35.71107],[139.77677,35.71094],[139.77675,35.71081],[139.77673,35.71067],[139.77665,35.70993],[139.77664,35.70979],[139.7766,35.70934],[139.77659,35.70925]],[[139.77607,35.7042],[139.77606,35.70414],[139.77604,35.70395],[139.776,35.70348],[139.77595,35.70304],[139.77591,35.70274],[139.7759,35.70265],[139.77589,35.70257],[139.77588,35.7025],[139.77582,35.70192],[139.77578,35.70161],[139.77573,35.70097],[139.7757,35.70066],[139.7757,35.70057],[139.77567,35.70011],[139.77566,35.69997],[139.77566,35.69965],[139.77565,35.69948],[139.77565,35.69937]],[[139.77684,35.71164],[139.77707,35.71182],[139.77736,35.712]],[[139.77736,35.712],[139.77747,35.7121],[139.77759,35.71217],[139.77771,35.71221],[139.77788,35.71225],[139.77796,35.71229],[139.77803,35.71233],[139.77807,35.71237],[139.7781,35.7124],[139.77816,35.71247],[139.77839,35.71273],[139.77868,35.71316],[139.77909,35.71374],[139.77968,35.7146],[139.77973,35.71467],[139.77978,35.71474],[139.78029,35.71547],[139.78075,35.71612],[139.78082,35.71622],[139.78092,35.71635],[139.78141,35.71698],[139.78147,35.71705],[139.78155,35.71716],[139.78185,35.71754],[139.7821,35.71784],[139.78229,35.71807],[139.78239,35.71818],[139.78264,35.71851],[139.78277,35.71867],[139.78298,35.71894],[139.78321,35.71922],[139.7837,35.71979],[139.78376,35.71986]],[[139.77659,35.70925],[139.77656,35.7089],[139.77654,35.70869],[139.77654,35.70866],[139.77651,35.70837],[139.77646,35.70778],[139.77644,35.70764]],[[139.77616,35.70767],[139.77618,35.7078],[139.77619,35.70787],[139.77625,35.70844],[139.77627,35.7087],[139.77629,35.7089],[139.7764,35.7098],[139.77641,35.70995],[139.77642,35.71002],[139.7765,35.71077],[139.7765,35.71082],[139.77654,35.71112],[139.77657,35.71124],[139.77658,35.7113],[139.77661,35.71137]],[[139.77565,35.69881],[139.77565,35.69851],[139.77564,35.69823],[139.77564,35.69816],[139.77564,35.69806]],[[139.79066,35.72892],[139.79093,35.72918],[139.79127,35.72954],[139.79158,35.72984],[139.79162,35.7299],[139.79171,35.73001]],[[139.79078,35.72888],[139.79067,35.72875],[139.79062,35.7287],[139.79036,35.7284]],[[139.79182,35.72996],[139.79172,35.72984],[139.79098,35.72908],[139.79085,35.72894]],[[139.77495,35.69089],[139.77487,35.6911],[139.77476,35.69136]],[[139.77501,35.69148],[139.77503,35.69143],[139.77511,35.69119],[139.77521,35.69097]],[[139.77524,35.6909],[139.77532,35.6907],[139.77548,35.69033],[139.77562,35.68999],[139.77565,35.68993]],[[139.77496,35.69177],[139.77496,35.69168],[139.77498,35.69161],[139.77501,35.69148]],[[139.77472,35.69244],[139.7748,35.69293],[139.77487,35.69344]],[[139.77467,35.69168],[139.77466,35.69186],[139.77469,35.69217],[139.77472,35.69244]],[[139.77487,35.69344],[139.77491,35.69374],[139.77495,35.69403],[139.77497,35.69418]],[[139.77497,35.69418],[139.775,35.69435],[139.77506,35.69483],[139.77516,35.69534],[139.77517,35.69539],[139.7752,35.69553],[139.77521,35.69564],[139.77524,35.69579],[139.77531,35.69636]],[[139.77565,35.68993],[139.77574,35.68973],[139.77576,35.68968],[139.77583,35.68954]],[[139.77476,35.69136],[139.7747,35.69154],[139.77467,35.69168]],[[139.77661,35.71137],[139.77665,35.71146],[139.77672,35.71154],[139.77684,35.71164]],[[139.77565,35.69937],[139.77565,35.69927],[139.77565,35.69892],[139.77565,35.69881]],[[139.77538,35.69749],[139.77538,35.69755]],[[139.79021,35.72821],[139.79007,35.72802],[139.7898,35.72766],[139.78925,35.72691],[139.78918,35.72681],[139.78909,35.72668],[139.78888,35.72638],[139.78852,35.72588],[139.78842,35.72573],[139.78801,35.72516],[139.78775,35.72481],[139.78766,35.72467],[139.78751,35.72448],[139.78731,35.7242],[139.78707,35.72387],[139.78687,35.72362],[139.78667,35.72337],[139.78648,35.72311],[139.78625,35.72281],[139.78611,35.72263],[139.78602,35.72252],[139.78597,35.72245],[139.78589,35.72235],[139.78558,35.72195],[139.78523,35.72147],[139.78514,35.72136],[139.78504,35.72124],[139.78486,35.72101],[139.78453,35.72058],[139.78412,35.72006],[139.78406,35.71999],[139.78399,35.71989]],[[139.78992,35.72805],[139.79,35.72816]],[[139.7901,35.72831],[139.79015,35.72837],[139.79025,35.72849],[139.79053,35.72878],[139.79061,35.72887],[139.79066,35.72892]],[[139.79036,35.7284],[139.79021,35.72821]],[[139.78392,35.72004],[139.78416,35.72033],[139.7845,35.72076],[139.78492,35.72129],[139.78499,35.72139],[139.7851,35.72153],[139.78553,35.72207],[139.78586,35.7225],[139.78593,35.7226],[139.78613,35.72287],[139.78696,35.72395],[139.78706,35.72409],[139.7875,35.72467],[139.78764,35.72486],[139.78782,35.72513],[139.78818,35.72561],[139.7883,35.72578],[139.78835,35.72585],[139.7889,35.72661],[139.78898,35.72673],[139.78907,35.72686],[139.78914,35.72696],[139.78959,35.72759],[139.78989,35.72801],[139.78992,35.72805]],[[139.78163,35.71687],[139.78133,35.71647],[139.78128,35.71641],[139.78115,35.71624],[139.78108,35.71614],[139.78098,35.71602],[139.78086,35.71585],[139.78061,35.7155],[139.78052,35.71536],[139.78005,35.71469],[139.78001,35.71463],[139.77994,35.71454],[139.77932,35.71365],[139.77893,35.71311],[139.77872,35.7128],[139.77863,35.71266],[139.77853,35.71253]],[[139.78376,35.71986],[139.78382,35.71994]],[[139.78399,35.71989],[139.78393,35.7198]],[[139.78382,35.71994],[139.78392,35.72004]],[[139.78169,35.71694],[139.78163,35.71687]],[[139.78393,35.7198],[139.78388,35.71974]],[[139.77538,35.69755],[139.77538,35.6981],[139.77538,35.69818],[139.77541,35.69873],[139.77541,35.69882],[139.77541,35.6992],[139.77541,35.69928],[139.77542,35.69937],[139.77542,35.69948],[139.77542,35.6996],[139.77543,35.70008],[139.77544,35.70038],[139.77543,35.7006],[139.77544,35.70067],[139.77549,35.70124],[139.77552,35.70153]],[[139.77563,35.69763],[139.77561,35.69747]],[[139.77553,35.69626],[139.77546,35.69581],[139.77546,35.69577],[139.77544,35.69563]],[[139.77521,35.69097],[139.77524,35.6909]],[[139.79,35.72816],[139.79003,35.72821]],[[139.79003,35.72821],[139.7901,35.72831]],[[139.79085,35.72894],[139.79078,35.72888]],[[139.77613,35.7047],[139.77608,35.7043],[139.77607,35.7042]],[[139.77613,35.7047],[139.77605,35.70465],[139.77601,35.70431],[139.77588,35.70422]],[[139.77644,35.70764],[139.77642,35.70746],[139.77639,35.70716],[139.77633,35.70657],[139.77629,35.70622],[139.77626,35.70594],[139.77625,35.70584],[139.77624,35.70579],[139.77621,35.7055],[139.77617,35.70512],[139.77614,35.70477],[139.77613,35.7047]],[[139.77575,35.70362],[139.7758,35.70416],[139.77581,35.70422]],[[139.77581,35.70422],[139.77581,35.70432],[139.77586,35.70479],[139.77595,35.7058],[139.77596,35.70587],[139.77597,35.70596],[139.77604,35.70659],[139.77614,35.70748],[139.77616,35.70767]],[[139.78388,35.71974],[139.78378,35.71961],[139.78346,35.71913],[139.78301,35.71857],[139.78285,35.71837],[139.78273,35.71822],[139.78261,35.71806],[139.78251,35.71795],[139.7821,35.71745],[139.78199,35.71732],[139.78178,35.71705],[139.78174,35.71701],[139.78169,35.71694]]]}},{"type":"Feature","properties":{"ref":"4","name":"日光街道","type":"expressway"},"geometry":{"type":"MultiLineString","coordinates":[[[139.7977,35.74004],[139.79782,35.74028],[139.79788,35.74042],[139.79794,35.74057],[139.79799,35.74075],[139.79801,35.74093],[139.79801,35.74096],[139.79801,35.74113]],[[139.79723,35.73907],[139.79759,35.73981]],[[139.80143,35.75526],[139.80206,35.7572]],[[139.78275,35.92517],[139.78271,35.92551],[139.78268,35.92581],[139.78266,35.92596],[139.78263,35.9261],[139.7826,35.92623],[139.78254,35.92643],[139.78248,35.92661],[139.7824,35.92683],[139.78236,35.92693],[139.78227,35.92712],[139.78221,35.92724],[139.78214,35.92737],[139.78207,35.92749],[139.78206,35.92751],[139.78186,35.92781],[139.78166,35.9281],[139.78159,35.92821],[139.78148,35.92837],[139.78132,35.92859],[139.78116,35.92881],[139.78075,35.9294],[139.78053,35.9297],[139.7804,35.92988],[139.78015,35.93025],[139.77956,35.93108],[139.77942,35.93127],[139.77937,35.93134],[139.77902,35.93184],[139.77831,35.93284],[139.77826,35.93292],[139.77804,35.93327],[139.778,35.93334],[139.77793,35.93346]],[[139.78292,35.92383],[139.78288,35.92414]],[[139.77565,35.94816],[139.77563,35.94901],[139.77562,35.94934],[139.77562,35.9494],[139.77562,35.94942],[139.77562,35.94948],[139.77561,35.9496],[139.77562,35.94969],[139.77562,35.94974],[139.77562,35.94985],[139.77562,35.9499],[139.77564,35.95013],[139.77567,35.95031],[139.77572,35.95052],[139.77581,35.9508],[139.77581,35.95084],[139.77587,35.9511],[139.7759,35.95121],[139.77604,35.95177],[139.77609,35.95197],[139.77612,35.95209],[139.77613,35.95214],[139.77615,35.95221],[139.77623,35.95254],[139.77626,35.95266],[139.77631,35.95285],[139.77633,35.95294],[139.77634,35.95301],[139.77648,35.95359],[139.7766,35.95407],[139.77663,35.95423],[139.77667,35.95442],[139.77669,35.95469],[139.77669,35.95476],[139.77669,35.95516],[139.77668,35.95524],[139.77666,35.95538],[139.77663,35.95553],[139.77655,35.95576],[139.7765,35.95591],[139.7764,35.95614],[139.77622,35.95646],[139.77609,35.95665],[139.77594,35.95687],[139.77576,35.95712],[139.77561,35.95732],[139.77536,35.95768]],[[139.80362,35.76636],[139.80361,35.76669],[139.80359,35.76714],[139.80357,35.76768],[139.80355,35.76798],[139.80354,35.7684],[139.80353,35.76858],[139.80351,35.76881]],[[139.80374,35.76577],[139.80381,35.76424],[139.80386,35.76294],[139.80386,35.76274],[139.80384,35.76258],[139.80381,35.7624],[139.80375,35.76214],[139.80363,35.76176],[139.80348,35.76128]],[[139.80345,35.76116],[139.80318,35.76024]],[[139.80226,35.75727],[139.80222,35.75716]],[[139.80206,35.7572],[139.80207,35.75723],[139.8021,35.7573]],[[139.80008,35.75089],[139.80003,35.75073],[139.79999,35.7506],[139.79981,35.75008],[139.79979,35.75003],[139.79952,35.74924],[139.79949,35.74913],[139.79946,35.74904],[139.79939,35.74884],[139.79925,35.74842],[139.79907,35.74789],[139.7988,35.7471],[139.79868,35.74672],[139.79863,35.74659],[139.79857,35.74642],[139.79839,35.74588],[139.79831,35.74566],[139.79792,35.7445],[139.79788,35.7444],[139.79785,35.7443],[139.79781,35.74418],[139.7978,35.74417],[139.79775,35.74397],[139.7977,35.74381],[139.79769,35.74373],[139.79767,35.74356],[139.79767,35.74341],[139.79768,35.74326],[139.79768,35.74321],[139.79769,35.7431],[139.79771,35.74295],[139.79775,35.74279],[139.7978,35.74265],[139.79794,35.74223],[139.798,35.74208],[139.79801,35.74203],[139.79809,35.74182],[139.79814,35.74166],[139.79818,35.74144],[139.79819,35.74137],[139.7982,35.74126],[139.7982,35.74109],[139.7982,35.74093],[139.79818,35.74079],[139.79815,35.74067],[139.79812,35.74055],[139.79806,35.74039],[139.79797,35.74015]],[[139.80334,35.76118],[139.80338,35.76131]],[[139.80348,35.76128],[139.80345,35.76116]],[[139.80313,35.76055],[139.80327,35.76097],[139.80334,35.76118]],[[139.80222,35.75716],[139.80156,35.75523]],[[139.79736,35.73859],[139.79723,35.73826],[139.79714,35.73799],[139.79707,35.73776],[139.79706,35.73772],[139.79701,35.73757],[139.79694,35.73731],[139.79686,35.73707],[139.79685,35.73701],[139.7968,35.7369],[139.79674,35.73678],[139.79671,35.73674],[139.79666,35.73666],[139.79653,35.73652],[139.79593,35.73588],[139.79576,35.73571],[139.79547,35.73542],[139.79505,35.73506],[139.79494,35.735]],[[139.79801,35.74113],[139.798,35.74127],[139.798,35.74136],[139.79797,35.7416],[139.79792,35.74177],[139.79786,35.74196],[139.79768,35.74244],[139.79758,35.7427],[139.79753,35.74287],[139.79749,35.74303],[139.79748,35.7432],[139.79747,35.74339],[139.79748,35.74358],[139.79751,35.74376],[139.79754,35.74388],[139.79757,35.74399],[139.79766,35.74425],[139.79772,35.74443],[139.79774,35.74449],[139.79776,35.74456],[139.79785,35.74486],[139.798,35.74528],[139.79814,35.74567],[139.79832,35.74619],[139.7984,35.74643],[139.79843,35.74654]],[[139.79752,35.73924],[139.7974,35.73902],[139.79721,35.73858],[139.7971,35.73824],[139.79699,35.73782],[139.79688,35.73743],[139.79679,35.73711],[139.79673,35.73695],[139.79665,35.73681],[139.79653,35.73664],[139.79643,35.73653],[139.79631,35.73639],[139.79592,35.73599]],[[139.79474,35.73492],[139.79484,35.73502],[139.79518,35.73537],[139.79553,35.73572],[139.79564,35.73582],[139.79634,35.73657],[139.79638,35.73661],[139.79647,35.73671],[139.79655,35.7368],[139.79665,35.73699],[139.79671,35.73716],[139.79675,35.73731],[139.79676,35.73741],[139.79678,35.73752],[139.79679,35.7376],[139.7968,35.73775],[139.79681,35.7379],[139.79683,35.73803],[139.79688,35.73824],[139.79691,35.73836],[139.79699,35.73856],[139.79707,35.73873],[139.79708,35.73877],[139.79711,35.73882],[139.79723,35.73907]],[[139.8018,35.80036],[139.8018,35.80046],[139.80179,35.80049],[139.80176,35.80088],[139.80172,35.80125],[139.8017,35.80141],[139.80168,35.80157],[139.80166,35.80175],[139.80164,35.80197],[139.80163,35.80207],[139.80158,35.80278],[139.80154,35.80337],[139.80151,35.80379],[139.8015,35.8039],[139.80148,35.80421],[139.80147,35.80428],[139.80145,35.80454],[139.80144,35.80462]],[[139.80163,35.80337],[139.80164,35.80316],[139.80172,35.80204],[139.80174,35.80178],[139.80177,35.80159],[139.8018,35.80139],[139.80183,35.80126]],[[139.80338,35.76131],[139.80355,35.7618],[139.80367,35.76218],[139.80374,35.76245],[139.80377,35.76259],[139.80378,35.76274],[139.80379,35.76294],[139.80378,35.7633],[139.80373,35.76424],[139.80365,35.76577]],[[139.80251,35.79279],[139.80252,35.79264],[139.80258,35.7921],[139.80265,35.79134],[139.80266,35.79123],[139.80273,35.79042],[139.8028,35.78944],[139.80282,35.78934],[139.80283,35.78923],[139.80286,35.78892],[139.80289,35.78793],[139.8029,35.78743],[139.80291,35.78738],[139.80291,35.7872],[139.80293,35.78679],[139.80296,35.786],[139.80297,35.78592],[139.80297,35.78586],[139.80297,35.78574],[139.80297,35.78568],[139.80298,35.78536],[139.80298,35.78517],[139.80299,35.78475],[139.80302,35.7838],[139.80304,35.78324],[139.80305,35.78287],[139.80306,35.78274],[139.80306,35.78262],[139.80308,35.78162],[139.8031,35.78106],[139.80312,35.78043],[139.80314,35.77984],[139.80315,35.77955],[139.80316,35.77889],[139.80317,35.77879]],[[139.7828,35.92471],[139.78278,35.92498],[139.78275,35.92517]],[[139.79227,35.73143],[139.79246,35.73187],[139.79256,35.73209],[139.79259,35.73217],[139.7926,35.73221],[139.79268,35.73239],[139.79275,35.73253],[139.79284,35.73266],[139.79296,35.73281],[139.79298,35.73284],[139.79308,35.73298],[139.79347,35.73349],[139.79385,35.73398],[139.79406,35.73424],[139.7941,35.73429],[139.79418,35.73437],[139.79425,35.73444],[139.79427,35.73447],[139.79434,35.73454],[139.79458,35.73477],[139.79474,35.73492]],[[139.79494,35.735],[139.79492,35.73497],[139.79484,35.7349],[139.79468,35.73474],[139.79435,35.73442],[139.79433,35.7344],[139.79427,35.73434],[139.79419,35.73426],[139.79415,35.73421],[139.79393,35.73393],[139.79355,35.73346],[139.79315,35.73294],[139.79303,35.73278],[139.79298,35.73272],[139.79289,35.73261],[139.79282,35.7325],[139.79276,35.73237],[139.79267,35.73214],[139.79259,35.73195],[139.79255,35.73184],[139.79243,35.73154],[139.79227,35.73117]],[[139.79212,35.73103],[139.79216,35.73115],[139.79227,35.73143]],[[139.79178,35.73013],[139.79183,35.73024],[139.79196,35.73057],[139.79212,35.73103]],[[139.79171,35.73001],[139.79178,35.73013]],[[139.78288,35.92414],[139.78286,35.92429],[139.7828,35.92471]],[[139.80144,35.80462],[139.80142,35.80474],[139.80139,35.80486],[139.80136,35.80498],[139.8013,35.80513]],[[139.79759,35.73981],[139.7977,35.74004]],[[139.79592,35.73599],[139.7957,35.73575],[139.7953,35.73534],[139.79494,35.735]],[[139.79779,35.73975],[139.79774,35.73953],[139.79752,35.73898],[139.79736,35.73859]],[[139.80362,35.76875],[139.80363,35.76856],[139.80364,35.76824],[139.80365,35.76786],[139.80368,35.76717],[139.80371,35.76647],[139.80372,35.76623]],[[139.80307,35.77879],[139.80307,35.77889],[139.80304,35.77961],[139.80303,35.78043],[139.803,35.78144],[139.80298,35.78194],[139.80295,35.78229],[139.80295,35.78262],[139.80294,35.78275],[139.80294,35.78287],[139.80294,35.78321],[139.8029,35.78476],[139.80288,35.78536],[139.80286,35.78586],[139.80286,35.78592],[139.80281,35.78719],[139.80281,35.78732],[139.8028,35.78743],[139.80279,35.78791],[139.80278,35.78845],[139.80276,35.78887],[139.80275,35.78905],[139.80274,35.78922],[139.80272,35.78934],[139.80271,35.78944],[139.80262,35.79062],[139.80256,35.79123],[139.80256,35.79134],[139.80252,35.79169],[139.80244,35.79264],[139.80242,35.7928]],[[139.77719,35.93765],[139.77717,35.93774],[139.77713,35.93795]],[[139.77713,35.93795],[139.77713,35.93797],[139.77706,35.93836],[139.77696,35.93898],[139.77679,35.93993],[139.77675,35.94016],[139.77673,35.94027],[139.77671,35.94037],[139.77652,35.94148],[139.77643,35.94201],[139.77639,35.94221],[139.77636,35.94239],[139.77633,35.94253],[139.77618,35.94337],[139.77615,35.94351],[139.77603,35.94418],[139.77602,35.94424],[139.77598,35.94449],[139.77594,35.94475],[139.77583,35.94538],[139.77582,35.94543],[139.77581,35.94553]],[[139.77741,35.93602],[139.77739,35.93614],[139.77732,35.93662],[139.77729,35.9369],[139.77728,35.93698],[139.77724,35.93724],[139.77722,35.93747],[139.77721,35.93754],[139.7772,35.93762],[139.77719,35.93765]],[[139.79188,35.73007],[139.79182,35.72996]],[[139.7922,35.73099],[139.79205,35.73053],[139.79196,35.73027],[139.79192,35.73019],[139.79188,35.73007]],[[139.79227,35.73117],[139.79225,35.73113],[139.7922,35.73099]],[[139.80333,35.77522],[139.80335,35.77467],[139.80335,35.7746],[139.80339,35.77374],[139.80339,35.77364],[139.80341,35.77318],[139.80343,35.77261],[139.80346,35.77183],[139.80347,35.77175],[139.80347,35.77164]],[[139.80183,35.80126],[139.80186,35.80088],[139.80189,35.80046],[139.8019,35.80037]],[[139.80217,35.79667],[139.80218,35.79655],[139.80224,35.79594],[139.80228,35.79542],[139.80234,35.79486],[139.80235,35.79476],[139.80243,35.79374],[139.8025,35.79293],[139.80251,35.79279]],[[139.80242,35.7928],[139.80241,35.79293],[139.80233,35.79376],[139.80224,35.79476],[139.80223,35.79486],[139.8022,35.79511],[139.80214,35.79578],[139.80213,35.79589],[139.80209,35.79655],[139.80208,35.79666]],[[139.80318,35.76024],[139.80226,35.75727]],[[139.8021,35.7573],[139.80313,35.76055]],[[139.80156,35.75523],[139.80142,35.7548],[139.80138,35.7547],[139.80123,35.75427],[139.80113,35.75397],[139.80106,35.75377],[139.80087,35.75326],[139.80083,35.75316],[139.8008,35.75306],[139.80066,35.75264],[139.80052,35.7522],[139.80013,35.75103],[139.80008,35.75089]],[[139.79991,35.75091],[139.79995,35.75104],[139.80002,35.75127],[139.8002,35.75181],[139.80033,35.75218],[139.80045,35.75254],[139.80056,35.75283],[139.80064,35.75308],[139.80068,35.75317],[139.80071,35.75328],[139.80076,35.75344],[139.8009,35.75383],[139.80096,35.754],[139.801,35.75412],[139.80107,35.75431],[139.80124,35.75474],[139.80127,35.75482],[139.80143,35.75526]],[[139.80338,35.77164],[139.80338,35.77175],[139.80334,35.77239],[139.80334,35.7726],[139.80332,35.77315],[139.8033,35.77363],[139.80329,35.77374],[139.80325,35.77467],[139.80323,35.77521]],[[139.80318,35.7786],[139.80319,35.77847],[139.80321,35.77765],[139.80323,35.77715],[139.80323,35.77706]],[[139.80314,35.77701],[139.80314,35.77713],[139.80313,35.77716],[139.80313,35.77766],[139.80309,35.77847],[139.80308,35.7786]],[[139.80308,35.7786],[139.80307,35.77879]],[[139.80317,35.77879],[139.80318,35.7786]],[[139.80372,35.76623],[139.80374,35.76577]],[[139.80365,35.76577],[139.80362,35.76636]],[[139.80323,35.77706],[139.80324,35.7769],[139.80327,35.77631],[139.80331,35.77556],[139.80332,35.7754],[139.80333,35.77522]],[[139.80208,35.79666],[139.80203,35.79723],[139.80201,35.79748],[139.80195,35.79825],[139.8019,35.79907],[139.8018,35.80036]],[[139.8019,35.80037],[139.80202,35.79859],[139.8021,35.79749],[139.80212,35.79724],[139.80217,35.79667]],[[139.79797,35.74015],[139.79789,35.73997],[139.79779,35.73975]],[[139.79931,35.74913],[139.79935,35.74923],[139.79977,35.75048],[139.7998,35.75058],[139.79986,35.75075],[139.79991,35.75091]],[[139.79843,35.74654],[139.79849,35.74669],[139.7985,35.74673],[139.7988,35.7476],[139.79929,35.74905],[139.79931,35.74913]],[[139.80351,35.76881],[139.80351,35.76895],[139.80349,35.76947],[139.80344,35.77036],[139.80344,35.77042],[139.8034,35.77116],[139.80338,35.77164]],[[139.80347,35.77164],[139.8035,35.77116],[139.80353,35.77042],[139.80354,35.77014],[139.80355,35.76993],[139.80358,35.76938],[139.8036,35.76891],[139.80362,35.76875]],[[139.77787,35.93358],[139.77785,35.93365],[139.7778,35.93383],[139.7777,35.93423],[139.77768,35.93434],[139.77766,35.93447],[139.77762,35.93475],[139.77758,35.93501],[139.7775,35.93551]],[[139.7775,35.93551],[139.77743,35.93588],[139.77741,35.93602]],[[139.77565,35.94802],[139.77565,35.94816]],[[139.77581,35.94553],[139.77579,35.94564],[139.77578,35.94569],[139.77572,35.94603],[139.77569,35.94624],[139.77567,35.94643],[139.77567,35.9466],[139.77565,35.94746],[139.77565,35.94802]],[[139.77793,35.93346],[139.77787,35.93358]],[[139.80323,35.77521],[139.80323,35.7754],[139.80322,35.77547],[139.80318,35.77622],[139.80314,35.7769],[139.80314,35.77701]],[[139.79779,35.73975],[139.79768,35.73953],[139.79752,35.73924]]]}},{"type":"Feature","properties":{"ref":"6","name":"首都高速道路6号三郷線","type":"expressway"},"geometry":{"type":"MultiLineString","coordinates":[[[139.85908,35.83585],[139.85897,35.83575],[139.85832,35.83515],[139.85786,35.83467]],[[139.85778,35.83472],[139.85825,35.8352],[139.8589,35.8358],[139.85902,35.83591]]]}},{"type":"Feature","properties":{"ref":"1","name":"横浜新道","type":"expressway"},"geometry":{"type":"MultiLineString","coordinates":[[[139.61383,35.47646],[139.61349,35.47646],[139.61281,35.47648],[139.6122,35.47648],[139.61151,35.47648],[139.61086,35.47647],[139.61026,35.47648],[139.60965,35.47648],[139.60776,35.47648],[139.60759,35.47649],[139.60726,35.47648],[139.60561,35.47648],[139.60409,35.47646],[139.60377,35.47645],[139.60284,35.47644]],[[139.59985,35.47456],[139.59915,35.47383],[139.5984,35.47307]],[[139.59553,35.47117],[139.59602,35.47129]],[[139.5984,35.47307],[139.59791,35.47255],[139.5976,35.47224]],[[139.59486,35.47103],[139.59553,35.47117]],[[139.62293,35.4751],[139.62285,35.47513]],[[139.60284,35.47644],[139.60259,35.4764],[139.60219,35.4763],[139.60203,35.47625]],[[139.6028,35.47649],[139.60309,35.47651],[139.60391,35.47652],[139.60561,35.47652],[139.60759,35.47653],[139.60816,35.47654],[139.60968,35.47654],[139.61084,35.47652],[139.61104,35.47653],[139.61151,35.47652],[139.61219,35.47652],[139.61303,35.47651],[139.61336,35.47651],[139.61372,35.47651],[139.61383,35.47651]],[[139.61383,35.47651],[139.61459,35.47651],[139.61506,35.47653],[139.61561,35.47655],[139.61615,35.47657],[139.61644,35.47658],[139.61669,35.4766],[139.6168,35.4766],[139.61692,35.47661],[139.61815,35.47665],[139.61874,35.47667],[139.61895,35.47667],[139.61936,35.47665],[139.61961,35.47662],[139.61978,35.47659],[139.61992,35.47656],[139.62005,35.47653],[139.62017,35.4765],[139.62035,35.47643],[139.6213,35.47591],[139.62232,35.47548],[139.6224,35.47545]],[[139.59966,35.47445],[139.5998,35.47458],[139.60083,35.47564],[139.60109,35.47585],[139.60154,35.47611],[139.60164,35.47616],[139.60185,35.47627],[139.60199,35.47632]],[[139.59838,35.47312],[139.59859,35.47336],[139.59868,35.47346],[139.59897,35.4738],[139.59907,35.4739]],[[139.5976,35.47224],[139.59727,35.4719],[139.59699,35.47166],[139.59668,35.47146],[139.59627,35.47127]],[[139.60189,35.4762],[139.60161,35.47606],[139.60119,35.47583],[139.60088,35.47559],[139.60054,35.47524],[139.60023,35.47491],[139.59985,35.47456]],[[139.59907,35.4739],[139.59952,35.47435],[139.59966,35.47445]],[[139.5972,35.47193],[139.59728,35.47199],[139.59756,35.47228]],[[139.59469,35.47091],[139.59461,35.47089],[139.59445,35.47083]],[[139.62285,35.47513],[139.62245,35.47532],[139.62235,35.47537]],[[139.60199,35.47632],[139.60241,35.47644],[139.6028,35.47649]],[[139.59627,35.47127],[139.59598,35.47118],[139.59469,35.47091]],[[139.62301,35.47517],[139.62313,35.47513],[139.62324,35.47509],[139.62346,35.47507],[139.62465,35.47507],[139.62535,35.47507],[139.62555,35.47507],[139.62579,35.47508],[139.62613,35.47518],[139.62623,35.47522]],[[139.63611,35.48178],[139.63388,35.48092],[139.6338,35.48089],[139.63371,35.48085],[139.63364,35.48082],[139.63206,35.4802],[139.63196,35.48016],[139.63188,35.4801]],[[139.62235,35.47537],[139.62226,35.47541],[139.62126,35.47586],[139.62099,35.476],[139.62027,35.47638],[139.62013,35.47645],[139.61985,35.47653],[139.61956,35.47658],[139.61949,35.47658],[139.61929,35.47659],[139.61889,35.47661],[139.61875,35.47661],[139.61822,35.47659],[139.61762,35.47657],[139.61708,35.47655],[139.61692,35.47654],[139.61681,35.47654],[139.61669,35.47653],[139.61639,35.47652],[139.61617,35.47651],[139.61611,35.47651],[139.61488,35.47647],[139.61452,35.47646],[139.6139,35.47646],[139.61383,35.47646]],[[139.6224,35.47545],[139.6225,35.4754],[139.62295,35.4752],[139.62301,35.47517]],[[139.6365,35.48197],[139.63611,35.48178]],[[139.59652,35.47147],[139.59687,35.47169],[139.5972,35.47193]],[[139.59602,35.47129],[139.59614,35.47133],[139.59652,35.47147]],[[139.62623,35.47522],[139.62636,35.47531],[139.62698,35.47582],[139.62768,35.47643],[139.62784,35.47657],[139.6279,35.47661],[139.62796,35.47667],[139.62836,35.47702],[139.62846,35.47712],[139.62908,35.47767],[139.6297,35.47824],[139.63042,35.47891],[139.63053,35.47901],[139.63172,35.4801],[139.63182,35.48018],[139.6319,35.48023]],[[139.63188,35.4801],[139.63179,35.48003],[139.63147,35.47973],[139.63056,35.47891],[139.63047,35.47882],[139.62977,35.47818],[139.62914,35.47759],[139.62865,35.47717],[139.62856,35.47709],[139.62803,35.47662],[139.62796,35.47655],[139.62791,35.47651],[139.6273,35.47599],[139.62643,35.47525],[139.62632,35.47517]],[[139.60203,35.47625],[139.60189,35.4762]],[[139.6319,35.48023],[139.632,35.48027],[139.63277,35.48058],[139.63359,35.48089],[139.63366,35.48092],[139.63375,35.48096],[139.63384,35.48099],[139.63459,35.48128],[139.63554,35.48165],[139.63582,35.48176],[139.63623,35.48193]],[[139.62632,35.47517],[139.6262,35.47513],[139.62585,35.47502],[139.62516,35.47498],[139.62435,35.47499],[139.62354,35.47498],[139.62322,35.475],[139.6231,35.47504],[139.62293,35.4751]],[[139.59756,35.47228],[139.59838,35.47312]],[[139.5944,35.47092],[139.59456,35.47096],[139.59486,35.47103]]]}},{"type":"Feature","properties":{"ref":"4","name":"新4号国道","type":"expressway"},"geometry":{"type":"MultiLineString","coordinates":[[[139.77991,35.92127],[139.78013,35.92145],[139.78091,35.92216]],[[139.78395,35.92498],[139.78308,35.9241],[139.78237,35.9234],[139.7819,35.92295],[139.78097,35.92211]],[[139.78091,35.92216],[139.7815,35.9227],[139.78204,35.9232],[139.78243,35.92358],[139.7828,35.92395],[139.78319,35.92433],[139.78388,35.92504]],[[139.78388,35.92504],[139.78461,35.92577]],[[139.78097,35.92211],[139.78019,35.9214],[139.77999,35.92119]],[[139.7928,35.94421],[139.79291,35.94463],[139.79294,35.94472],[139.79301,35.945],[139.79316,35.94553],[139.79345,35.94662],[139.7935,35.9468],[139.79371,35.94757],[139.79374,35.94768]],[[139.78841,35.93242],[139.78878,35.93319]],[[139.78744,35.92953],[139.78736,35.92935],[139.78714,35.92887],[139.78708,35.92876],[139.78697,35.92852],[139.78678,35.92816],[139.78665,35.92796],[139.78633,35.92756],[139.78595,35.92709],[139.78557,35.92664],[139.78468,35.92572]],[[139.78895,35.93309],[139.78863,35.93227]],[[139.79403,35.94826],[139.79399,35.94811],[139.79397,35.948],[139.79364,35.94676],[139.79345,35.94609],[139.79332,35.94563],[139.79319,35.94512],[139.79309,35.94477]],[[139.79469,35.95071],[139.7943,35.94925]],[[139.7942,35.94934],[139.79459,35.95079]],[[139.78461,35.92577],[139.78504,35.92621],[139.78551,35.92669],[139.78573,35.92695],[139.78597,35.92731],[139.78609,35.92747],[139.78615,35.92758],[139.78621,35.9277],[139.78642,35.92807],[139.78649,35.9282]],[[139.78468,35.92572],[139.78395,35.92498]],[[139.78863,35.93227],[139.7885,35.93194],[139.78834,35.93159],[139.78818,35.93122]],[[139.78766,35.93073],[139.7877,35.93082],[139.78788,35.93124],[139.78812,35.93178],[139.78841,35.93242]],[[139.78649,35.9282],[139.78667,35.92854],[139.78674,35.92867],[139.78686,35.92891],[139.78689,35.92898],[139.78696,35.92914],[139.78703,35.92931]],[[139.78703,35.92931],[139.7871,35.92947],[139.78714,35.92956],[139.78721,35.92974]],[[139.78764,35.93001],[139.78754,35.92978],[139.78751,35.92969],[139.78744,35.92953]],[[139.78721,35.92974],[139.78729,35.92992],[139.78742,35.93021],[139.78759,35.93057],[139.78763,35.93067],[139.78766,35.93073]],[[139.7879,35.93058],[139.78787,35.93051],[139.78778,35.93031],[139.78764,35.93001]],[[139.78818,35.93122],[139.78797,35.93075],[139.78793,35.93066],[139.7879,35.93058]],[[139.78878,35.93319],[139.78933,35.93436],[139.78968,35.93515],[139.78985,35.93551],[139.79029,35.93652],[139.7903,35.93655],[139.79036,35.93667]],[[139.79036,35.93667],[139.79051,35.93703],[139.79054,35.9371],[139.79059,35.93722]],[[139.79072,35.93719],[139.79066,35.93706],[139.79021,35.93603],[139.78995,35.93545],[139.7898,35.93512],[139.78951,35.93448],[139.78931,35.93403],[139.78895,35.93309]],[[139.7909,35.9376],[139.79078,35.93733],[139.79075,35.93725],[139.79072,35.93719]],[[139.79059,35.93722],[139.79062,35.93729],[139.79081,35.93772],[139.79097,35.93809],[139.79112,35.93849],[139.79141,35.9393],[139.79158,35.9398]],[[139.79191,35.94044],[139.79187,35.94028],[139.79184,35.94019],[139.79179,35.94005],[139.79174,35.93988],[139.79153,35.93927],[139.79138,35.93885],[139.79125,35.93846],[139.79118,35.93827],[139.79096,35.93774],[139.7909,35.9376]],[[139.79158,35.9398],[139.79164,35.93998],[139.79169,35.94016],[139.79172,35.94025],[139.79177,35.94041]],[[139.79205,35.94095],[139.79199,35.94072],[139.79196,35.94061],[139.79191,35.94044]],[[139.79177,35.94041],[139.79181,35.94058],[139.79186,35.94076],[139.79191,35.94094],[139.79194,35.94104],[139.79221,35.94202]],[[139.7925,35.9426],[139.79235,35.94203],[139.79217,35.94141],[139.79205,35.94095]],[[139.79221,35.94202],[139.79226,35.94219],[139.79229,35.94233],[139.79236,35.94258]],[[139.79261,35.94302],[139.79256,35.94283],[139.7925,35.9426]],[[139.79236,35.94258],[139.79252,35.94318],[139.79256,35.94333],[139.79257,35.94337],[139.79262,35.94354]],[[139.79262,35.94354],[139.79267,35.94371],[139.79274,35.94396],[139.7928,35.94421]],[[139.79295,35.94424],[139.7929,35.94407],[139.7928,35.94372],[139.79261,35.94302]],[[139.79309,35.94477],[139.79301,35.94449],[139.79295,35.94424]],[[139.79392,35.94833],[139.79396,35.94849],[139.7941,35.94897],[139.7942,35.94934]],[[139.79419,35.94884],[139.7941,35.9485],[139.79407,35.94841],[139.79403,35.94826]],[[139.79374,35.94768],[139.79385,35.94808],[139.79386,35.94813],[139.79388,35.94818],[139.79392,35.94833]],[[139.7943,35.94925],[139.79419,35.94884]]]}},{"type":"Feature","properties":{"ref":"4","name":"草加バイパス","type":"expressway"},"geometry":{"type":"MultiLineString","coordinates":[[[139.78588,35.84788],[139.78577,35.84818],[139.78573,35.84829],[139.78545,35.84905],[139.78523,35.84968],[139.78477,35.85094]],[[139.77134,35.91343],[139.77153,35.91362],[139.77178,35.91386],[139.77199,35.91404]],[[139.77199,35.91404],[139.77204,35.91409],[139.77296,35.91495],[139.77379,35.91569],[139.77391,35.9158],[139.77476,35.91657],[139.77491,35.91671],[139.77562,35.91735],[139.77601,35.9177],[139.77653,35.91816],[139.77714,35.91874],[139.77859,35.92005],[139.77886,35.92029]],[[139.77206,35.91399],[139.77184,35.91379],[139.7716,35.91356],[139.77142,35.91338]],[[139.77925,35.92054],[139.77889,35.9202]],[[139.77889,35.9202],[139.77838,35.91975],[139.77783,35.91927],[139.77707,35.91857],[139.77659,35.91811],[139.77633,35.91786],[139.7757,35.91731],[139.77496,35.91665],[139.77482,35.91652],[139.77438,35.91612],[139.77396,35.91575],[139.77303,35.91489],[139.77277,35.91464],[139.77212,35.91404],[139.77206,35.91399]],[[139.77886,35.92029],[139.77923,35.92063]],[[139.77999,35.92119],[139.77925,35.92054]],[[139.8013,35.80513],[139.80123,35.80532],[139.80115,35.80548],[139.80105,35.80564],[139.80094,35.80581],[139.8008,35.80598],[139.80066,35.80615],[139.8006,35.8062],[139.8005,35.8063]],[[139.79602,35.80928],[139.79577,35.80944],[139.79551,35.80963],[139.79523,35.80985],[139.79497,35.81011],[139.79477,35.81032],[139.79452,35.81061],[139.79428,35.81093],[139.79411,35.81122],[139.79409,35.81127],[139.79392,35.81159],[139.79375,35.812],[139.79364,35.81233],[139.79353,35.81279],[139.79353,35.81285],[139.7935,35.81307],[139.79347,35.8134],[139.79341,35.81441],[139.79334,35.81563],[139.79332,35.81614],[139.79329,35.81643],[139.79329,35.81658],[139.79328,35.81672],[139.79327,35.81689],[139.79325,35.81737],[139.79323,35.81777],[139.79319,35.81845],[139.79318,35.81873],[139.79318,35.81877]],[[139.79607,35.80935],[139.79687,35.80883],[139.79751,35.80842],[139.79805,35.80808],[139.799,35.80745],[139.79983,35.80693],[139.8002,35.80668],[139.80054,35.80642],[139.80076,35.80621],[139.80093,35.80601],[139.80108,35.80581],[139.8012,35.80562],[139.80132,35.80537],[139.8014,35.80516],[139.80146,35.80498],[139.80151,35.80481],[139.80154,35.80455],[139.80157,35.80429],[139.80159,35.80392],[139.80163,35.80337]],[[139.79974,35.80685],[139.79947,35.80703]],[[139.78605,35.84789],[139.7861,35.84774],[139.78641,35.84687],[139.78652,35.84656],[139.78675,35.84592],[139.7869,35.84551],[139.78703,35.84515],[139.78801,35.84255],[139.78805,35.84245]],[[139.77142,35.91338],[139.7714,35.91336],[139.77109,35.91304],[139.77078,35.91268],[139.77044,35.91222],[139.77016,35.91178],[139.76992,35.91138],[139.76969,35.91089],[139.76951,35.91046],[139.76938,35.91012],[139.76906,35.90921],[139.76872,35.90827],[139.76856,35.9078],[139.76838,35.90732],[139.76807,35.90641],[139.76791,35.90594],[139.76767,35.90528],[139.76755,35.90495],[139.76739,35.90449],[139.76706,35.90355],[139.76699,35.90335],[139.76687,35.90302],[139.7668,35.90276],[139.76672,35.90247],[139.76671,35.90243],[139.76661,35.90182],[139.76658,35.90146],[139.76658,35.90101],[139.7666,35.90072],[139.76661,35.90054],[139.76663,35.9004],[139.76664,35.90029],[139.76666,35.9002],[139.7667,35.89997],[139.76676,35.89972],[139.76684,35.89944],[139.76692,35.8992],[139.76701,35.89895],[139.76711,35.89872],[139.76735,35.89821],[139.76755,35.89776],[139.7677,35.89744],[139.76796,35.89692],[139.76827,35.89624],[139.76846,35.89582],[139.76875,35.8952],[139.76926,35.89411],[139.76976,35.89309],[139.77025,35.89202],[139.77038,35.89172],[139.77052,35.89145],[139.77078,35.89088],[139.77126,35.88984],[139.77157,35.88918],[139.77217,35.88792],[139.77221,35.88784],[139.77222,35.88781],[139.77246,35.88731],[139.77278,35.88662],[139.7731,35.88594],[139.77344,35.88518],[139.77398,35.88406],[139.77428,35.88342],[139.77458,35.88277],[139.77479,35.88231],[139.77518,35.88148],[139.77529,35.88126],[139.77579,35.88018],[139.77614,35.87942],[139.77645,35.87877],[139.77668,35.87827],[139.77691,35.87776],[139.77721,35.87708],[139.77734,35.87674],[139.77763,35.87592],[139.77771,35.8757],[139.77782,35.87534],[139.77792,35.87489],[139.77807,35.87411],[139.77825,35.87325],[139.77839,35.87255],[139.7785,35.872],[139.77857,35.8717],[139.7787,35.87098],[139.77878,35.87057],[139.77887,35.87011],[139.77904,35.86928],[139.77915,35.86878],[139.77921,35.8685],[139.77929,35.86806],[139.77941,35.86745],[139.7796,35.86652],[139.77967,35.86613],[139.77974,35.86574],[139.78005,35.86425],[139.78017,35.8638],[139.7802,35.86366],[139.78031,35.86328],[139.78038,35.86306],[139.78043,35.86289],[139.78054,35.86256],[139.78097,35.86138],[139.78121,35.86075],[139.78147,35.86005]],[[139.79868,35.80755],[139.79829,35.8078],[139.79745,35.80834],[139.79658,35.80891],[139.79602,35.80928]],[[139.7821,35.85802],[139.78161,35.85939],[139.78153,35.8596]],[[139.78137,35.86004],[139.78111,35.86073],[139.78071,35.86181],[139.78045,35.86253],[139.78033,35.86286],[139.78025,35.86314],[139.78019,35.86337],[139.78005,35.86385],[139.78004,35.86389],[139.78,35.86404],[139.77979,35.86507],[139.77965,35.86577],[139.77962,35.86594],[139.77932,35.86743],[139.7792,35.86803],[139.77896,35.86925],[139.77891,35.86946],[139.77869,35.87059],[139.77847,35.87169],[139.7784,35.87199],[139.77815,35.87329],[139.77812,35.87344],[139.77804,35.87384],[139.77794,35.87434],[139.77779,35.87501],[139.77758,35.87576],[139.77729,35.87663],[139.77714,35.87699],[139.7769,35.87757],[139.77665,35.87811],[139.77633,35.87879],[139.77617,35.87913],[139.77577,35.88001],[139.77558,35.88042],[139.77512,35.88137],[139.77484,35.88195],[139.77452,35.88268],[139.77418,35.8834],[139.77393,35.88395],[139.77369,35.88445],[139.7734,35.88508],[139.77301,35.88592],[139.77271,35.88656],[139.77257,35.88685],[139.77226,35.88752],[139.77212,35.88781],[139.77211,35.88783],[139.77179,35.88852],[139.77156,35.88902],[139.77119,35.8898],[139.77098,35.89026],[139.77071,35.8908],[139.7705,35.89126],[139.77019,35.89191],[139.76971,35.89296],[139.7692,35.89404],[139.76872,35.89507],[139.7687,35.89511],[139.76821,35.89617],[139.76786,35.89688],[139.76731,35.89808],[139.76703,35.89868],[139.76693,35.89892],[139.76684,35.89917],[139.76675,35.89943],[139.76668,35.89967],[139.76662,35.89995],[139.76658,35.90015],[139.76656,35.90025],[139.76654,35.90039],[139.76652,35.90054],[139.7665,35.90072],[139.76649,35.901],[139.76648,35.90145],[139.76651,35.90183],[139.76661,35.90241],[139.76662,35.90247],[139.76666,35.90261],[139.76673,35.90287],[139.76697,35.90356],[139.76748,35.90502],[139.76782,35.90596],[139.76797,35.90641],[139.76829,35.90732],[139.76863,35.90828],[139.76896,35.9092],[139.76916,35.90977],[139.76929,35.91013],[139.76945,35.91053],[139.76959,35.9109],[139.77006,35.9118],[139.77024,35.91209],[139.7707,35.91272],[139.77091,35.91297],[139.77132,35.91341],[139.77134,35.91343]],[[139.78488,35.85095],[139.78509,35.85038],[139.78559,35.84906],[139.78591,35.84829],[139.78594,35.84819],[139.78605,35.84789]],[[139.78163,35.85962],[139.7817,35.85942],[139.78219,35.85807]],[[139.77923,35.92063],[139.77991,35.92127]],[[139.79947,35.80703],[139.79868,35.80755]],[[139.78796,35.84243],[139.78792,35.84253],[139.78761,35.84336],[139.7874,35.84392],[139.78682,35.84549],[139.78667,35.84587],[139.78648,35.84637],[139.78638,35.84663],[139.78593,35.84774],[139.78588,35.84788]],[[139.78906,35.83979],[139.78924,35.83926],[139.78963,35.8382],[139.78991,35.83744],[139.78993,35.83738],[139.78997,35.83728],[139.79039,35.83616],[139.79045,35.83602],[139.7905,35.83588],[139.79129,35.83373],[139.79131,35.83366],[139.79165,35.8328],[139.79204,35.83176],[139.79208,35.83166],[139.79209,35.83162],[139.7921,35.83159],[139.79234,35.83097],[139.79242,35.83068]],[[139.78343,35.85482],[139.78372,35.85406],[139.784,35.85326],[139.78469,35.85144],[139.78488,35.85095]],[[139.78477,35.85094],[139.78391,35.85324]],[[139.78331,35.85483],[139.78294,35.85585],[139.78262,35.8567],[139.7821,35.85802]],[[139.78219,35.85807],[139.78239,35.85755],[139.78271,35.85667],[139.78278,35.85649],[139.78343,35.85482]],[[139.78805,35.84245],[139.78866,35.84082],[139.78885,35.84034],[139.78892,35.84018]],[[139.78881,35.84016],[139.78875,35.84032],[139.78865,35.84057],[139.78831,35.84149],[139.78816,35.84189],[139.78796,35.84243]],[[139.8005,35.8063],[139.80035,35.80643],[139.80007,35.80664],[139.79974,35.80685]],[[139.78391,35.85324],[139.78331,35.85483]],[[139.78901,35.83993],[139.78906,35.83979]],[[139.78892,35.84018],[139.78896,35.84006],[139.78901,35.83993]],[[139.7889,35.83991],[139.78885,35.84004],[139.78881,35.84016]],[[139.78895,35.83977],[139.7889,35.83991]],[[139.79232,35.83068],[139.79223,35.83095],[139.79217,35.83114],[139.79201,35.83157],[139.792,35.8316],[139.79199,35.83164],[139.79187,35.83194],[139.79154,35.83281],[139.79134,35.83333],[139.7912,35.83371],[139.79087,35.83463],[139.79075,35.83493],[139.79037,35.83587],[139.79034,35.83594],[139.79032,35.83603],[139.79027,35.83615],[139.78988,35.83726],[139.78985,35.83736],[139.78982,35.83743],[139.78954,35.83818],[139.78914,35.83923],[139.78895,35.83977]],[[139.79319,35.8204],[139.79319,35.82029]],[[139.78147,35.86005],[139.78163,35.85962]],[[139.78153,35.8596],[139.78137,35.86004]],[[139.79309,35.82038],[139.79305,35.82095],[139.79303,35.8215],[139.79302,35.82153],[139.79301,35.82186],[139.79298,35.82231],[139.79298,35.82241],[139.79295,35.82281],[139.79292,35.82351],[139.79289,35.82421],[139.79283,35.82516],[139.79279,35.82589],[139.79277,35.82634],[139.79275,35.82646]],[[139.79275,35.82646],[139.79274,35.82655],[139.79272,35.82693],[139.79271,35.82713],[139.79269,35.82755],[139.79266,35.82825],[139.79264,35.82859],[139.79264,35.82861],[139.79262,35.82896],[139.79259,35.82936],[139.79257,35.82957],[139.79256,35.82963],[139.79255,35.82969],[139.7925,35.82996],[139.79242,35.83032],[139.79239,35.8304],[139.79232,35.83068]],[[139.79242,35.83068],[139.79252,35.83033],[139.79256,35.83014],[139.79256,35.83013],[139.79262,35.82979],[139.79264,35.82969],[139.79265,35.82963],[139.79265,35.82957],[139.79269,35.82934],[139.79272,35.82894],[139.79274,35.82857],[139.79279,35.82756],[139.79285,35.82673],[139.79286,35.82655],[139.79287,35.82645]],[[139.79287,35.82645],[139.79288,35.82635],[139.79288,35.82634],[139.7929,35.82578],[139.79295,35.82477],[139.79304,35.82299],[139.79305,35.8228],[139.79311,35.8216],[139.79312,35.8215],[139.79319,35.8204]],[[139.79327,35.81879],[139.79327,35.81874],[139.79333,35.81778],[139.79335,35.8174],[139.79339,35.81672],[139.7934,35.81659],[139.79341,35.81644],[139.79342,35.81612],[139.79345,35.81522],[139.79355,35.8134],[139.79356,35.81319],[139.79358,35.81308],[139.79361,35.81284],[139.79366,35.81259],[139.79373,35.81233],[139.79378,35.81217],[139.79383,35.81202],[139.79392,35.81183],[139.79401,35.81163],[139.7942,35.81126],[139.79436,35.81101],[139.79461,35.81066],[139.79504,35.81017],[139.79531,35.80992],[139.79557,35.8097],[139.79581,35.80952],[139.79607,35.80935]],[[139.79318,35.81877],[139.79317,35.81884],[139.79313,35.81961],[139.79313,35.81966],[139.79309,35.82038]],[[139.79319,35.82029],[139.79322,35.81964],[139.79327,35.81886],[139.79327,35.81879]]]}},{"type":"Feature","properties":{"ref":"4","name":"国道4号","type":"expressway"},"geometry":{"type":"MultiLineString","coordinates":[[[139.78292,35.92383],[139.78275,35.92366],[139.78266,35.92357],[139.78233,35.92325],[139.78196,35.92291]],[[139.77991,35.92127],[139.77997,35.92138],[139.78003,35.92146],[139.78038,35.92179],[139.7811,35.92244],[139.78139,35.92272],[139.78141,35.92274],[139.78143,35.92275],[139.78149,35.92281],[139.78155,35.92287],[139.78162,35.92293],[139.7822,35.92346],[139.78234,35.9236],[139.7824,35.92365]],[[139.7824,35.92365],[139.78251,35.92376],[139.78254,35.9238],[139.78288,35.92414]],[[139.78196,35.92291],[139.78179,35.92274],[139.78171,35.92267],[139.78166,35.92262],[139.78159,35.92255]],[[139.78159,35.92255],[139.78152,35.9225],[139.78134,35.92233],[139.78066,35.92173],[139.78024,35.92137],[139.77999,35.92119]]]}},{"type":"Feature","properties":{"ref":"S1","name":"首都高速川口線","type":"expressway"},"geometry":{"type":"MultiLineString","coordinates":[[[139.75994,35.76518],[139.76069,35.76554],[139.76091,35.76565],[139.76116,35.76581],[139.76135,35.76594],[139.76149,35.76606],[139.76159,35.76615],[139.7617,35.76625],[139.76178,35.76634],[139.76185,35.76642],[139.7619,35.7665],[139.76194,35.76657],[139.76197,35.76664]],[[139.76485,35.7628],[139.76455,35.76311],[139.76441,35.76326],[139.76428,35.76342],[139.76417,35.76357],[139.76404,35.76373],[139.76395,35.76387],[139.76387,35.76399],[139.76369,35.76427],[139.76352,35.76457],[139.76338,35.76485],[139.76323,35.76518],[139.76308,35.76554],[139.76298,35.76578],[139.76271,35.76644],[139.76244,35.76708],[139.76219,35.7677],[139.76183,35.7685],[139.76177,35.76864],[139.76172,35.76874],[139.76166,35.76884],[139.76148,35.76916],[139.76135,35.76936],[139.76103,35.7698]],[[139.75645,35.7729],[139.75576,35.77316],[139.75535,35.7733],[139.75476,35.7735],[139.75426,35.77367],[139.75352,35.77393],[139.75314,35.77408],[139.75273,35.77427],[139.7524,35.77445]],[[139.76197,35.76664],[139.76202,35.76675],[139.76206,35.76686],[139.76209,35.76697],[139.76211,35.76709],[139.76212,35.76723],[139.76212,35.76736],[139.76211,35.76748],[139.76207,35.76767],[139.76202,35.76787],[139.76195,35.76813],[139.76182,35.76849],[139.76177,35.76864]],[[139.76103,35.7698],[139.76077,35.77014],[139.76055,35.7704],[139.76032,35.77061],[139.76013,35.77079],[139.75972,35.77109],[139.75899,35.77161],[139.75879,35.77173],[139.75828,35.77203],[139.75773,35.77233],[139.75715,35.77261],[139.75645,35.7729]],[[139.73398,35.85278],[139.73398,35.85275],[139.73399,35.85248],[139.734,35.85226],[139.73401,35.85201],[139.73404,35.85171],[139.73408,35.85137],[139.73412,35.85118],[139.73415,35.85099],[139.73421,35.85071],[139.73427,35.85051],[139.73433,35.85032],[139.73441,35.85012],[139.73446,35.85],[139.73452,35.84988],[139.73459,35.84974],[139.73465,35.84964],[139.73471,35.84955],[139.73479,35.84943],[139.73488,35.84931],[139.73496,35.8492],[139.73506,35.84909],[139.73517,35.84897],[139.73529,35.84885],[139.73544,35.84871],[139.73561,35.84856],[139.7358,35.84842],[139.73594,35.84832],[139.73613,35.84819],[139.7364,35.84803],[139.73671,35.84788],[139.73709,35.84771],[139.73742,35.84759],[139.73775,35.84749],[139.73838,35.84733],[139.73939,35.84709],[139.74001,35.84697],[139.74029,35.84693],[139.74063,35.84686],[139.74149,35.84665],[139.74219,35.84648],[139.74266,35.84633],[139.74292,35.84625],[139.74315,35.84618],[139.74368,35.84604],[139.74456,35.84582],[139.74508,35.84569],[139.74587,35.84547],[139.74629,35.84534],[139.7468,35.84516],[139.74739,35.84492],[139.74775,35.84476],[139.74824,35.84451],[139.74872,35.84422],[139.74922,35.8439],[139.74973,35.84354],[139.75036,35.84308],[139.75091,35.84261],[139.75139,35.84218],[139.75186,35.84175],[139.75222,35.84139],[139.7527,35.84086],[139.75306,35.84043],[139.75332,35.84012],[139.75363,35.83972],[139.7539,35.83932],[139.75409,35.83904],[139.75427,35.83875],[139.75458,35.83824],[139.75487,35.83771],[139.75499,35.83747],[139.75522,35.837],[139.75556,35.83623],[139.75579,35.83563],[139.75595,35.83516],[139.75609,35.83468],[139.75654,35.83302],[139.75674,35.83235],[139.75694,35.83179],[139.7571,35.83134],[139.75736,35.83072],[139.75758,35.83017],[139.7578,35.82962],[139.75806,35.82897],[139.75833,35.82828],[139.75856,35.8277],[139.75873,35.82727],[139.75884,35.82702],[139.75904,35.82649],[139.75908,35.8264],[139.75937,35.82565],[139.75944,35.82544],[139.75955,35.82513],[139.75963,35.82482],[139.75967,35.82465],[139.75979,35.82417],[139.75985,35.8238],[139.7599,35.82343],[139.75995,35.82283],[139.75997,35.82251],[139.76001,35.82144],[139.76005,35.8201],[139.76006,35.8197],[139.76009,35.8187],[139.76009,35.81821],[139.76007,35.81775],[139.76004,35.81714],[139.75992,35.81588],[139.7598,35.81508],[139.75968,35.81439],[139.75926,35.81229],[139.759,35.81088],[139.75889,35.81028],[139.75883,35.80979],[139.7588,35.80937],[139.75879,35.80887],[139.75881,35.80848],[139.75883,35.80821],[139.75887,35.80789],[139.759,35.80722],[139.75927,35.80615],[139.75956,35.80507],[139.75989,35.80375],[139.76092,35.80014],[139.76124,35.79894],[139.76133,35.79852],[139.76139,35.79817],[139.7614,35.79776],[139.76139,35.79741],[139.76133,35.79703],[139.76125,35.79671],[139.76115,35.79641],[139.76105,35.79618],[139.76096,35.79599],[139.7607,35.79557],[139.76055,35.79534],[139.76034,35.7951],[139.75983,35.79453],[139.75928,35.79395],[139.75887,35.79353],[139.75817,35.79283],[139.75704,35.79169],[139.75668,35.79132],[139.75636,35.791],[139.75614,35.79079]],[[139.7567,35.79159],[139.75871,35.79364],[139.75923,35.79416],[139.75974,35.79466],[139.76022,35.79521],[139.76042,35.79545],[139.7606,35.79569],[139.76079,35.79599],[139.76094,35.79626],[139.76104,35.79649],[139.76113,35.79674],[139.76122,35.79707],[139.76127,35.79742],[139.76129,35.79777],[139.76128,35.79815],[139.76122,35.79853],[139.76115,35.79893],[139.76083,35.80013],[139.75981,35.80369],[139.75957,35.80449],[139.75933,35.80526],[139.75906,35.80618],[139.75882,35.80717],[139.75874,35.80769],[139.75867,35.80819],[139.75863,35.80884],[139.75863,35.80925],[139.75866,35.80964],[139.7587,35.81013],[139.75879,35.81069],[139.7589,35.81131],[139.75914,35.81253],[139.75949,35.8144],[139.75967,35.8154],[139.75974,35.81589],[139.75984,35.81718],[139.75987,35.81775],[139.75988,35.81825],[139.75984,35.81963],[139.7598,35.82025],[139.75979,35.82076],[139.75974,35.82234],[139.75971,35.82302],[139.75967,35.82343],[139.75959,35.82392],[139.75954,35.8242],[139.75939,35.82488],[139.75925,35.82532],[139.75895,35.8261],[139.75871,35.82672],[139.75861,35.82697],[139.75839,35.8275],[139.75804,35.82839],[139.75779,35.829],[139.75753,35.82967],[139.75745,35.82986],[139.75732,35.83019],[139.75688,35.83128],[139.75673,35.83169],[139.75649,35.83237],[139.75642,35.83259],[139.7563,35.83302],[139.75623,35.83326],[139.7561,35.83377],[139.75583,35.83486],[139.75562,35.83558],[139.75556,35.83579],[139.7553,35.83649],[139.75509,35.83701],[139.75496,35.83728],[139.75476,35.8377],[139.75466,35.83788],[139.7545,35.83819],[139.75434,35.83846],[139.75419,35.83871],[139.75405,35.83893],[139.75384,35.83926],[139.75369,35.83946],[139.75336,35.83991],[139.75308,35.84028],[139.75272,35.84069],[139.75246,35.84099],[139.75224,35.84124],[139.75205,35.84144],[139.7518,35.84169],[139.75134,35.84212],[139.75082,35.84258],[139.75071,35.84267],[139.75027,35.84303],[139.7497,35.84347],[139.7494,35.84368],[139.74897,35.84396],[139.74836,35.84433],[139.74809,35.84449],[139.74761,35.84473],[139.74727,35.84489],[139.74678,35.84508],[139.7465,35.84518],[139.74616,35.84529],[139.74566,35.84544],[139.74501,35.84563],[139.74432,35.8458],[139.74358,35.84598],[139.7428,35.84616],[139.74117,35.84656],[139.74035,35.84676],[139.73834,35.84725],[139.7377,35.84742],[139.73724,35.84756],[139.73689,35.84769],[139.73666,35.8478],[139.73641,35.84792],[139.73618,35.84805],[139.73595,35.84819],[139.73577,35.84831],[139.7356,35.84844],[139.7354,35.84861],[139.73519,35.84881],[139.735,35.84901],[139.73485,35.84919],[139.73474,35.84933],[139.73456,35.84959],[139.73442,35.84984],[139.73431,35.85007],[139.73425,35.85022],[139.73414,35.85052],[139.73409,35.85071],[139.73404,35.85098],[139.73399,35.85127],[139.73396,35.85153],[139.73394,35.85173],[139.7339,35.85224],[139.73389,35.85265],[139.73389,35.85278]],[[139.75614,35.79079],[139.75531,35.79003],[139.75484,35.78958],[139.75407,35.78882],[139.75309,35.78783],[139.75272,35.78748],[139.75251,35.7873],[139.75228,35.78712],[139.75203,35.78694],[139.75171,35.78674],[139.75143,35.78659],[139.75104,35.7864],[139.75066,35.78624],[139.75026,35.78609],[139.7493,35.78575],[139.7489,35.78561],[139.74848,35.78544],[139.74834,35.78538],[139.74826,35.78535],[139.74817,35.7853],[139.74801,35.78521],[139.74785,35.7851],[139.74772,35.785],[139.74758,35.78488],[139.74747,35.78477],[139.74735,35.78465],[139.74724,35.78453],[139.74706,35.7843],[139.74614,35.78293],[139.74595,35.78263],[139.74585,35.78243],[139.74569,35.78209],[139.74562,35.78189],[139.74555,35.78166],[139.74551,35.7815],[139.74547,35.78132],[139.74544,35.78106],[139.74544,35.78091],[139.74545,35.78069],[139.74546,35.78051],[139.74549,35.78033],[139.74552,35.78018],[139.74557,35.78001],[139.74561,35.7799],[139.74566,35.77975],[139.74576,35.77951],[139.74586,35.77934],[139.74596,35.77917],[139.74607,35.77902],[139.74624,35.77879],[139.74658,35.77841],[139.74673,35.77826],[139.74717,35.77787],[139.74739,35.7777],[139.74796,35.7773],[139.74848,35.77698],[139.75015,35.77597],[139.75127,35.77529],[139.75251,35.77453],[139.75284,35.77435],[139.75321,35.77417],[139.75349,35.77404],[139.75433,35.77373],[139.75584,35.77321],[139.75652,35.77296],[139.75684,35.77283],[139.75736,35.7726],[139.75781,35.77238],[139.75865,35.77192],[139.75901,35.77169],[139.75931,35.77149],[139.75981,35.77114],[139.76021,35.77083],[139.7604,35.77067],[139.76062,35.77044],[139.76084,35.77022],[139.76103,35.77],[139.76124,35.76975],[139.76147,35.76942],[139.76167,35.76909],[139.76175,35.76895],[139.76183,35.76879]],[[139.7524,35.77445],[139.75022,35.77576],[139.74804,35.77711],[139.74766,35.77736],[139.74731,35.77761],[139.74706,35.77781],[139.74676,35.77806],[139.7465,35.77833],[139.74633,35.7785],[139.74617,35.77867],[139.74602,35.77886],[139.74589,35.77904],[139.74581,35.77916],[139.74573,35.77929],[139.74559,35.77958],[139.74546,35.77986],[139.74541,35.78002],[139.74537,35.78016],[139.74534,35.78032],[139.74531,35.78051],[139.7453,35.7807],[139.7453,35.78089],[139.7453,35.78106],[139.74531,35.78121],[139.74533,35.78138],[139.74539,35.78169],[139.74544,35.78189],[139.7455,35.78207],[139.74556,35.78223],[139.74562,35.78235],[139.74569,35.78251],[139.7458,35.78271],[139.74596,35.78297],[139.74687,35.78425],[139.74713,35.78459],[139.74725,35.78472],[139.74738,35.78485],[139.7475,35.78495],[139.74763,35.78506],[139.74778,35.78517],[139.74795,35.78527],[139.74812,35.78538],[139.74829,35.78547],[139.74846,35.78554],[139.74884,35.78569],[139.7492,35.78582],[139.75021,35.78618],[139.7506,35.78634],[139.75099,35.7865],[139.75137,35.78668],[139.75164,35.78682],[139.75195,35.78701],[139.75222,35.78718],[139.75244,35.78736],[139.75265,35.78753],[139.75302,35.78788],[139.75381,35.78867]],[[139.76183,35.76879],[139.76195,35.76853],[139.76238,35.76755],[139.76282,35.76649],[139.7632,35.76557],[139.76335,35.76521],[139.76351,35.76487],[139.76369,35.76454],[139.76385,35.76427],[139.76403,35.76401],[139.76423,35.76376],[139.76444,35.76352],[139.76466,35.76328],[139.76489,35.76306],[139.76511,35.76286],[139.76534,35.76266]],[[139.75381,35.78867],[139.75477,35.78961],[139.75588,35.79075],[139.7567,35.79159]]]}},{"type":"Feature","properties":{"ref":"6","name":"首都高速6号向島線","type":"expressway"},"geometry":{"type":"MultiLineString","coordinates":[[[139.82249,35.74675],[139.82287,35.74601],[139.82303,35.7457],[139.8231,35.74555],[139.82314,35.74542],[139.82318,35.74532],[139.8232,35.74521],[139.82321,35.74511],[139.82322,35.745],[139.82321,35.7449],[139.8232,35.74482],[139.82317,35.74471],[139.82315,35.74464],[139.82312,35.74457],[139.82308,35.7445],[139.82304,35.74443],[139.82296,35.74433],[139.82288,35.74424],[139.8228,35.74416],[139.8227,35.74409],[139.8226,35.74402],[139.82248,35.74395],[139.82237,35.74389],[139.82222,35.74382],[139.82204,35.74374],[139.82057,35.74314]],[[139.78089,35.68114],[139.78137,35.68071],[139.78151,35.68059],[139.78165,35.68047],[139.78177,35.68038],[139.78184,35.68033],[139.78194,35.68028],[139.78205,35.68023],[139.78215,35.68019]],[[139.81833,35.74231],[139.81787,35.74212],[139.81774,35.74206],[139.81762,35.74199],[139.81749,35.74192],[139.81737,35.74183],[139.81726,35.74174],[139.81716,35.74165],[139.81707,35.74155],[139.81694,35.74139],[139.81622,35.74044],[139.81612,35.7403],[139.81594,35.74005],[139.81584,35.73985],[139.81575,35.73965],[139.81568,35.73947],[139.81565,35.73931],[139.81562,35.73915],[139.81561,35.739],[139.8156,35.73885],[139.81561,35.73869],[139.81562,35.73852],[139.8157,35.7378],[139.8157,35.73764],[139.8157,35.73747],[139.8157,35.7373],[139.81568,35.73713],[139.81564,35.73695],[139.8156,35.73679],[139.81554,35.73661],[139.81543,35.73638],[139.81511,35.73573],[139.81493,35.73543],[139.81476,35.73516],[139.81457,35.73491],[139.81434,35.73464],[139.81391,35.7342],[139.81355,35.73386],[139.81313,35.73347],[139.81285,35.73319],[139.8127,35.73303],[139.81257,35.73285],[139.81243,35.73267],[139.81232,35.7325],[139.81215,35.73219],[139.81198,35.73185],[139.81174,35.73131],[139.81154,35.7309],[139.81146,35.7307],[139.81139,35.73051],[139.81126,35.7301],[139.81122,35.72991],[139.81114,35.72955],[139.81108,35.72919],[139.81097,35.72839],[139.81081,35.72695],[139.81069,35.726],[139.8106,35.72524],[139.81057,35.72497],[139.81049,35.72437],[139.81042,35.72397],[139.81034,35.72364],[139.81011,35.72279],[139.80984,35.72181],[139.8096,35.72095],[139.80931,35.71984],[139.80918,35.71939],[139.80901,35.71885],[139.80887,35.71852],[139.8087,35.71819],[139.8085,35.71786],[139.80818,35.71743],[139.80777,35.71692],[139.80766,35.71679],[139.80756,35.71667],[139.80714,35.71622],[139.8066,35.71567],[139.80604,35.7151],[139.80547,35.71455],[139.80346,35.71266],[139.80318,35.71241],[139.80299,35.71226],[139.80277,35.71211],[139.80251,35.71196],[139.80185,35.71162],[139.80164,35.71152],[139.80143,35.71141],[139.80123,35.71129],[139.80105,35.71117],[139.8009,35.71105],[139.80074,35.7109],[139.8006,35.71076],[139.80007,35.7102],[139.7997,35.70978],[139.79938,35.70939],[139.79866,35.70847],[139.7983,35.70802],[139.79801,35.70762],[139.79782,35.7073],[139.79731,35.70625],[139.79714,35.70589],[139.79705,35.70575],[139.79664,35.7051],[139.79574,35.70383],[139.79566,35.70369],[139.79555,35.70351],[139.79538,35.70319],[139.79522,35.70287],[139.79508,35.70254],[139.79468,35.70153],[139.79455,35.70126],[139.79437,35.70093],[139.7935,35.69944],[139.7934,35.69927],[139.79328,35.69912],[139.79278,35.69851],[139.79205,35.69761],[139.79192,35.69746],[139.7918,35.69731],[139.79166,35.69716],[139.79094,35.69645],[139.79083,35.69634],[139.79072,35.69621],[139.79061,35.69609],[139.79049,35.69593],[139.79038,35.69577],[139.79028,35.69561],[139.7902,35.69547],[139.79013,35.69535],[139.79007,35.69522],[139.78997,35.69495],[139.78993,35.69484],[139.78987,35.69468],[139.78981,35.69453],[139.78976,35.69435],[139.78971,35.69414],[139.78968,35.69399],[139.78967,35.69386],[139.78966,35.69338],[139.78966,35.69315],[139.78967,35.69291]],[[139.77528,35.68413],[139.77538,35.68414],[139.77592,35.68425]],[[139.78075,35.68109],[139.78052,35.68131],[139.78043,35.68141],[139.78035,35.6815],[139.78028,35.68161],[139.78022,35.68171],[139.78016,35.68182],[139.78012,35.68193],[139.78008,35.68204],[139.77992,35.6826]],[[139.77592,35.68425],[139.77711,35.68449],[139.77729,35.68453],[139.77743,35.68454],[139.77756,35.68456],[139.77767,35.68456],[139.77777,35.68456],[139.77786,35.68456],[139.77794,35.68456],[139.778,35.68455],[139.77806,35.68454],[139.77811,35.68453],[139.7782,35.6845],[139.77829,35.68446],[139.77839,35.68441],[139.7785,35.68436],[139.7791,35.68403],[139.77921,35.68396],[139.77932,35.68388],[139.77941,35.68382],[139.7795,35.68373],[139.77958,35.68365],[139.77964,35.68358],[139.77968,35.68353],[139.77972,35.68347],[139.77976,35.6834],[139.77981,35.6833],[139.77984,35.6832],[139.77987,35.68311],[139.78001,35.68261]],[[139.78001,35.68261],[139.78008,35.68238],[139.78013,35.68223],[139.78018,35.68208],[139.78023,35.68195],[139.78029,35.68183],[139.78036,35.68171],[139.78043,35.68159],[139.78053,35.68148],[139.78064,35.68136],[139.78089,35.68114]],[[139.77992,35.6826],[139.77978,35.68308],[139.77975,35.68318],[139.77972,35.68328],[139.77968,35.68337],[139.77964,35.68344],[139.7796,35.6835],[139.77956,35.68355],[139.7795,35.68361],[139.77943,35.68368],[139.77934,35.68376],[139.77923,35.68384],[139.77912,35.68392],[139.77903,35.68397],[139.77845,35.68427],[139.77838,35.68431],[139.77831,35.68434],[139.77823,35.68436],[139.77815,35.68439],[139.77809,35.6844],[139.77803,35.68441],[139.77797,35.68442],[139.77792,35.68442],[139.77786,35.68442],[139.7778,35.68442],[139.77775,35.68441],[139.77761,35.68439],[139.77746,35.68437],[139.77732,35.68435],[139.77604,35.6841]],[[139.78215,35.68019],[139.7823,35.68015],[139.7824,35.68013],[139.78251,35.68012],[139.78259,35.68011],[139.78266,35.68011],[139.78271,35.68011],[139.78278,35.68012],[139.78285,35.68013],[139.78291,35.68014],[139.78298,35.68016],[139.78304,35.68019],[139.78315,35.68023],[139.7836,35.68044]],[[139.78602,35.68152],[139.78677,35.68184],[139.78815,35.68249],[139.78844,35.68263],[139.78871,35.68279],[139.78899,35.68298],[139.7895,35.68336],[139.79009,35.68379],[139.79122,35.68467],[139.79156,35.68494],[139.79165,35.68502],[139.7917,35.68507],[139.79176,35.68513],[139.79183,35.68521],[139.79186,35.68525],[139.79189,35.6853],[139.79193,35.68537],[139.79196,35.68545],[139.79199,35.68553],[139.792,35.68559],[139.79202,35.6857],[139.79202,35.68578],[139.79201,35.68586],[139.792,35.68594],[139.79198,35.68601],[139.79195,35.6861],[139.79191,35.6862],[139.79186,35.68628],[139.79159,35.68668],[139.79152,35.68679],[139.79144,35.68689]],[[139.78408,35.68048],[139.78367,35.68029],[139.78328,35.68011],[139.78317,35.68007],[139.78304,35.68003],[139.7829,35.67999],[139.78278,35.67997],[139.7827,35.67996],[139.78261,35.67996],[139.78251,35.67996],[139.78239,35.67998],[139.78228,35.67999],[139.78218,35.68002],[139.7821,35.68005],[139.78201,35.68008],[139.78191,35.68012],[139.78182,35.68017],[139.78174,35.68022],[139.78164,35.6803],[139.78148,35.68042],[139.78075,35.68109]],[[139.78535,35.6811],[139.78408,35.68048]],[[139.82057,35.74314],[139.81833,35.74231]],[[139.78863,35.68997],[139.78864,35.69002],[139.78864,35.69007],[139.78866,35.69016],[139.78868,35.69023],[139.78871,35.69031],[139.78874,35.69037],[139.78878,35.69042],[139.78882,35.69047],[139.78887,35.69054],[139.78895,35.69062],[139.78905,35.6907],[139.78916,35.6908],[139.78945,35.69104],[139.78951,35.6911],[139.78956,35.69116],[139.78961,35.69123],[139.78965,35.6913],[139.78968,35.69137],[139.78971,35.69144],[139.78973,35.69151],[139.78974,35.69158],[139.78975,35.69165],[139.78975,35.69171],[139.78975,35.69177],[139.78974,35.69183],[139.7896,35.69268],[139.78957,35.69291]],[[139.78979,35.69218],[139.78984,35.69185],[139.78986,35.69173],[139.78987,35.69162],[139.78988,35.6915],[139.78988,35.69139],[139.78988,35.69133],[139.78987,35.69128],[139.78985,35.69121],[139.78984,35.69117],[139.78982,35.69112],[139.7898,35.69108],[139.78977,35.69103],[139.78974,35.69099],[139.7897,35.69095],[139.78966,35.6909],[139.78959,35.69083],[139.78917,35.69048],[139.78908,35.69041],[139.78902,35.69034],[139.78896,35.69027],[139.78891,35.69018],[139.78888,35.69012],[139.78886,35.69007],[139.78884,35.69],[139.78883,35.68994],[139.78883,35.68987],[139.78883,35.68981],[139.78884,35.68973],[139.78886,35.68966],[139.78888,35.6896],[139.78891,35.68954],[139.78894,35.68948],[139.78898,35.68941],[139.78905,35.68933],[139.78945,35.68882],[139.78978,35.68841]],[[139.78957,35.69291],[139.78956,35.69314],[139.78957,35.6934],[139.78959,35.6938],[139.78961,35.69405],[139.78964,35.69421],[139.78968,35.69438],[139.78972,35.69453],[139.78976,35.69467],[139.78991,35.69507],[139.78998,35.69525],[139.79005,35.69539],[139.79014,35.69556],[139.79022,35.69568],[139.7903,35.69582],[139.79039,35.69595],[139.79051,35.6961],[139.79061,35.69623],[139.79069,35.69631],[139.79087,35.6965],[139.79117,35.6968],[139.79136,35.69699],[139.79154,35.69716],[139.79168,35.69732],[139.79185,35.69751],[139.79198,35.69767],[139.79269,35.69854],[139.79313,35.69907],[139.79323,35.69921],[139.79334,35.69936],[139.79343,35.6995],[139.79429,35.70095],[139.79447,35.70128],[139.7946,35.70156],[139.79499,35.70256],[139.79513,35.7029],[139.7953,35.70322],[139.79547,35.70354],[139.79562,35.7038],[139.79578,35.70405],[139.79619,35.70462],[139.79656,35.70514],[139.79696,35.70578],[139.79705,35.70593],[139.79723,35.70628],[139.79774,35.70733],[139.79794,35.70766],[139.79822,35.70806],[139.79858,35.70851],[139.79931,35.70943],[139.79963,35.70982],[139.8,35.71025],[139.80055,35.71082],[139.80067,35.71095],[139.80083,35.71109],[139.80099,35.71122],[139.80117,35.71134],[139.80138,35.71147],[139.8016,35.71158],[139.8018,35.71168],[139.80234,35.71196],[139.80246,35.71202],[139.8027,35.71216],[139.80292,35.71231],[139.80311,35.71246],[139.80339,35.7127],[139.8054,35.71459],[139.80597,35.71515],[139.80653,35.71571],[139.80707,35.71627],[139.80749,35.71671],[139.8076,35.71683],[139.80771,35.71697],[139.80811,35.71748],[139.80858,35.71815],[139.8087,35.71837],[139.80881,35.71861],[139.80888,35.71877],[139.80894,35.71894],[139.809,35.7191],[139.80921,35.71989],[139.80976,35.72186],[139.81003,35.72286],[139.81032,35.72394],[139.81041,35.72441],[139.81051,35.72526],[139.81061,35.72603],[139.81072,35.727],[139.81089,35.7284],[139.81098,35.7292],[139.81106,35.72964],[139.81115,35.73004],[139.81126,35.73042],[139.81135,35.73069],[139.81148,35.73098],[139.81162,35.73132],[139.81188,35.73188],[139.81207,35.73231],[139.8122,35.73256],[139.8123,35.73273],[139.81242,35.73292],[139.81256,35.73311],[139.81271,35.73328],[139.813,35.73356],[139.8133,35.73384],[139.81389,35.73437],[139.81418,35.73467],[139.81443,35.73496],[139.81458,35.73517],[139.81471,35.73536],[139.81482,35.73554],[139.81495,35.73577],[139.81528,35.73641],[139.81535,35.73657],[139.81542,35.73675],[139.81547,35.73692],[139.81551,35.7371],[139.81554,35.73728],[139.81555,35.73745],[139.81555,35.73763],[139.81554,35.7378],[139.81546,35.73851],[139.81544,35.73868],[139.81544,35.73886],[139.81544,35.73904],[139.81546,35.73919],[139.81548,35.73932],[139.81553,35.73946],[139.81558,35.73961],[139.81565,35.73974],[139.81572,35.73987],[139.81584,35.74006],[139.81613,35.74047],[139.81685,35.74142],[139.81698,35.74159],[139.81708,35.7417],[139.81718,35.7418],[139.81729,35.74189],[139.81742,35.74199],[139.81756,35.74207],[139.81769,35.74214],[139.81782,35.7422],[139.81828,35.74238],[139.82053,35.7432]],[[139.78978,35.68841],[139.78984,35.68835],[139.78996,35.68822],[139.79005,35.68814],[139.79015,35.68806],[139.79034,35.6879],[139.79078,35.68758],[139.79102,35.68741],[139.79112,35.68733],[139.79121,35.68725],[139.79129,35.68717],[139.79136,35.6871],[139.79144,35.68702],[139.79152,35.68692],[139.7916,35.68682],[139.79167,35.68673],[139.79195,35.68632],[139.792,35.68623]],[[139.78876,35.68271],[139.78847,35.68254],[139.78829,35.68245],[139.78811,35.68236],[139.78677,35.68175],[139.78601,35.6814],[139.78535,35.6811]],[[139.79144,35.68689],[139.79137,35.68698],[139.79129,35.68706],[139.79122,35.68713],[139.79114,35.6872],[139.79105,35.68728],[139.79096,35.68735],[139.79073,35.68753],[139.79029,35.68785],[139.79009,35.68801],[139.78989,35.68818],[139.78969,35.68837],[139.78936,35.68873],[139.78925,35.68885]],[[139.78925,35.68885],[139.78888,35.68928],[139.78882,35.68935],[139.78877,35.68943],[139.78872,35.6895],[139.78869,35.68957],[139.78867,35.68964],[139.78865,35.6897],[139.78864,35.68977],[139.78863,35.68982],[139.78863,35.68987],[139.78863,35.68992],[139.78863,35.68997]],[[139.792,35.68623],[139.79204,35.68614],[139.79208,35.68604],[139.7921,35.68596],[139.79212,35.68586],[139.79212,35.68578],[139.79212,35.68568],[139.79211,35.68559],[139.79209,35.68551],[139.79206,35.68543],[139.79203,35.68535],[139.79199,35.68527],[139.79193,35.68518]],[[139.79193,35.68518],[139.79186,35.68509],[139.79177,35.685],[139.79167,35.68491],[139.7913,35.68461],[139.79015,35.68373]],[[139.78967,35.69291],[139.7897,35.69269],[139.78979,35.69218]],[[139.78483,35.68102],[139.78508,35.68113],[139.78575,35.6814],[139.78602,35.68152]],[[139.7836,35.68044],[139.78456,35.6809],[139.78483,35.68102]],[[139.79015,35.68373],[139.78914,35.68298],[139.78876,35.68271]]]}},{"type":"Feature","properties":{"ref":"6","name":"国道6号 藤代バイパス","type":"expressway"},"geometry":{"type":"MultiLineString","coordinates":[[[140.13481,35.93895],[140.13469,35.93863],[140.13459,35.93836],[140.13454,35.93821],[140.13449,35.93799],[140.13443,35.93775]],[[140.09873,35.91851],[140.09816,35.91813],[140.09806,35.91807],[140.09783,35.91794],[140.09761,35.91782],[140.09747,35.91774],[140.09731,35.91765],[140.09714,35.91758],[140.09709,35.91755],[140.0969,35.91746]],[[140.13475,35.93895],[140.13484,35.93917],[140.13491,35.93937]],[[140.13507,35.93942],[140.13493,35.93917],[140.13481,35.93895]],[[140.13028,35.93423],[140.13048,35.93426],[140.13066,35.93429],[140.13086,35.93433],[140.13104,35.93437],[140.1312,35.93441],[140.13136,35.93446],[140.13152,35.93451],[140.13172,35.93458],[140.1319,35.93464],[140.13208,35.93472],[140.13222,35.93479],[140.13238,35.93487],[140.13254,35.93495],[140.13271,35.93505],[140.13286,35.93514],[140.13302,35.93525],[140.13317,35.93536],[140.13331,35.93546],[140.13344,35.93558],[140.13357,35.9357],[140.13369,35.93582],[140.1338,35.93596],[140.13388,35.93607],[140.13398,35.93622],[140.13407,35.93638],[140.13415,35.93656],[140.13422,35.93676],[140.13427,35.93694],[140.13432,35.93717],[140.13438,35.93745],[140.13443,35.93775]],[[140.12149,35.93211],[140.12173,35.93225],[140.12197,35.93238],[140.12255,35.93267],[140.12302,35.93289],[140.12336,35.93304],[140.1237,35.93318],[140.12403,35.93331],[140.12449,35.93346],[140.12508,35.93364],[140.12556,35.93376],[140.126,35.93385]],[[140.1115,35.9264],[140.11182,35.92657],[140.11187,35.92659]],[[140.09925,35.91914],[140.09947,35.91927]],[[140.0996,35.91915],[140.0994,35.91901]],[[140.10296,35.92139],[140.10369,35.92187],[140.10441,35.92235],[140.10498,35.92274],[140.10559,35.92313],[140.10641,35.92363],[140.10765,35.92432]],[[140.09767,35.91809],[140.0979,35.91824],[140.09856,35.91868],[140.09925,35.91914]],[[140.13443,35.93775],[140.13445,35.93799],[140.1345,35.93822],[140.13454,35.93836],[140.13463,35.93864],[140.13475,35.93895]],[[140.12137,35.93204],[140.12149,35.93211]],[[140.11371,35.9276],[140.11379,35.92764],[140.11388,35.92769],[140.1141,35.92781],[140.11436,35.92797],[140.11482,35.92821],[140.11503,35.92833],[140.11559,35.92864],[140.1164,35.92913],[140.11759,35.92982],[140.1188,35.93053],[140.12037,35.93145],[140.12137,35.93204]],[[140.12817,35.93406],[140.12906,35.93411],[140.12933,35.93413],[140.12969,35.93416],[140.1299,35.93418],[140.13011,35.93421],[140.13028,35.93423]],[[140.10924,35.92518],[140.1115,35.9264]],[[140.11187,35.92659],[140.11371,35.9276]],[[140.09947,35.91927],[140.0999,35.91953],[140.10061,35.91993],[140.10072,35.91999],[140.10094,35.92012],[140.10169,35.9206],[140.10212,35.92088],[140.10241,35.92103]],[[140.10241,35.92103],[140.10215,35.92082],[140.10121,35.92022],[140.10077,35.91995],[140.09998,35.91943],[140.0996,35.91915]],[[140.10241,35.92103],[140.10254,35.92112]],[[140.10254,35.92112],[140.10263,35.92117],[140.1027,35.92122],[140.10296,35.92139]],[[140.10765,35.92432],[140.10799,35.9245],[140.1081,35.92456],[140.10821,35.92462]],[[140.10821,35.92462],[140.10842,35.92473],[140.10849,35.92477],[140.10887,35.92498]],[[140.10887,35.92498],[140.10924,35.92518]],[[140.12769,35.93403],[140.12817,35.93406]],[[140.12685,35.93397],[140.1271,35.93399],[140.12723,35.934],[140.12769,35.93403]],[[140.0994,35.91901],[140.09914,35.91881],[140.09873,35.91851]],[[140.09663,35.91753],[140.09692,35.91767],[140.09714,35.91778],[140.09735,35.9179],[140.09767,35.91809]],[[140.126,35.93385],[140.1263,35.93389],[140.12648,35.93392],[140.12659,35.93394],[140.12685,35.93397]]]}},{"type":"Feature","properties":{"ref":"K3","name":"首都高速神奈川3号狩場線","type":"expressway"},"geometry":{"type":"MultiLineString","coordinates":[[[139.57812,35.44305],[139.57859,35.44283],[139.57901,35.44263],[139.57926,35.44251],[139.57962,35.44235],[139.57986,35.44225],[139.5801,35.44218],[139.58045,35.44208],[139.58078,35.44201]],[[139.66055,35.44042],[139.65836,35.44227],[139.658,35.44254],[139.65767,35.44274],[139.65735,35.4429],[139.65719,35.44297],[139.65701,35.44303],[139.65678,35.44309],[139.65657,35.44313],[139.6564,35.44316],[139.65624,35.44318],[139.65607,35.4432],[139.65588,35.44321]],[[139.66741,35.44251],[139.66742,35.44207],[139.66743,35.44169],[139.6675,35.44104],[139.66761,35.44034],[139.66767,35.43991],[139.6677,35.43964],[139.66771,35.43947],[139.6677,35.43928],[139.66769,35.43909],[139.66766,35.43895],[139.66764,35.43885],[139.6676,35.43875],[139.66756,35.43864],[139.66751,35.43853],[139.66745,35.43843],[139.66737,35.4383],[139.6673,35.4382],[139.66721,35.4381],[139.6671,35.43798],[139.66696,35.43787],[139.66683,35.43777],[139.66671,35.43769],[139.66657,35.43762],[139.66644,35.43755],[139.66627,35.43748],[139.66606,35.43741],[139.6659,35.43737],[139.66573,35.43734],[139.66554,35.43732],[139.66535,35.43731],[139.66517,35.43731],[139.66497,35.43733],[139.66481,35.43735],[139.66467,35.43738],[139.66451,35.43742],[139.66437,35.43746],[139.66423,35.43751],[139.66401,35.43762],[139.66386,35.4377],[139.6637,35.43779],[139.66348,35.43794],[139.66298,35.43833]],[[139.66225,35.43894],[139.66147,35.43961],[139.66096,35.44006],[139.66055,35.44042]],[[139.66123,35.44001],[139.6616,35.43971],[139.66245,35.43902],[139.66294,35.43858],[139.6635,35.43812],[139.66376,35.43793]],[[139.59576,35.44031],[139.59504,35.44068]],[[139.58053,35.44148],[139.58035,35.44156],[139.58011,35.44167],[139.57988,35.44179],[139.57873,35.44248],[139.57845,35.44264],[139.57799,35.44291]],[[139.5821,35.44146],[139.58198,35.44143],[139.58185,35.4414],[139.58171,35.44137],[139.58156,35.44136],[139.58145,35.44135],[139.58123,35.44135],[139.58106,35.44136],[139.58094,35.44138]],[[139.58261,35.44164],[139.5824,35.44155],[139.58223,35.4415],[139.5821,35.44146]],[[139.58078,35.44201],[139.581,35.44198],[139.58127,35.44196],[139.5815,35.44196],[139.58175,35.44196],[139.58199,35.44198],[139.58221,35.442],[139.58253,35.44204],[139.5828,35.44207]],[[139.5828,35.44207],[139.58362,35.44217],[139.5844,35.44226]],[[139.5958,35.44037],[139.5962,35.44017],[139.59666,35.43998]],[[139.64278,35.43858],[139.64353,35.43879],[139.6438,35.43888],[139.64413,35.43902],[139.64493,35.43941],[139.64723,35.4405],[139.64819,35.44095],[139.64903,35.44133],[139.64984,35.44166],[139.65078,35.44202]],[[139.64265,35.43847],[139.64184,35.43827],[139.64146,35.43819],[139.64124,35.43813],[139.641,35.43807],[139.6408,35.438],[139.6406,35.43793],[139.64028,35.4378],[139.63996,35.43766],[139.63954,35.43748],[139.63902,35.43728],[139.63883,35.43721],[139.63862,35.43716],[139.63833,35.4371],[139.63797,35.43706]],[[139.65587,35.4433],[139.65613,35.44328],[139.65639,35.44325],[139.65685,35.44316],[139.65713,35.44308],[139.65734,35.443],[139.65754,35.44292],[139.65777,35.4428],[139.65803,35.44264],[139.65825,35.44248],[139.65851,35.44228],[139.65942,35.44152],[139.66034,35.44073],[139.66123,35.44001]],[[139.65588,35.44321],[139.65541,35.44322],[139.65501,35.44321],[139.65464,35.44316],[139.65426,35.44309],[139.65392,35.443],[139.65344,35.44285],[139.65197,35.44234],[139.65107,35.44202],[139.65065,35.44187],[139.6502,35.44171],[139.64952,35.44142],[139.6489,35.44116],[139.64825,35.44086],[139.64716,35.44034]],[[139.61076,35.43671],[139.61115,35.43661],[139.61147,35.4365],[139.61169,35.43641],[139.61196,35.43628],[139.61277,35.43582],[139.61523,35.4344],[139.6158,35.43407],[139.61611,35.4339],[139.61646,35.43371],[139.61673,35.43358],[139.61696,35.43348],[139.61725,35.43336],[139.61753,35.43327],[139.61783,35.43318],[139.61824,35.43309],[139.61857,35.43303],[139.61888,35.43298],[139.61928,35.43292],[139.61948,35.43288],[139.61968,35.43285],[139.61987,35.43283],[139.62009,35.43281],[139.62026,35.43279],[139.62044,35.43278],[139.6206,35.43277],[139.62084,35.43277],[139.62104,35.43277],[139.62127,35.43278],[139.62149,35.43279],[139.62184,35.43282],[139.62222,35.43286],[139.62416,35.43308],[139.62455,35.43312],[139.62496,35.43318],[139.62537,35.43325],[139.62569,35.43333],[139.62597,35.4334],[139.62633,35.4335],[139.62669,35.43361],[139.62732,35.43383],[139.62864,35.4343],[139.62991,35.43477],[139.63067,35.43507],[139.63123,35.4353],[139.63249,35.43583],[139.63294,35.43601],[139.63349,35.43622],[139.63424,35.43649],[139.63486,35.43672],[139.63517,35.43682],[139.63545,35.4369],[139.63565,35.43695],[139.63586,35.43699],[139.63607,35.43702],[139.63628,35.43704],[139.63654,35.43706],[139.63678,35.43706],[139.63706,35.43708],[139.63729,35.43709],[139.63747,35.43711],[139.63768,35.43713],[139.63797,35.43716],[139.63824,35.4372],[139.63847,35.43724],[139.63864,35.43728],[139.63877,35.43732],[139.63893,35.43737],[139.63916,35.43746],[139.63951,35.43759],[139.64022,35.43788],[139.64053,35.438],[139.64078,35.43808],[139.64107,35.43817],[139.64113,35.43819],[139.64145,35.43827],[139.64179,35.43835],[139.64278,35.43858]],[[139.61073,35.43663],[139.61053,35.43668],[139.61033,35.43671],[139.61012,35.43673],[139.60989,35.43674],[139.60975,35.43674],[139.60956,35.43674],[139.60934,35.43673],[139.60913,35.43671],[139.60895,35.43669],[139.60777,35.43648],[139.6076,35.43645],[139.60742,35.43644]],[[139.59662,35.4399],[139.59616,35.4401],[139.59576,35.44031]],[[139.60129,35.43906],[139.60092,35.43907],[139.60041,35.4391]],[[139.60465,35.43762],[139.60421,35.43814],[139.60407,35.43827],[139.60392,35.43841],[139.60371,35.43856],[139.60358,35.43865],[139.60348,35.43871],[139.60332,35.43878],[139.60317,35.43884],[139.60299,35.4389],[139.60286,35.43893],[139.60273,35.43896],[139.60259,35.43899],[139.60246,35.43901],[139.60234,35.43902],[139.60218,35.43904],[139.60207,35.43904],[139.60185,35.43905],[139.60129,35.43906]],[[139.60544,35.43701],[139.60553,35.43696],[139.60565,35.43689],[139.60583,35.4368],[139.60597,35.43673],[139.60616,35.43666],[139.60632,35.43662],[139.60647,35.43658],[139.6066,35.43656]],[[139.60041,35.43918],[139.60093,35.43915],[139.60129,35.43914]],[[139.60536,35.43694],[139.60528,35.437],[139.60518,35.43708],[139.60476,35.43751],[139.60465,35.43762]],[[139.6066,35.43647],[139.60646,35.4365],[139.60629,35.43653],[139.60612,35.43658],[139.60593,35.43665],[139.60577,35.43672],[139.60558,35.43681],[139.60546,35.43688],[139.60536,35.43694]],[[139.60742,35.43652],[139.60758,35.43654],[139.60775,35.43656],[139.60904,35.43678],[139.60918,35.4368],[139.6094,35.43681],[139.60963,35.43682],[139.60989,35.43682],[139.61017,35.4368]],[[139.60742,35.43644],[139.60725,35.43643],[139.60709,35.43643],[139.60695,35.43643],[139.60679,35.43644],[139.6066,35.43647]],[[139.59666,35.43998],[139.59736,35.43972],[139.5977,35.43961],[139.59807,35.43951],[139.59844,35.43942],[139.59883,35.43935],[139.59913,35.4393],[139.59955,35.43925],[139.59993,35.43921],[139.60041,35.43918]],[[139.60041,35.4391],[139.59992,35.43913],[139.5994,35.43919],[139.59905,35.43923],[139.59861,35.43931],[139.59835,35.43936],[139.59802,35.43944],[139.59767,35.43953],[139.59726,35.43967],[139.59662,35.4399]],[[139.60129,35.43914],[139.6017,35.43914],[139.60186,35.43914],[139.60207,35.43913],[139.60226,35.43912],[139.60243,35.4391],[139.60261,35.43908],[139.60278,35.43905],[139.60295,35.43901],[139.60312,35.43896],[139.60334,35.43887],[139.60351,35.43879],[139.60364,35.43872],[139.60378,35.43864],[139.60395,35.43851],[139.60404,35.43843],[139.6042,35.43828],[139.6043,35.43818],[139.60464,35.43777],[139.60472,35.43768]],[[139.60472,35.43768],[139.60483,35.43756],[139.60527,35.43714],[139.60536,35.43707],[139.60544,35.43701]],[[139.6066,35.43656],[139.60681,35.43653],[139.60695,35.43652],[139.60712,35.43652],[139.60725,35.43652],[139.60742,35.43652]],[[139.59471,35.44086],[139.59432,35.44106]],[[139.59509,35.44074],[139.5958,35.44037]],[[139.59476,35.44092],[139.59509,35.44074]],[[139.59504,35.44068],[139.59471,35.44086]],[[139.59388,35.44129],[139.59337,35.44154]],[[139.59436,35.44113],[139.59476,35.44092]],[[139.59432,35.44106],[139.59388,35.44129]],[[139.59393,35.44136],[139.59436,35.44113]],[[139.59203,35.44209],[139.59158,35.44222],[139.5911,35.44235],[139.59061,35.44244],[139.59031,35.44249]],[[139.59222,35.44202],[139.59203,35.44209]],[[139.59206,35.44216],[139.59226,35.44209]],[[139.59337,35.44154],[139.59298,35.44172]],[[139.59298,35.44172],[139.59265,35.44186],[139.59222,35.44202]],[[139.59226,35.44209],[139.59261,35.44196],[139.59294,35.44183],[139.59337,35.44164],[139.59393,35.44136]],[[139.5901,35.44252],[139.58969,35.44256]],[[139.59031,35.44249],[139.5901,35.44252]],[[139.59011,35.44259],[139.59031,35.44257]],[[139.59031,35.44257],[139.5906,35.44253],[139.59108,35.44243],[139.5916,35.44231],[139.59206,35.44216]],[[139.58814,35.44259],[139.58736,35.44253],[139.58718,35.44252]],[[139.58718,35.44252],[139.58645,35.44244]],[[139.58645,35.44244],[139.58547,35.44231]],[[139.58549,35.44239],[139.58648,35.44252]],[[139.58547,35.44231],[139.58486,35.44223]],[[139.58648,35.44252],[139.58681,35.44256],[139.58703,35.44258],[139.58729,35.44261],[139.58781,35.44266],[139.58822,35.44268],[139.58861,35.44268],[139.58901,35.44267],[139.58929,35.44267]],[[139.5849,35.44232],[139.58549,35.44239]],[[139.5844,35.44226],[139.5849,35.44232]],[[139.58486,35.44223],[139.58435,35.44217]],[[139.58435,35.44217],[139.58418,35.44214],[139.58398,35.44211],[139.58365,35.44202],[139.58303,35.44181],[139.58261,35.44164]],[[139.63797,35.43706],[139.6377,35.43703],[139.63749,35.43701],[139.63729,35.437],[139.63707,35.43699],[139.63678,35.43699],[139.63654,35.43698],[139.6363,35.43697],[139.63609,35.43695],[139.63589,35.43692],[139.63569,35.43688],[139.63548,35.43683],[139.6352,35.43675],[139.63489,35.43665],[139.63428,35.43643],[139.63352,35.43615],[139.63298,35.43595],[139.63253,35.43577],[139.63127,35.43524],[139.63071,35.43501],[139.62995,35.43471],[139.62868,35.43424],[139.62736,35.43376],[139.62672,35.43356],[139.62635,35.43345],[139.62599,35.43336],[139.6257,35.4333],[139.62538,35.43323],[139.62497,35.43316],[139.62455,35.4331],[139.62417,35.43306],[139.62223,35.43285],[139.62184,35.43281],[139.62149,35.43278],[139.62127,35.43276],[139.62104,35.43275],[139.62084,35.43275],[139.6206,35.43276],[139.62044,35.43276],[139.62026,35.43278],[139.62009,35.43279],[139.61987,35.43282],[139.61968,35.43284],[139.61948,35.43287],[139.61928,35.4329],[139.61888,35.43296],[139.61857,35.43302],[139.61824,35.43308],[139.61782,35.43317],[139.61753,35.43325],[139.61724,35.43333],[139.61695,35.43344],[139.61671,35.43353],[139.61648,35.43363],[139.61622,35.43375],[139.61587,35.43394],[139.61558,35.4341],[139.61525,35.4343],[139.61429,35.43485],[139.6141,35.43496],[139.61259,35.43583],[139.61181,35.43626],[139.61159,35.43636],[139.61136,35.43645],[139.61104,35.43656],[139.61073,35.43663]],[[139.58929,35.44267],[139.58994,35.44262],[139.59011,35.44259]],[[139.58969,35.44256],[139.58945,35.44259],[139.58921,35.4426],[139.58871,35.44261],[139.58814,35.44259]],[[139.65078,35.44202],[139.65204,35.44245],[139.65326,35.44288],[139.65359,35.44299],[139.65393,35.4431],[139.65423,35.44317],[139.65442,35.44321],[139.65464,35.44325],[139.65495,35.44328],[139.65535,35.44329],[139.65587,35.4433]],[[139.64716,35.44034],[139.64571,35.43966],[139.64521,35.43942],[139.64471,35.43919],[139.64434,35.43902],[139.64398,35.43886],[139.64368,35.43874],[139.64342,35.43867],[139.64265,35.43847]],[[139.66298,35.43833],[139.66225,35.43894]],[[139.66376,35.43793],[139.66388,35.43786],[139.66426,35.43766],[139.66437,35.43762],[139.66447,35.43758],[139.66459,35.43755],[139.66472,35.43751],[139.66488,35.43748],[139.66505,35.43746],[139.66522,35.43745],[139.6654,35.43745],[139.66558,35.43746],[139.66573,35.43748],[139.66588,35.43751],[139.66605,35.43756],[139.6662,35.43761],[139.66635,35.43767],[139.66648,35.43773],[139.66661,35.4378],[139.66674,35.43789],[139.66686,35.43798],[139.66697,35.43808],[139.66707,35.43819],[139.66713,35.43827],[139.66719,35.43836],[139.66726,35.43849],[139.66731,35.4386],[139.66735,35.43871],[139.66737,35.43884],[139.66738,35.43897],[139.66738,35.43911],[139.66737,35.43926],[139.66733,35.43946],[139.66726,35.43976],[139.66716,35.44021],[139.66709,35.44058],[139.66703,35.44094],[139.667,35.44126],[139.66701,35.4415],[139.66707,35.4422]],[[139.61017,35.4368],[139.61038,35.43678],[139.61058,35.43675],[139.61076,35.43671]],[[139.58094,35.44138],[139.58083,35.44139],[139.58071,35.44142],[139.58062,35.44145],[139.58053,35.44148]]]}},{"type":"Feature","properties":{"ref":"K5","name":"首都高速神奈川5号大黒線","type":"expressway"},"geometry":{"type":"MultiLineString","coordinates":[[[139.67177,35.49025],[139.67356,35.48736],[139.67411,35.48654],[139.67458,35.48586],[139.67542,35.48453],[139.6755,35.48437],[139.67559,35.4842],[139.67565,35.48406],[139.67569,35.48392],[139.67572,35.48375],[139.67574,35.48359],[139.67575,35.48341],[139.67574,35.48323],[139.67572,35.48306],[139.675,35.47846],[139.67494,35.47797],[139.67493,35.4776],[139.67494,35.47728],[139.67514,35.47454],[139.67518,35.47428],[139.67549,35.4727],[139.67557,35.4724],[139.67566,35.47211],[139.67577,35.47186],[139.67611,35.47111],[139.67625,35.47077],[139.67633,35.4705],[139.67639,35.47027],[139.67734,35.46575],[139.67747,35.46515],[139.67772,35.46396],[139.67779,35.46364],[139.67789,35.46329],[139.678,35.463],[139.67812,35.46273],[139.67828,35.46245],[139.67843,35.46225],[139.67861,35.46203],[139.67878,35.46184],[139.67897,35.46167],[139.67921,35.46149],[139.67942,35.46134],[139.67968,35.4612],[139.67987,35.46109],[139.68009,35.46099]],[[139.68056,35.46082],[139.68065,35.4608],[139.68076,35.46078],[139.68084,35.46077],[139.68093,35.46076],[139.68103,35.46075],[139.68113,35.46075],[139.68123,35.46075],[139.68133,35.46076]],[[139.68007,35.46097],[139.67985,35.46108],[139.67966,35.46117],[139.6794,35.46133],[139.67918,35.46147],[139.67895,35.46165],[139.67876,35.46183],[139.67858,35.46202],[139.67841,35.46223],[139.67827,35.46242],[139.67811,35.4627],[139.67797,35.46297],[139.67786,35.46328],[139.67776,35.46363],[139.67768,35.46396],[139.67744,35.46515],[139.67709,35.46678],[139.67636,35.47027],[139.6763,35.4705],[139.67622,35.47076],[139.67609,35.47109],[139.67574,35.47183],[139.67564,35.4721],[139.67554,35.47239],[139.67546,35.47269],[139.67515,35.47427],[139.67511,35.47454],[139.67491,35.47728],[139.6749,35.4776],[139.67491,35.47797],[139.67496,35.47845],[139.67568,35.48306],[139.6757,35.48323],[139.67571,35.48341],[139.67571,35.48359],[139.67569,35.48375],[139.67566,35.48392],[139.67562,35.48405],[139.67556,35.4842],[139.67548,35.48436],[139.67539,35.48451],[139.67454,35.48585],[139.67407,35.48654],[139.67375,35.48698],[139.6735,35.48737],[139.67277,35.48855]],[[139.68133,35.46073],[139.68124,35.46073],[139.68114,35.46072],[139.68103,35.46072],[139.68093,35.46073],[139.68084,35.46074],[139.68075,35.46075],[139.68065,35.46077],[139.68056,35.4608]],[[139.67277,35.48855],[139.67249,35.489]],[[139.68009,35.46099],[139.68034,35.46089],[139.68056,35.46082]],[[139.68056,35.4608],[139.68033,35.46087],[139.68007,35.46097]],[[139.67249,35.489],[139.672,35.4897],[139.67178,35.49003],[139.67167,35.49021]]]}},{"type":"Feature","properties":{"ref":"K3","name":"首都高速狩場線","type":"expressway"},"geometry":{"type":"MultiLineString","coordinates":[[[139.66762,35.44448],[139.6676,35.44401],[139.66758,35.44388],[139.66753,35.44362],[139.66748,35.44336],[139.66745,35.44311],[139.66742,35.44281],[139.66741,35.44251]]]}},{"type":"Feature","properties":{"ref":"K2","name":"首都高速神奈川2号三ツ沢線","type":"expressway"},"geometry":{"type":"MultiLineString","coordinates":[[[139.61361,35.46971],[139.61271,35.47017]],[[139.61364,35.46973],[139.61526,35.4689],[139.61549,35.46879],[139.61561,35.46874],[139.61574,35.46869],[139.61586,35.46865],[139.61598,35.46861],[139.61611,35.46858],[139.61624,35.46855],[139.61635,35.46853],[139.61647,35.46851],[139.61671,35.46847],[139.61723,35.4684],[139.61783,35.46834],[139.61997,35.46813]],[[139.60474,35.47165],[139.60446,35.4719],[139.60422,35.47208],[139.60403,35.47221],[139.60386,35.4723],[139.60369,35.47238],[139.60349,35.47246],[139.60312,35.47258],[139.60298,35.47263]],[[139.60342,35.4727],[139.60357,35.47266],[139.60372,35.47261],[139.60387,35.47255],[139.60401,35.47248],[139.60414,35.47241],[139.60426,35.47234],[139.60443,35.47222],[139.60465,35.47203],[139.60482,35.47188],[139.60508,35.4716],[139.60527,35.47142]],[[139.60508,35.47136],[139.605,35.47143],[139.60474,35.47165]],[[139.61095,35.47106],[139.61116,35.47098],[139.61132,35.47092],[139.61148,35.47084],[139.61161,35.47078],[139.61364,35.46973]],[[139.61026,35.47121],[139.61039,35.4712],[139.61054,35.47118],[139.61067,35.47115],[139.61082,35.47111],[139.61095,35.47106]],[[139.61271,35.47017],[139.61147,35.4708],[139.61127,35.47089],[139.61107,35.47096],[139.6109,35.47102],[139.61068,35.47107],[139.61048,35.4711],[139.61028,35.47112],[139.61008,35.47113],[139.6099,35.47114],[139.60971,35.47113],[139.60952,35.47111],[139.60928,35.47106],[139.60908,35.47102],[139.60875,35.47093]],[[139.60527,35.47142],[139.60535,35.47133],[139.60544,35.47126],[139.60554,35.47119],[139.60565,35.47112],[139.60581,35.47102],[139.60598,35.47094],[139.60611,35.47088],[139.60625,35.47083],[139.60641,35.47079],[139.60653,35.47076],[139.60666,35.47074],[139.60678,35.47072],[139.60699,35.47071],[139.60723,35.47071],[139.6074,35.47072],[139.60758,35.47073],[139.60779,35.47076],[139.60805,35.47082],[139.60873,35.47099],[139.60944,35.47116],[139.60959,35.47119],[139.60976,35.47121],[139.60994,35.47122],[139.61008,35.47121],[139.61026,35.47121]],[[139.60875,35.47093],[139.60797,35.47073],[139.60776,35.47069],[139.60757,35.47066],[139.60739,35.47064],[139.60721,35.47063],[139.60699,35.47063],[139.60677,35.47064],[139.60656,35.47067],[139.60639,35.4707],[139.60621,35.47074],[139.60605,35.47079],[139.60591,35.47084],[139.60574,35.47092],[139.60555,35.47102],[139.6054,35.47111],[139.60525,35.47122],[139.60508,35.47136]],[[139.6212,35.46792],[139.62053,35.46799],[139.61995,35.46806],[139.61722,35.46837],[139.61671,35.46844],[139.61647,35.46848],[139.61634,35.4685],[139.61622,35.46852],[139.6161,35.46855],[139.61597,35.46858],[139.61584,35.46862],[139.61572,35.46866],[139.61559,35.46871],[139.61547,35.46876],[139.61523,35.46887],[139.61361,35.46971]],[[139.61997,35.46813],[139.62185,35.46792]],[[139.60305,35.47279],[139.60342,35.4727]]]}},{"type":"Feature","properties":{"ref":"K1","name":"首都高速神奈川1号横羽線","type":"expressway"},"geometry":{"type":"MultiLineString","coordinates":[[[139.62714,35.45591],[139.62613,35.45704],[139.62547,35.45785],[139.62461,35.45891],[139.62427,35.45933],[139.62417,35.45946],[139.6241,35.45958],[139.624,35.45974],[139.62395,35.45984],[139.6239,35.45994],[139.62387,35.46003],[139.62384,35.46012],[139.62381,35.46023],[139.62377,35.46041],[139.62375,35.46052],[139.62374,35.46071],[139.62375,35.46095],[139.62376,35.46121],[139.62378,35.46193],[139.62379,35.46231],[139.62378,35.4633],[139.62377,35.46456]],[[139.63259,35.45139],[139.63253,35.45148],[139.63244,35.45161],[139.63236,35.45171],[139.63221,35.45185],[139.63208,35.45195],[139.63163,35.45226],[139.63125,35.45251]],[[139.63286,35.45029],[139.63286,35.45045],[139.63286,35.45061],[139.63283,35.45078],[139.6328,35.45093],[139.63276,35.45106],[139.6327,35.45119],[139.63259,35.45139]],[[139.63247,35.44739],[139.63236,35.44752],[139.63228,35.44764],[139.63223,35.44774],[139.63218,35.44785],[139.63214,35.44796],[139.63211,35.44809],[139.63211,35.44817],[139.63211,35.44825],[139.63212,35.44834],[139.63213,35.44844],[139.63216,35.44856],[139.63221,35.44872],[139.63234,35.44901],[139.63241,35.44914],[139.63261,35.44945],[139.63266,35.44954],[139.6327,35.44963],[139.63276,35.44975],[139.6328,35.44987],[139.63283,35.45],[139.63285,35.45015],[139.63286,35.45029]],[[139.63604,35.44359],[139.63584,35.44374],[139.63564,35.44389],[139.6352,35.44425],[139.63498,35.44446],[139.63451,35.44493],[139.63429,35.44519],[139.63397,35.44558],[139.63247,35.44739]],[[139.63806,35.44244],[139.63726,35.44287],[139.63638,35.44338],[139.63619,35.44349],[139.63604,35.44359]],[[139.68788,35.49781],[139.68993,35.4983],[139.69023,35.49837],[139.6905,35.49845],[139.69076,35.49854],[139.691,35.49863],[139.69125,35.49874],[139.69198,35.49907],[139.6946,35.50026],[139.69656,35.50113],[139.69715,35.5014],[139.69761,35.50164],[139.698,35.50187],[139.69903,35.50257],[139.69958,35.50296]],[[139.6327,35.45143],[139.6328,35.45125],[139.63287,35.45109],[139.63292,35.45095],[139.63295,35.4508],[139.63298,35.45061],[139.63299,35.45045],[139.63298,35.45028]],[[139.63298,35.45028],[139.63298,35.45015],[139.63295,35.44999],[139.63292,35.44986],[139.63289,35.44973],[139.63284,35.4496],[139.63279,35.4495],[139.63273,35.44939],[139.63264,35.44926],[139.63254,35.4491],[139.63248,35.44901],[139.63242,35.44888],[139.63235,35.44873],[139.6323,35.44859],[139.63227,35.44848],[139.63225,35.44837],[139.63223,35.44828],[139.63223,35.44821],[139.63223,35.44814],[139.63224,35.44807],[139.63226,35.44797],[139.63231,35.44783],[139.63234,35.44776],[139.63238,35.44768],[139.63244,35.44758],[139.63255,35.44743]],[[139.6313,35.45258],[139.63172,35.45233],[139.6321,35.45207],[139.63223,35.45198],[139.63232,35.4519],[139.6324,35.45182],[139.63248,35.45174],[139.63256,35.45164],[139.63264,35.45153],[139.6327,35.45143]],[[139.63255,35.44743],[139.63405,35.44563],[139.63437,35.44523],[139.63459,35.44497],[139.63504,35.4445],[139.63526,35.4443],[139.6357,35.44393],[139.63589,35.44378],[139.63611,35.44362]],[[139.63611,35.44362],[139.63625,35.44354],[139.63644,35.44343],[139.63663,35.44334],[139.63731,35.44301],[139.63818,35.44262]],[[139.63818,35.44262],[139.63938,35.44206],[139.6397,35.44191]],[[139.74349,35.54561],[139.74346,35.54541],[139.74342,35.54521],[139.74337,35.54503],[139.74332,35.54487],[139.74325,35.54465],[139.74312,35.54434],[139.74295,35.54398],[139.74187,35.5416],[139.74168,35.54119],[139.74161,35.54102],[139.74155,35.54089],[139.74151,35.54076],[139.74147,35.54062],[139.74144,35.5405],[139.74141,35.54035],[139.74139,35.54021],[139.74138,35.54],[139.74137,35.53976],[139.74138,35.53922],[139.7414,35.53813],[139.74147,35.53545],[139.7415,35.53486],[139.74151,35.5345],[139.7415,35.5344],[139.7415,35.53431],[139.74149,35.53422],[139.74148,35.53415],[139.74146,35.53404],[139.74143,35.53393],[139.74139,35.53382],[139.74136,35.53373],[139.74133,35.53364],[139.74125,35.53349],[139.74118,35.53335],[139.74108,35.53318],[139.74058,35.5324],[139.74008,35.53163],[139.7393,35.53039],[139.73828,35.52879],[139.73773,35.52793],[139.73725,35.52718],[139.73701,35.52686],[139.73684,35.52665],[139.73672,35.52651],[139.73657,35.52637],[139.73635,35.52618],[139.73612,35.526],[139.73537,35.52546],[139.7344,35.52478],[139.73244,35.52339],[139.7316,35.5228],[139.73076,35.5222],[139.72902,35.52097],[139.72817,35.52037],[139.72734,35.51979],[139.72648,35.51919],[139.72607,35.51889],[139.72566,35.51858],[139.72562,35.51855],[139.72543,35.51839],[139.72519,35.51818],[139.725,35.51799],[139.72474,35.5177],[139.72391,35.51668],[139.72319,35.51579],[139.72242,35.51488],[139.72226,35.51471],[139.72211,35.51457],[139.72197,35.51446],[139.72179,35.51435],[139.7216,35.51423],[139.72141,35.51414],[139.72122,35.51406],[139.72096,35.51396],[139.72054,35.51381],[139.71975,35.51355],[139.71814,35.513],[139.71487,35.5119],[139.71456,35.51178],[139.7144,35.51172],[139.71426,35.51165],[139.71414,35.51159],[139.71404,35.51153],[139.71394,35.51147],[139.71384,35.51141],[139.71373,35.51132],[139.71354,35.51117],[139.713,35.51071],[139.71233,35.51013],[139.71186,35.50972],[139.71162,35.50953],[139.71152,35.50945],[139.71139,35.50936],[139.71126,35.50928],[139.71113,35.50921],[139.71098,35.50913],[139.71085,35.50906],[139.71013,35.50874],[139.70929,35.50836],[139.70895,35.5082],[139.7087,35.50807],[139.70847,35.50793],[139.70389,35.50506],[139.70313,35.5046],[139.70268,35.50434],[139.7025,35.50425],[139.70232,35.50416],[139.70137,35.50378],[139.70106,35.50364],[139.70087,35.50355],[139.7007,35.50345],[139.70052,35.50334],[139.69917,35.50241],[139.69889,35.50222],[139.6986,35.50202],[139.69804,35.50165],[139.69787,35.50155],[139.69767,35.50144],[139.69747,35.50133],[139.69669,35.50097],[139.69463,35.50006],[139.69207,35.49892],[139.69183,35.49881],[139.69159,35.49871],[139.69134,35.49861],[139.69108,35.49852],[139.6908,35.49844],[139.69053,35.49837],[139.69026,35.4983],[139.68996,35.49822],[139.6879,35.49774],[139.68761,35.49767],[139.68731,35.49759],[139.68702,35.49751],[139.68664,35.4974],[139.68627,35.49727],[139.68591,35.49715],[139.68506,35.49684],[139.67622,35.49359],[139.67458,35.49295],[139.67219,35.49202],[139.672,35.49194],[139.67183,35.49187],[139.67168,35.4918],[139.67153,35.49172],[139.67138,35.49163],[139.67123,35.49154],[139.67097,35.49139],[139.67073,35.49125],[139.6705,35.49114],[139.6703,35.49105],[139.67009,35.49096],[139.66895,35.49049],[139.66701,35.48972],[139.66634,35.48945],[139.66583,35.48927],[139.66511,35.48905],[139.66495,35.489],[139.66481,35.48896],[139.66467,35.48893],[139.6645,35.48889],[139.66435,35.48886],[139.66418,35.48884],[139.66403,35.48882],[139.66387,35.48882],[139.66372,35.48882],[139.66355,35.48882],[139.66337,35.48883],[139.66283,35.48887],[139.66265,35.48888],[139.6625,35.48888],[139.66236,35.48887],[139.66222,35.48886],[139.66208,35.48885],[139.66193,35.48882],[139.66178,35.48879],[139.66164,35.48875],[139.66151,35.4887],[139.66141,35.48866],[139.66128,35.4886],[139.66116,35.48853],[139.66103,35.48845],[139.66087,35.48834],[139.66067,35.4882],[139.65898,35.48694],[139.65883,35.48684],[139.65869,35.48675],[139.65854,35.48666],[139.65839,35.48658],[139.65821,35.4865],[139.65802,35.48642],[139.65782,35.48636],[139.65765,35.4863],[139.65724,35.48619],[139.65567,35.48571],[139.65448,35.48538]],[[139.62504,35.46707],[139.62447,35.4664],[139.62436,35.46626],[139.62424,35.46609],[139.62413,35.46592],[139.62406,35.46578],[139.62402,35.46567],[139.62398,35.46553],[139.62396,35.46537],[139.62395,35.46521],[139.62397,35.4639]],[[139.62708,35.46876],[139.62693,35.4687],[139.6268,35.46864],[139.62666,35.46857],[139.62652,35.4685],[139.62638,35.46841],[139.62624,35.46832],[139.6261,35.46821],[139.62598,35.46811],[139.62586,35.46801],[139.62573,35.46788],[139.62555,35.46768],[139.62504,35.46707]],[[139.62397,35.46579],[139.62405,35.46596],[139.6241,35.46605],[139.62415,35.46612],[139.62432,35.46634],[139.62498,35.46714]],[[139.62498,35.46714],[139.62546,35.46772],[139.62562,35.46789],[139.62577,35.46805],[139.6259,35.46818],[139.62598,35.46825],[139.62609,35.46834],[139.62617,35.4684],[139.62625,35.46845],[139.62632,35.4685],[139.62642,35.46855],[139.62653,35.46861],[139.62664,35.46865],[139.62678,35.46871],[139.62692,35.46875],[139.62705,35.4688],[139.62848,35.46926],[139.62891,35.4694],[139.62909,35.46947],[139.62928,35.46956],[139.62946,35.46965],[139.62963,35.46973],[139.62977,35.46982],[139.62992,35.46991],[139.63003,35.47001],[139.63016,35.47011],[139.63028,35.47022],[139.63065,35.47061],[139.63137,35.47137],[139.63213,35.47214]],[[139.63882,35.44206],[139.63806,35.44244]],[[139.65448,35.48538],[139.6529,35.48491],[139.65257,35.48481],[139.65231,35.48472],[139.65207,35.48464],[139.65183,35.48454],[139.65156,35.48443],[139.65128,35.48431],[139.65047,35.48394],[139.65026,35.48384],[139.65007,35.48377],[139.64988,35.48371],[139.64968,35.48365],[139.64794,35.48317],[139.64755,35.48306],[139.64718,35.48294],[139.64685,35.48282],[139.64615,35.48256],[139.64552,35.48232],[139.64529,35.48223],[139.64505,35.48214],[139.64483,35.48204],[139.64461,35.48194],[139.64439,35.48183],[139.64417,35.48171],[139.64334,35.48126],[139.64304,35.4811],[139.64274,35.48092],[139.64248,35.48076],[139.64222,35.48059],[139.64176,35.48028],[139.64129,35.47995],[139.64106,35.47978],[139.64082,35.4796],[139.64056,35.47938],[139.6403,35.47915],[139.64003,35.47891],[139.63979,35.47866],[139.63933,35.47815],[139.63894,35.47769],[139.63874,35.47746],[139.63853,35.47722],[139.63829,35.47697],[139.63765,35.47636],[139.6374,35.47613],[139.63732,35.47606],[139.63721,35.47598],[139.6371,35.4759],[139.63698,35.47583],[139.63685,35.47576],[139.63672,35.47571],[139.63657,35.47565],[139.63641,35.4756],[139.63585,35.47544],[139.63568,35.47539],[139.63551,35.47532],[139.63537,35.47526],[139.63524,35.47518],[139.6351,35.47508],[139.63496,35.47497],[139.63486,35.47488],[139.63475,35.47477],[139.63446,35.47444],[139.63308,35.47287],[139.63224,35.47198],[139.63181,35.47155],[139.63084,35.47062]],[[139.62397,35.4639],[139.62398,35.46333],[139.62398,35.46077],[139.62398,35.46063],[139.62398,35.46047],[139.624,35.46035],[139.62402,35.46022],[139.62404,35.46014],[139.62409,35.45999],[139.62414,35.45984],[139.62419,35.45973],[139.62424,35.45962],[139.6243,35.45951],[139.62438,35.45938],[139.62447,35.45925],[139.62458,35.45911],[139.6247,35.45896],[139.62556,35.45789],[139.62564,35.45779],[139.62586,35.45753],[139.62622,35.45709],[139.62723,35.45596]],[[139.62377,35.46456],[139.62377,35.46493],[139.62377,35.46509],[139.62379,35.46523],[139.62382,35.46535],[139.62385,35.46549],[139.6239,35.46563],[139.62397,35.46579]],[[139.63213,35.47214],[139.63311,35.4732],[139.63378,35.47394],[139.6343,35.47454],[139.63459,35.47486],[139.6347,35.47497],[139.63482,35.47506],[139.63497,35.47516],[139.63512,35.47525],[139.63526,35.47532],[139.6354,35.47538],[139.6356,35.47545],[139.63579,35.47551],[139.63635,35.47567],[139.63651,35.47572],[139.63666,35.47578],[139.6368,35.47584],[139.63693,35.4759],[139.63706,35.47598],[139.63716,35.47605],[139.63725,35.47612],[139.63734,35.47619],[139.63742,35.47626],[139.63758,35.4764],[139.63822,35.47702],[139.63846,35.47726],[139.63867,35.4775],[139.63887,35.47773],[139.63926,35.4782],[139.63972,35.47871],[139.63997,35.47896],[139.64023,35.47921],[139.6405,35.47944],[139.64076,35.47966],[139.641,35.47984],[139.64123,35.48],[139.6417,35.48033],[139.64217,35.48065],[139.64243,35.48082],[139.64269,35.48098],[139.64298,35.48115],[139.64328,35.48131],[139.64411,35.48178],[139.64434,35.4819],[139.64457,35.48201],[139.64479,35.48211],[139.64501,35.4822],[139.64525,35.4823],[139.64548,35.48239],[139.64611,35.48263],[139.64681,35.48289],[139.64715,35.48301],[139.64753,35.48313],[139.64789,35.48323],[139.64965,35.48372],[139.64985,35.48378],[139.65003,35.48384],[139.65022,35.48391],[139.65043,35.484],[139.65123,35.48437],[139.65152,35.4845],[139.65178,35.48461],[139.65202,35.4847],[139.65229,35.4848],[139.65254,35.48488],[139.65291,35.48499],[139.65445,35.48544]],[[139.69958,35.50296],[139.7002,35.50339],[139.70046,35.50355],[139.70069,35.50368],[139.70094,35.5038],[139.70123,35.50392],[139.70225,35.5043],[139.70261,35.50446],[139.70306,35.50467],[139.70357,35.50496],[139.7038,35.50511],[139.70843,35.508],[139.70868,35.50814],[139.70891,35.50826],[139.70928,35.50845],[139.71008,35.5088],[139.71038,35.50895],[139.71064,35.5091],[139.71083,35.50923],[139.71096,35.50932],[139.71135,35.50967],[139.71175,35.51002],[139.71257,35.51072],[139.71318,35.51124],[139.71335,35.51137],[139.71352,35.51149],[139.71369,35.51159],[139.71388,35.51169],[139.71406,35.51177],[139.71425,35.51185],[139.71448,35.51193],[139.71481,35.51205],[139.71738,35.51291],[139.71973,35.51371],[139.72053,35.51398],[139.72107,35.51417],[139.72125,35.51424],[139.72141,35.51431],[139.72156,35.51438],[139.72172,35.51447],[139.72188,35.51456],[139.72202,35.51466],[139.72218,35.51479],[139.72234,35.51494],[139.72257,35.51518],[139.7231,35.51582],[139.72384,35.51673],[139.72466,35.51775],[139.72492,35.51803],[139.72513,35.51824],[139.72535,35.51844],[139.72555,35.5186],[139.72559,35.51864],[139.726,35.51894],[139.72643,35.51924],[139.72728,35.51984],[139.7281,35.52042],[139.72894,35.52102],[139.73068,35.52225],[139.73154,35.52285],[139.73238,35.52345],[139.73434,35.52483],[139.73528,35.5255],[139.73606,35.52605],[139.73628,35.52623],[139.7365,35.52642],[139.73664,35.52656],[139.73677,35.52669],[139.73695,35.52691],[139.73716,35.5272],[139.73765,35.52795],[139.7382,35.52881],[139.73922,35.53043],[139.73999,35.53165],[139.74049,35.53242],[139.74099,35.5332],[139.74108,35.53335],[139.74116,35.53351],[139.74123,35.53366],[139.74127,35.53375],[139.7413,35.53384],[139.74133,35.53395],[139.74136,35.53406],[139.74138,35.53416],[139.74139,35.53423],[139.7414,35.53432],[139.7414,35.53441],[139.74141,35.53454],[139.74141,35.53488],[139.74135,35.53651],[139.74128,35.53922],[139.74127,35.53991],[139.74127,35.5401],[139.74128,35.54024],[139.7413,35.54036],[139.74132,35.54048],[139.74135,35.5406],[139.74139,35.54073],[139.74146,35.54092],[139.74155,35.54114],[139.74287,35.54401],[139.74303,35.54436],[139.74315,35.54468],[139.74323,35.54488],[139.74328,35.54505],[139.74332,35.54523],[139.74336,35.54542],[139.7434,35.54562]],[[139.67619,35.49366],[139.68504,35.49691],[139.68587,35.49722],[139.68623,35.49734],[139.6866,35.49747],[139.68696,35.49758],[139.68729,35.49766],[139.68759,35.49774],[139.68788,35.49781]],[[139.63125,35.45251],[139.63102,35.45264],[139.63045,35.45298],[139.62955,35.45355],[139.62929,35.45374],[139.62909,35.45389],[139.62895,35.45402]],[[139.65445,35.48544],[139.65721,35.48626],[139.6578,35.48643],[139.65799,35.4865],[139.65816,35.48656],[139.65832,35.48664],[139.65848,35.48672],[139.65863,35.4868],[139.65878,35.4869],[139.65892,35.48699],[139.6606,35.48825],[139.66079,35.48839],[139.66095,35.4885],[139.66109,35.48859],[139.66121,35.48866],[139.66135,35.48873],[139.66148,35.48878],[139.66162,35.48883],[139.66175,35.48887],[139.66189,35.4889],[139.66203,35.48892],[139.66218,35.48894],[139.66232,35.48895],[139.66243,35.48896],[139.66256,35.48896],[139.66269,35.48895],[139.66284,35.48895],[139.66337,35.4889],[139.66354,35.4889],[139.66371,35.48889],[139.66389,35.4889],[139.66408,35.48891],[139.66424,35.48893],[139.66442,35.48895],[139.66459,35.48899],[139.66475,35.48903],[139.66491,35.48907],[139.66508,35.48913],[139.66522,35.48918],[139.66572,35.48938],[139.66766,35.49016],[139.66864,35.49055],[139.66946,35.49088],[139.67033,35.49123],[139.67046,35.49129],[139.67059,35.49135],[139.67073,35.49141],[139.671,35.49156],[139.67114,35.49163],[139.67146,35.49179],[139.67167,35.49188],[139.67193,35.492],[139.6721,35.49207],[139.67572,35.49349],[139.67619,35.49366]],[[139.64058,35.44129],[139.63968,35.44166],[139.63882,35.44206]],[[139.63084,35.47062],[139.63035,35.47017],[139.63022,35.47006],[139.63009,35.46996],[139.62995,35.46987],[139.62981,35.46977],[139.62958,35.46965],[139.62933,35.46953],[139.62913,35.46945],[139.62893,35.46937],[139.6285,35.46923],[139.62708,35.46876]],[[139.62903,35.45408],[139.62918,35.45395],[139.62936,35.4538],[139.62961,35.45363],[139.63052,35.45305],[139.63107,35.45272],[139.6313,35.45258]],[[139.6397,35.44191],[139.64032,35.4416]],[[139.62723,35.45596],[139.62789,35.45522],[139.62853,35.45456],[139.629,35.4541],[139.62903,35.45408]],[[139.62895,35.45402],[139.62889,35.45407],[139.62886,35.4541],[139.62869,35.45426],[139.62844,35.4545],[139.62789,35.45507],[139.62714,35.45591]]]}},{"type":"Feature","properties":{"ref":"4","name":"東埼玉道路","type":"expressway"},"geometry":{"type":"MultiLineString","coordinates":[[[139.83033,35.90079],[139.83011,35.90045],[139.8298,35.89985],[139.82966,35.89954],[139.82948,35.89919],[139.82919,35.8985],[139.82895,35.89793],[139.8288,35.89757],[139.8287,35.89733],[139.82859,35.89705],[139.82842,35.89662],[139.82833,35.89643],[139.82828,35.8963]],[[139.83032,35.84909],[139.83028,35.84932],[139.83026,35.84942],[139.83018,35.84976],[139.83013,35.84994],[139.83005,35.8502],[139.82995,35.85045],[139.82976,35.8509],[139.82964,35.85113],[139.82946,35.85143],[139.82939,35.85157],[139.82928,35.8518],[139.82921,35.852],[139.82912,35.85236],[139.82906,35.85269],[139.82904,35.85292],[139.82902,35.85327],[139.829,35.85336],[139.82899,35.85348],[139.82898,35.8535],[139.82897,35.85359],[139.82893,35.85385],[139.82893,35.85407],[139.82899,35.85438],[139.82901,35.85472],[139.82905,35.85498],[139.82908,35.8551],[139.8292,35.85554],[139.82928,35.85588],[139.82932,35.8561],[139.82935,35.85631],[139.82938,35.85651],[139.82942,35.85677],[139.8295,35.85737]],[[139.82828,35.8963],[139.82806,35.89581]],[[139.8278,35.89634],[139.82784,35.89645],[139.82803,35.8969],[139.82827,35.89748],[139.82841,35.89782],[139.82881,35.89885],[139.8293,35.89993],[139.82981,35.90084]],[[139.8273,35.89409],[139.82713,35.8937],[139.82693,35.89324],[139.82683,35.89298],[139.82676,35.89279],[139.82668,35.89256],[139.82656,35.89225],[139.82648,35.89198],[139.82645,35.8919]],[[139.82622,35.89102],[139.82617,35.89074],[139.82612,35.89042],[139.82609,35.89021],[139.82607,35.88999],[139.82603,35.88954],[139.82602,35.88925],[139.826,35.88888],[139.82599,35.88868],[139.82601,35.88786]],[[139.82608,35.89197],[139.82621,35.89237],[139.82631,35.89265],[139.8264,35.89289],[139.82651,35.89319],[139.82658,35.89335],[139.82662,35.89344],[139.82674,35.89373],[139.8269,35.89411],[139.82694,35.89422]],[[139.82753,35.87516],[139.82768,35.87397]],[[139.8273,35.87394],[139.82714,35.87514]],[[139.82626,35.88173],[139.82624,35.88187],[139.82623,35.88206],[139.82624,35.88223],[139.82625,35.8824],[139.82629,35.88258],[139.82632,35.88272],[139.82636,35.88292],[139.82638,35.88303],[139.82639,35.88321],[139.82639,35.88324],[139.82638,35.88342],[139.82636,35.88357],[139.82634,35.8837],[139.82632,35.88382],[139.82626,35.88404],[139.82614,35.88429],[139.82605,35.88445],[139.82598,35.8846],[139.82587,35.88485],[139.82581,35.88519]],[[139.82811,35.8708],[139.82823,35.86993],[139.8283,35.8694],[139.82834,35.86914],[139.82841,35.86873],[139.82853,35.86808]],[[139.82645,35.8919],[139.82639,35.89169],[139.82631,35.89137],[139.82622,35.89102]],[[139.82585,35.89107],[139.82594,35.89147],[139.82608,35.89197]],[[139.8276,35.89586],[139.8278,35.89634]],[[139.82637,35.8809],[139.82627,35.88161],[139.82627,35.88166],[139.82626,35.88173]],[[139.82701,35.87927],[139.82702,35.87914],[139.82718,35.87784],[139.82719,35.87774],[139.82724,35.87748],[139.82724,35.87745],[139.82737,35.87645],[139.82744,35.87586],[139.82753,35.87516]],[[139.82675,35.88153],[139.82678,35.8813]],[[139.82673,35.88169],[139.82675,35.88153]],[[139.82669,35.88207],[139.82673,35.88169]],[[139.82714,35.87514],[139.827,35.87627],[139.82697,35.87652],[139.82696,35.87656],[139.82691,35.87695],[139.82676,35.87814],[139.8267,35.87858],[139.82662,35.87911],[139.82661,35.87923]],[[139.82678,35.8813],[139.82685,35.8803]],[[139.82806,35.89581],[139.82802,35.89572],[139.82786,35.89536],[139.8277,35.89502],[139.82754,35.89465],[139.82736,35.89425],[139.8273,35.89409]],[[139.82694,35.89422],[139.82713,35.89469],[139.82722,35.89493],[139.82732,35.8952],[139.82744,35.89548],[139.82755,35.89577],[139.8276,35.89586]],[[139.82685,35.8803],[139.82689,35.88012],[139.82699,35.87938],[139.82701,35.87927]],[[139.82661,35.87923],[139.8266,35.87936],[139.82657,35.87954],[139.82653,35.87987],[139.82644,35.88041],[139.8264,35.88066],[139.82637,35.8809]],[[139.83528,35.9118],[139.8352,35.91281],[139.83517,35.91315],[139.83509,35.91428],[139.83502,35.91505],[139.83496,35.9159],[139.83493,35.91647],[139.83494,35.91694],[139.83494,35.91798],[139.835,35.91907],[139.83504,35.91962],[139.83509,35.92015],[139.83517,35.92073],[139.83526,35.92139],[139.83542,35.9225],[139.83554,35.92331],[139.83567,35.9242],[139.83573,35.92464],[139.83589,35.92565],[139.83603,35.92662],[139.83608,35.92707],[139.83612,35.92748],[139.83613,35.9276],[139.83616,35.928],[139.83619,35.92858],[139.83621,35.9291],[139.8362,35.92957],[139.83619,35.92973],[139.83618,35.93005],[139.83616,35.93025],[139.83614,35.93059],[139.83613,35.93077],[139.83605,35.93133],[139.83598,35.93161],[139.83594,35.93178],[139.83587,35.93204],[139.83576,35.93231],[139.83573,35.9324]],[[139.83485,35.90683],[139.83479,35.90673],[139.83471,35.90662],[139.83441,35.90614],[139.83405,35.90562],[139.83376,35.90522],[139.83266,35.90388],[139.83227,35.90342],[139.83207,35.90319],[139.83152,35.90247],[139.83145,35.90238],[139.83109,35.90192],[139.83101,35.9018],[139.83085,35.90158],[139.83056,35.90115],[139.83033,35.90079]],[[139.82981,35.90084],[139.82996,35.90108],[139.83043,35.90175],[139.83103,35.90252],[139.83147,35.90308],[139.83177,35.90347],[139.83185,35.90356],[139.83209,35.90382],[139.8323,35.90407],[139.8324,35.90419],[139.83279,35.90466],[139.83315,35.90511],[139.83321,35.9052],[139.83355,35.90564],[139.83406,35.90638],[139.83415,35.90653],[139.83434,35.90686],[139.8344,35.90698]],[[139.83487,35.90805],[139.8349,35.90814],[139.83494,35.90828],[139.83505,35.90857],[139.83517,35.90911],[139.83521,35.90931],[139.83522,35.90944],[139.83529,35.90984],[139.83531,35.91029],[139.8353,35.91115],[139.83528,35.9118]],[[139.8344,35.90698],[139.83451,35.90718],[139.83468,35.90753],[139.83479,35.90782],[139.83487,35.90805]],[[139.83528,35.9118],[139.83534,35.91116],[139.83541,35.91037],[139.83546,35.90982],[139.83552,35.90931],[139.83555,35.90905],[139.83554,35.90887],[139.83553,35.9087],[139.83549,35.90855],[139.83545,35.90836],[139.83534,35.908],[139.83532,35.90793]],[[139.83532,35.90793],[139.83523,35.90766],[139.83513,35.90743],[139.83506,35.90727],[139.83497,35.90707],[139.83485,35.90683]],[[139.82764,35.87085],[139.82758,35.87135],[139.82752,35.87197],[139.82749,35.87236],[139.82749,35.87243],[139.82745,35.87269],[139.82744,35.87281],[139.82743,35.87291],[139.8273,35.87394]],[[139.82765,35.87078],[139.82764,35.87085]],[[139.82768,35.87397],[139.82776,35.87328],[139.82777,35.87314],[139.8278,35.87294],[139.82782,35.87285],[139.82784,35.87272],[139.82793,35.87221],[139.82794,35.87213],[139.828,35.8717],[139.82807,35.87112],[139.8281,35.87093],[139.8281,35.8709],[139.8281,35.87088]],[[139.8281,35.87088],[139.82811,35.8708]],[[139.82991,35.85734],[139.82987,35.85715],[139.82981,35.85674],[139.82977,35.85617],[139.82975,35.85598],[139.82972,35.85562],[139.82969,35.85518],[139.82966,35.8548],[139.82964,35.85437],[139.82963,35.8541],[139.82961,35.85389],[139.82963,35.85356],[139.82966,35.85336],[139.82971,35.85299],[139.82977,35.85256],[139.82982,35.85222],[139.82986,35.85201],[139.82989,35.85193],[139.82992,35.85186],[139.82995,35.85171],[139.83,35.85134],[139.83008,35.85084],[139.83014,35.85038],[139.83017,35.85024],[139.83023,35.85006],[139.83032,35.84982],[139.8304,35.84962],[139.83044,35.84948],[139.83047,35.84936],[139.83048,35.84925],[139.83032,35.84909]],[[139.8295,35.85737],[139.82953,35.85757]],[[139.82953,35.85757],[139.82961,35.85813],[139.82965,35.85843],[139.82968,35.8587],[139.82972,35.85904],[139.82973,35.85939],[139.82973,35.85963],[139.82972,35.85984]],[[139.8301,35.85989],[139.83011,35.85943],[139.83012,35.85921],[139.8301,35.85892],[139.83007,35.85864],[139.83004,35.85847],[139.82997,35.85792],[139.82991,35.85734]],[[139.82972,35.85984],[139.82968,35.86043],[139.82961,35.86086],[139.82938,35.8619],[139.82931,35.8622],[139.82906,35.86339],[139.82895,35.86387],[139.82891,35.86408],[139.82889,35.86415],[139.82863,35.86531]],[[139.8291,35.86537],[139.82922,35.86479],[139.82931,35.86434],[139.82939,35.86396],[139.82951,35.8634],[139.82966,35.86261],[139.82974,35.86214],[139.82985,35.86161],[139.82993,35.86127],[139.82997,35.861],[139.82999,35.8609],[139.83004,35.86061],[139.83009,35.86017],[139.8301,35.85989]],[[139.82863,35.86531],[139.82834,35.86665],[139.8283,35.86691],[139.82823,35.86718],[139.82814,35.86766],[139.82806,35.86802]],[[139.82806,35.86802],[139.82797,35.86858],[139.82785,35.86934],[139.82774,35.87008],[139.82765,35.87078]],[[139.82853,35.86808],[139.82857,35.86781],[139.82866,35.86743],[139.82881,35.86672],[139.82885,35.8665],[139.82894,35.8661],[139.82901,35.86578],[139.82907,35.86553],[139.8291,35.86537]],[[139.82581,35.88519],[139.8258,35.88528]],[[139.8258,35.88528],[139.82579,35.88539],[139.82577,35.88561],[139.82574,35.88583],[139.82567,35.88628],[139.82565,35.88661],[139.82562,35.88686],[139.8256,35.88705],[139.82555,35.88766],[139.82551,35.88806]],[[139.82628,35.88532],[139.8263,35.88524]],[[139.8263,35.88524],[139.82632,35.88504],[139.82643,35.88407],[139.82665,35.88234],[139.82669,35.88207]],[[139.82601,35.88786],[139.82607,35.8871],[139.82614,35.88647],[139.82627,35.88543],[139.82628,35.88532]],[[139.82551,35.88806],[139.82551,35.88878],[139.82553,35.88919],[139.82557,35.88953],[139.82567,35.89015],[139.82585,35.89107]]]}},{"type":"Feature","properties":{"ref":"1","name":"首都高速1号上野線","type":"expressway"},"geometry":{"type":"MultiLineString","coordinates":[[[139.77779,35.68291],[139.77815,35.6834],[139.77826,35.68358],[139.7783,35.68366],[139.77833,35.68374],[139.77834,35.6838],[139.77835,35.68387],[139.77836,35.68391],[139.77835,35.68396],[139.77835,35.68399],[139.77834,35.68404],[139.77833,35.68408],[139.77831,35.68412],[139.77828,35.68416]],[[139.77828,35.68416],[139.77826,35.68419],[139.77823,35.68423],[139.77819,35.68426],[139.77814,35.68431],[139.77809,35.68434],[139.77804,35.68437],[139.77799,35.6844],[139.77791,35.68443],[139.77785,35.68446],[139.77776,35.68449],[139.77742,35.68456],[139.77733,35.68458],[139.77724,35.68461],[139.77716,35.68465],[139.7771,35.68468],[139.77704,35.68471],[139.77698,35.68476],[139.77694,35.6848],[139.7769,35.68484],[139.77687,35.68489],[139.77684,35.68495],[139.77681,35.68501],[139.77679,35.68508],[139.77677,35.68516],[139.77676,35.68526],[139.77671,35.68573],[139.77666,35.68636]],[[139.78323,35.71898],[139.78252,35.71811],[139.78227,35.71779],[139.78188,35.71731],[139.78136,35.71663],[139.78116,35.71638],[139.78088,35.716],[139.78025,35.71509],[139.78004,35.71478],[139.77951,35.71407],[139.77914,35.71356],[139.77899,35.71332],[139.77861,35.71278],[139.77848,35.71262],[139.77839,35.71251],[139.77831,35.71242],[139.7782,35.71232],[139.77807,35.71222],[139.77794,35.71214],[139.77746,35.71186],[139.77731,35.71176],[139.77715,35.71165],[139.77706,35.71157],[139.777,35.71151],[139.77694,35.71145],[139.77689,35.71138],[139.77684,35.71131],[139.77679,35.71124],[139.77676,35.71116],[139.77672,35.71108],[139.77669,35.711],[139.77666,35.71087],[139.77664,35.71068],[139.77663,35.71045],[139.77656,35.70961],[139.77639,35.70783],[139.77628,35.70695]],[[139.7779,35.68288],[139.77749,35.68225]],[[139.77628,35.70695],[139.77562,35.7008],[139.77559,35.70045],[139.77559,35.70006],[139.77554,35.6973],[139.77553,35.69702],[139.77551,35.69675],[139.77548,35.69643],[139.77544,35.69617],[139.77533,35.69532],[139.77524,35.69448],[139.77508,35.69334],[139.775,35.69274],[139.77493,35.69225],[139.7749,35.69199],[139.7749,35.6918],[139.77491,35.69168],[139.77493,35.69158],[139.77496,35.69145],[139.77502,35.69128],[139.7751,35.69107],[139.77575,35.68957],[139.77616,35.68862],[139.77627,35.68837]],[[139.77666,35.68636],[139.77664,35.68668],[139.77661,35.68696],[139.77659,35.68707],[139.77657,35.68718],[139.77653,35.68728],[139.77648,35.68742],[139.77599,35.68856],[139.77556,35.68955],[139.77485,35.69123],[139.77476,35.6915],[139.77473,35.69162],[139.77472,35.69174],[139.77472,35.69187],[139.77473,35.69203],[139.77475,35.69222],[139.77491,35.69335],[139.77506,35.69442],[139.77523,35.69534],[139.77536,35.69617],[139.77539,35.69643],[139.77542,35.69675],[139.77544,35.69702],[139.77545,35.6973],[139.77547,35.69834],[139.77549,35.7],[139.7755,35.70046]],[[139.7756,35.70152],[139.77598,35.70506],[139.776,35.7052],[139.77623,35.70776],[139.77627,35.70805],[139.77631,35.70831],[139.77641,35.70943],[139.77652,35.71067],[139.77654,35.71082],[139.77658,35.71099],[139.77662,35.71111],[139.77667,35.71122],[139.77672,35.71131],[139.77679,35.71142],[139.77686,35.7115],[139.77695,35.71159],[139.77704,35.71167],[139.77712,35.71174],[139.77722,35.71181],[139.77739,35.71191],[139.77771,35.71209],[139.77789,35.71221],[139.77808,35.71235],[139.77821,35.71246],[139.7783,35.71254],[139.77839,35.71264],[139.77846,35.71273],[139.77867,35.71303],[139.77879,35.71321],[139.77905,35.71357],[139.77929,35.71391],[139.78025,35.71524],[139.7807,35.71586],[139.78108,35.71641],[139.78226,35.71793],[139.78285,35.71868],[139.78314,35.71903]],[[139.7755,35.70046],[139.77553,35.70081],[139.7756,35.70152]],[[139.77709,35.6848],[139.77712,35.68477],[139.77716,35.68475],[139.7772,35.68472],[139.77724,35.6847],[139.7773,35.68467],[139.77743,35.68463],[139.77755,35.6846],[139.77784,35.68453],[139.77794,35.6845],[139.77803,35.68446],[139.77811,35.68442],[139.77816,35.68439],[139.77822,35.68435],[139.77827,35.68431],[139.77831,35.68426],[139.77836,35.6842],[139.77839,35.68414],[139.77842,35.68409],[139.77843,35.68405],[139.77844,35.684],[139.77845,35.68396],[139.77845,35.68391],[139.77844,35.68386],[139.77843,35.6838],[139.77841,35.68373],[139.77839,35.68366],[139.77834,35.68358],[139.7782,35.68336],[139.7779,35.68288]],[[139.77627,35.68837],[139.77652,35.68778],[139.77663,35.68748],[139.77668,35.68732],[139.77672,35.68715],[139.77676,35.68698],[139.7768,35.68669],[139.7769,35.68537],[139.77691,35.68528],[139.77692,35.68519],[139.77694,35.68511],[139.77696,35.68503],[139.77699,35.68497],[139.77702,35.6849],[139.77705,35.68486],[139.77707,35.68483],[139.77709,35.6848]]]}},{"type":"Feature","properties":{"ref":"6","name":"首都高速6号三郷線","type":"expressway"},"geometry":{"type":"MultiLineString","coordinates":[[[139.82094,35.75173],[139.82098,35.75253],[139.82098,35.75328],[139.82095,35.75384],[139.82091,35.75429]],[[139.83562,35.80611],[139.83502,35.80582],[139.83409,35.80534],[139.8336,35.80505],[139.83218,35.80425],[139.83182,35.80403],[139.83146,35.80379],[139.83112,35.80354],[139.83059,35.80314],[139.83012,35.80277],[139.82985,35.80253],[139.82956,35.80225],[139.8292,35.80186],[139.82888,35.80147],[139.82864,35.80114],[139.82847,35.80088],[139.82829,35.80059],[139.82814,35.80032],[139.82798,35.80001],[139.82785,35.79972],[139.82773,35.79942],[139.82765,35.79916],[139.82756,35.79879],[139.82747,35.79841],[139.82741,35.79816],[139.82737,35.79786],[139.82733,35.7974],[139.82733,35.79712],[139.82733,35.79682],[139.82735,35.79656],[139.82738,35.7963],[139.82744,35.79583],[139.82762,35.79508],[139.82803,35.79356],[139.82817,35.793],[139.82824,35.79267],[139.82828,35.79238],[139.82829,35.79214],[139.8283,35.79177],[139.82828,35.79136],[139.82825,35.79116],[139.82821,35.79089],[139.82816,35.79066],[139.82809,35.79035],[139.82795,35.78976],[139.82768,35.78878],[139.82739,35.78769],[139.82732,35.78748]],[[139.82101,35.7543],[139.82105,35.75384],[139.82108,35.7533],[139.82109,35.75281],[139.82107,35.75231],[139.82105,35.75174]],[[139.82091,35.75429],[139.82086,35.75464],[139.82079,35.75507],[139.82035,35.75762],[139.82021,35.75873],[139.82005,35.76019],[139.82003,35.76047],[139.82002,35.76072],[139.82003,35.76087],[139.82004,35.76098]],[[139.82004,35.76098],[139.82007,35.76123],[139.82011,35.76147],[139.82018,35.76176],[139.82026,35.76205],[139.82043,35.76269],[139.82086,35.76428],[139.82175,35.76753],[139.82222,35.76925],[139.8225,35.77026],[139.82271,35.77102],[139.82401,35.7751],[139.82405,35.77523],[139.8243,35.77626]],[[139.82489,35.77834],[139.82505,35.7789]],[[139.8243,35.77626],[139.82456,35.77718],[139.82489,35.77834]],[[139.82505,35.7789],[139.82507,35.77899],[139.82515,35.77949],[139.82547,35.78099],[139.82575,35.78206],[139.82603,35.78309]],[[139.82283,35.77101],[139.82261,35.77026],[139.82232,35.76923],[139.82184,35.76749],[139.82096,35.76427],[139.82053,35.76268],[139.82035,35.76203],[139.82028,35.76174],[139.82021,35.76147],[139.82016,35.76123],[139.82013,35.76098],[139.82012,35.76073],[139.82012,35.76048],[139.82014,35.7602],[139.8203,35.75874],[139.82045,35.75763],[139.82053,35.75706],[139.82088,35.7551],[139.82095,35.75465],[139.82101,35.7543]],[[139.82645,35.7842],[139.82596,35.78249],[139.82535,35.78006],[139.82509,35.77893],[139.82492,35.77834],[139.82471,35.77762],[139.82433,35.77625],[139.82415,35.77559],[139.82346,35.77329],[139.82283,35.77101]],[[139.83711,35.80703],[139.83787,35.80746],[139.83858,35.8079],[139.8392,35.80831],[139.84011,35.80894],[139.84041,35.80916],[139.84099,35.8096],[139.84141,35.80993],[139.84182,35.81026],[139.84221,35.8106],[139.84234,35.81071],[139.84277,35.81109],[139.8435,35.81178],[139.84435,35.81264],[139.84485,35.8132],[139.84535,35.81375],[139.84575,35.81424],[139.84601,35.81456],[139.84634,35.81498],[139.84664,35.8154],[139.84699,35.8159],[139.84729,35.81635],[139.84766,35.81693],[139.84795,35.81744],[139.84815,35.8178],[139.84844,35.81834],[139.84874,35.81895],[139.84902,35.81953],[139.84955,35.82063],[139.84994,35.82144],[139.85073,35.82311],[139.85113,35.82391],[139.8514,35.82447],[139.85168,35.82508],[139.85198,35.82571],[139.85224,35.82625],[139.853,35.82778],[139.85344,35.82862],[139.85388,35.82947],[139.85449,35.8305],[139.85509,35.83141],[139.85563,35.83217],[139.85612,35.83284],[139.85661,35.83342],[139.85708,35.83397],[139.85778,35.83472]],[[139.82732,35.78748],[139.82645,35.7842]],[[139.85786,35.83467],[139.85717,35.83393],[139.85658,35.83323],[139.85602,35.83253],[139.85566,35.83204],[139.8553,35.83155],[139.85503,35.83113],[139.85461,35.83049],[139.85414,35.82975],[139.85373,35.82899],[139.85324,35.82804],[139.85234,35.8262],[139.85211,35.82572],[139.8513,35.82401],[139.85108,35.82358],[139.85054,35.82245],[139.84946,35.82023],[139.84915,35.81959],[139.84892,35.81908],[139.84853,35.8183],[139.84825,35.81777],[139.84794,35.81723],[139.8477,35.81683],[139.84738,35.81631],[139.84733,35.81624]],[[139.84733,35.81624],[139.84708,35.81587],[139.84665,35.81525],[139.8461,35.81452],[139.84583,35.81419],[139.84568,35.814]],[[139.84568,35.814],[139.84545,35.81373],[139.8451,35.8133],[139.84408,35.8122],[139.84387,35.81196],[139.84372,35.81181],[139.84365,35.81174],[139.84312,35.81118],[139.84299,35.81105]],[[139.84299,35.81105],[139.84256,35.81066],[139.8424,35.81052],[139.84237,35.81049],[139.84233,35.81046],[139.84198,35.81018]],[[139.84198,35.81018],[139.84132,35.8097],[139.84088,35.8094],[139.83996,35.80872]],[[139.83996,35.80872],[139.83927,35.80825],[139.83864,35.80784],[139.83793,35.80739],[139.83642,35.80654],[139.83562,35.80611]],[[139.82603,35.78309],[139.828,35.79043],[139.82805,35.79066],[139.82811,35.7909],[139.82814,35.79116],[139.82819,35.79175],[139.82819,35.79212],[139.82817,35.79238],[139.82814,35.79266],[139.82808,35.79299],[139.82796,35.79349],[139.82782,35.79401],[139.82752,35.79505],[139.82735,35.79576],[139.82727,35.79629],[139.82724,35.79656],[139.82722,35.79682],[139.82722,35.79711],[139.82722,35.7974],[139.82726,35.79788],[139.82733,35.79837],[139.82743,35.79883],[139.82753,35.79914],[139.82762,35.79944],[139.82773,35.79974],[139.82786,35.80003],[139.82802,35.80035],[139.82817,35.80062],[139.82837,35.80093],[139.82856,35.8012],[139.8288,35.80153],[139.82911,35.80191],[139.82964,35.80245],[139.83007,35.80284],[139.8306,35.80328],[139.83109,35.80364],[139.83176,35.80409],[139.83213,35.80432],[139.83268,35.80464],[139.83354,35.80512],[139.83634,35.80659],[139.83711,35.80703]]]}},{"type":"Feature","properties":{"ref":"7","name":"首都高速7号小松川線","type":"expressway"},"geometry":{"type":"MultiLineString","coordinates":[[[139.78863,35.68997],[139.78864,35.69002],[139.78866,35.69008],[139.7887,35.69019],[139.78875,35.69029],[139.7888,35.69036],[139.78884,35.69042],[139.78889,35.69047],[139.78895,35.69053],[139.78904,35.6906]],[[139.78915,35.69057],[139.78905,35.69047],[139.78898,35.69042],[139.78893,35.69036],[139.78889,35.69031],[139.78885,35.69025],[139.78881,35.69018],[139.78878,35.69011],[139.78876,35.69003],[139.78875,35.68997],[139.78874,35.68989],[139.78874,35.68981],[139.78875,35.68974],[139.78877,35.68967],[139.78879,35.68959],[139.78882,35.68952],[139.78886,35.68945],[139.78892,35.68937],[139.78899,35.68928],[139.78941,35.68878],[139.78978,35.68841]],[[139.78904,35.6906],[139.78947,35.69094],[139.78978,35.69119],[139.79008,35.69141],[139.79019,35.69148],[139.79031,35.69156],[139.79044,35.69162],[139.79058,35.69168],[139.79072,35.69173],[139.79085,35.69177],[139.79098,35.69181],[139.79113,35.69184],[139.79128,35.69186],[139.79144,35.69188],[139.79162,35.69189],[139.79179,35.6919],[139.79569,35.69211],[139.80605,35.69265],[139.80704,35.69271],[139.80871,35.69284],[139.80954,35.69287],[139.81005,35.6929],[139.81145,35.69293],[139.81272,35.69298],[139.81506,35.69311],[139.81717,35.69321],[139.81835,35.69327],[139.81879,35.6933],[139.81994,35.69336]],[[139.87745,35.69759],[139.87774,35.69756],[139.87799,35.69754],[139.87827,35.69753],[139.87905,35.69753],[139.88087,35.69753],[139.88183,35.6975],[139.88231,35.69749],[139.88311,35.69748],[139.89137,35.69745],[139.89162,35.69745],[139.8919,35.69746],[139.89217,35.69748],[139.89243,35.69751],[139.89266,35.69755],[139.89287,35.6976],[139.89308,35.69766],[139.89329,35.69773],[139.89349,35.69781],[139.89368,35.69791],[139.89387,35.69801],[139.89405,35.69812],[139.89422,35.69825],[139.89438,35.69838],[139.89454,35.69853],[139.8947,35.69869],[139.89488,35.69891],[139.89503,35.69909],[139.89584,35.70012],[139.89599,35.70031],[139.89615,35.70048],[139.89631,35.70065],[139.89649,35.70081],[139.89668,35.70095],[139.89689,35.70109],[139.8971,35.70121],[139.8973,35.7013],[139.89752,35.70139],[139.89774,35.70147],[139.89798,35.70156],[139.89832,35.70168],[139.89991,35.70222],[139.9006,35.70245]],[[139.87744,35.6975],[139.87712,35.69757],[139.8768,35.69765],[139.87595,35.69785],[139.87343,35.69845],[139.87267,35.69862],[139.87223,35.6987],[139.87181,35.69877],[139.87159,35.6988],[139.87138,35.69882],[139.87098,35.69886],[139.87019,35.6989],[139.86934,35.69894],[139.86802,35.69901],[139.86657,35.69907],[139.86491,35.69911],[139.86473,35.69912],[139.86431,35.69912],[139.86387,35.6991],[139.86322,35.69907],[139.86288,35.69906]],[[139.90064,35.70238],[139.89995,35.70216],[139.89835,35.70161],[139.89803,35.7015],[139.89778,35.70141],[139.89756,35.70133],[139.89735,35.70124],[139.89715,35.70115],[139.89694,35.70103],[139.89674,35.7009],[139.89656,35.70076],[139.89638,35.7006],[139.89621,35.70044],[139.89606,35.70027],[139.89592,35.70009],[139.89512,35.69907],[139.89496,35.69887],[139.89478,35.69866],[139.89461,35.69849],[139.89445,35.69833],[139.89428,35.69819],[139.89411,35.69807],[139.89392,35.69795],[139.89373,35.69784],[139.89354,35.69775],[139.89333,35.69767],[139.89312,35.69759],[139.89289,35.69753],[139.89268,35.69748],[139.89244,35.69744],[139.89219,35.69741],[139.89192,35.69739],[139.89163,35.69738],[139.89135,35.69737],[139.88311,35.6974],[139.88231,35.69739],[139.88184,35.69738],[139.88088,35.69736]],[[139.81937,35.69325],[139.81835,35.6932],[139.81718,35.69314],[139.81507,35.69303],[139.81333,35.69294],[139.81273,35.69291],[139.8112,35.69283],[139.811,35.69283],[139.80953,35.69272],[139.80946,35.69272],[139.80937,35.69272],[139.80783,35.69269],[139.80748,35.69266],[139.80606,35.69257],[139.7957,35.69203],[139.79376,35.69193]],[[139.81994,35.69336],[139.82298,35.69351],[139.82369,35.69355],[139.82656,35.69369],[139.83369,35.69406],[139.83807,35.69428],[139.83917,35.69433],[139.84559,35.69455],[139.84594,35.69457],[139.84614,35.69459],[139.84639,35.69463],[139.84658,35.69468],[139.84675,35.69472],[139.84692,35.69479],[139.84706,35.69485],[139.8472,35.69493],[139.84759,35.69517],[139.85029,35.69711],[139.85055,35.69729],[139.8508,35.69745],[139.85105,35.69759]],[[139.86288,35.69906],[139.86139,35.69894],[139.86094,35.6989],[139.85504,35.69838],[139.85362,35.69824],[139.85347,35.69823],[139.85329,35.69821],[139.85284,35.69814],[139.85253,35.69808],[139.85221,35.69799],[139.85191,35.6979],[139.85163,35.69779],[139.85134,35.69765],[139.85111,35.69753]],[[139.85105,35.69759],[139.85129,35.69773],[139.85159,35.69786],[139.8519,35.69798],[139.85218,35.69806],[139.85251,35.69815],[139.85281,35.69822],[139.85327,35.69828],[139.85345,35.6983],[139.855,35.69846],[139.86089,35.69898],[139.86168,35.69906],[139.8628,35.69919],[139.86362,35.69926]],[[139.85111,35.69753],[139.85086,35.69739],[139.85061,35.69723],[139.85035,35.69705],[139.84766,35.69512],[139.84727,35.69487],[139.84712,35.69479],[139.84696,35.69472],[139.84678,35.69465],[139.84661,35.69459],[139.84642,35.69455],[139.84618,35.69451],[139.84595,35.69449],[139.84559,35.69447],[139.83917,35.69426],[139.83808,35.6942],[139.83369,35.69398],[139.82867,35.69372],[139.8237,35.69347],[139.81937,35.69325]],[[139.86362,35.69926],[139.86374,35.69927],[139.86404,35.69928],[139.86431,35.69929],[139.86462,35.69929],[139.86493,35.69928],[139.86524,35.69927],[139.8655,35.69926],[139.86578,35.69924],[139.86661,35.69917],[139.86758,35.69911],[139.86802,35.69909],[139.86934,35.69902],[139.8702,35.69898],[139.87099,35.69893],[139.87139,35.6989],[139.87161,35.69887],[139.87182,35.69884],[139.87225,35.69878],[139.87269,35.69869],[139.87345,35.69852],[139.87597,35.69792],[139.87682,35.69772],[139.87716,35.69764],[139.87745,35.69759]],[[139.88088,35.69736],[139.87905,35.69737],[139.87855,35.69738],[139.87827,35.69739],[139.878,35.69741],[139.87772,35.69745],[139.87744,35.6975]],[[139.79181,35.69183],[139.79165,35.69182],[139.79149,35.69181],[139.79132,35.69179],[139.79115,35.69176],[139.791,35.69173],[139.79087,35.6917],[139.79074,35.69166],[139.79061,35.69161],[139.79047,35.69155],[139.79036,35.69148],[139.79023,35.69141],[139.79013,35.69134],[139.78983,35.69112],[139.78952,35.69088],[139.78915,35.69057]],[[139.79376,35.69193],[139.79181,35.69183]]]}},{"type":"Feature","properties":{"ref":"10","name":"首都高速10号晴海線","type":"expressway"},"geometry":{"type":"MultiLineString","coordinates":[[[139.78618,35.651],[139.78702,35.65017],[139.78845,35.64873],[139.78873,35.64843],[139.78926,35.64784],[139.78994,35.64703],[139.79113,35.64556],[139.79176,35.6448],[139.7924,35.64399],[139.79311,35.64317]],[[139.79512,35.6403],[139.794,35.64171],[139.79295,35.64309]],[[139.79295,35.64309],[139.79233,35.64395],[139.79107,35.64554],[139.78988,35.64699],[139.7892,35.6478],[139.78867,35.6484],[139.78839,35.64869],[139.78693,35.65014],[139.7861,35.65096]],[[139.79311,35.64317],[139.79423,35.64185],[139.79537,35.64043]],[[139.78311,35.65401],[139.78363,35.65351],[139.78618,35.651]],[[139.7861,35.65096],[139.78357,35.65346],[139.78315,35.65386],[139.78304,35.65397]]]}},{"type":"Feature","properties":{"ref":"S2","name":"首都高速埼玉新都心線","type":"expressway"},"geometry":{"type":"MultiLineString","coordinates":[[[139.63483,35.89357],[139.63405,35.89329],[139.63337,35.89308],[139.63316,35.89302],[139.63295,35.89298],[139.63276,35.89295],[139.63256,35.89293],[139.63244,35.89293],[139.6323,35.89293],[139.63217,35.89294],[139.632,35.89296],[139.63178,35.89299],[139.63153,35.89304],[139.6313,35.8931],[139.63108,35.89318],[139.63094,35.89323],[139.63079,35.89329],[139.63068,35.89335],[139.63057,35.89342],[139.63047,35.89349],[139.63032,35.89361],[139.63022,35.89371],[139.63015,35.89379],[139.63007,35.89389],[139.63001,35.89399],[139.62994,35.89411],[139.62989,35.89423],[139.62984,35.89438],[139.62979,35.89454],[139.6295,35.89585],[139.62933,35.89651],[139.62919,35.89692],[139.62907,35.89727],[139.62893,35.89756],[139.62887,35.89769],[139.6288,35.89781],[139.62873,35.89791],[139.62866,35.89799],[139.62859,35.89806],[139.6285,35.89813],[139.62841,35.89821],[139.6283,35.89829],[139.62821,35.89835],[139.6281,35.89842],[139.62794,35.89849],[139.62778,35.89856],[139.6276,35.89862],[139.62742,35.89866],[139.62721,35.89869],[139.62698,35.89871],[139.62669,35.89872],[139.62641,35.8987],[139.62611,35.89868],[139.62584,35.89864],[139.62557,35.89859],[139.62527,35.89852],[139.62489,35.89842],[139.62446,35.89828],[139.62402,35.89812],[139.62052,35.89678],[139.61702,35.89538]],[[139.61109,35.8917],[139.61087,35.89188],[139.61081,35.89192],[139.61075,35.89196],[139.61069,35.892],[139.61063,35.89203],[139.61056,35.89205],[139.61051,35.89207],[139.61047,35.89208],[139.61041,35.89209],[139.61035,35.8921],[139.61027,35.8921],[139.61019,35.89209],[139.61013,35.89209],[139.61007,35.89208],[139.61003,35.89206],[139.60997,35.89204],[139.60992,35.89202],[139.60988,35.89199],[139.60983,35.89196],[139.6098,35.89193],[139.60977,35.89189],[139.60973,35.89185],[139.60971,35.89182],[139.6097,35.89179],[139.60968,35.89175],[139.60967,35.89171],[139.60966,35.89167],[139.60965,35.89161],[139.60965,35.89156],[139.60965,35.89151],[139.60966,35.89147],[139.60968,35.89143],[139.6097,35.89138],[139.60972,35.89134],[139.60976,35.8913],[139.60979,35.89126],[139.60983,35.89123],[139.60987,35.8912],[139.60991,35.89117],[139.60996,35.89115],[139.61001,35.89113],[139.61007,35.89111],[139.61012,35.89109],[139.61019,35.89109],[139.61025,35.89108],[139.61031,35.89108],[139.61039,35.89109],[139.61046,35.8911],[139.61054,35.89112],[139.61062,35.89114],[139.6107,35.89117],[139.61077,35.8912],[139.61092,35.89128],[139.61108,35.89137],[139.61153,35.89168],[139.61186,35.89193],[139.61216,35.89218],[139.61254,35.89252],[139.61287,35.89285],[139.61337,35.89336],[139.61365,35.89364],[139.61381,35.89378],[139.61398,35.89393],[139.61444,35.89426],[139.61469,35.89442],[139.61494,35.89457],[139.61557,35.89489],[139.61562,35.89492],[139.61588,35.89503],[139.61634,35.89522],[139.61699,35.89547]],[[139.61143,35.8914],[139.61109,35.8917]],[[139.63478,35.89367],[139.63876,35.89504],[139.64129,35.89591],[139.64275,35.89639]],[[139.64278,35.89629],[139.64111,35.89574],[139.63876,35.89495],[139.63483,35.89357]],[[139.64853,35.89777],[139.6488,35.89775],[139.64907,35.89771],[139.64942,35.89765],[139.65002,35.89753],[139.65049,35.89742],[139.65102,35.89724],[139.65145,35.89707],[139.6519,35.89687],[139.6522,35.89673],[139.65459,35.89547],[139.65499,35.89526],[139.65534,35.89509],[139.65561,35.89497],[139.65588,35.89486],[139.6562,35.89474],[139.65648,35.89465],[139.65676,35.89458],[139.65706,35.89453],[139.65741,35.89448],[139.65774,35.89444],[139.65809,35.89442],[139.65847,35.89442],[139.6589,35.89442],[139.65924,35.89444],[139.6595,35.89447],[139.65983,35.89452],[139.66016,35.89457],[139.66092,35.89472],[139.66148,35.89484],[139.66188,35.89494]],[[139.61342,35.88958],[139.61357,35.88924],[139.6137,35.88896],[139.61379,35.88872],[139.61404,35.88805],[139.6146,35.88668],[139.61519,35.88507],[139.61535,35.8846]],[[139.61702,35.89538],[139.61639,35.89513],[139.61601,35.89494],[139.61555,35.89469],[139.61509,35.89439],[139.61488,35.89425],[139.61467,35.89411],[139.61447,35.89396],[139.61432,35.89382],[139.61419,35.89368],[139.61405,35.89351],[139.61395,35.89336],[139.61386,35.8932],[139.61377,35.89301],[139.6137,35.89282],[139.61364,35.89262],[139.6136,35.8924],[139.61358,35.89218],[139.61354,35.89179],[139.6135,35.89146],[139.61343,35.89118],[139.61335,35.89087],[139.61329,35.89066],[139.61327,35.89052],[139.61326,35.89038],[139.61326,35.89023],[139.61327,35.89009],[139.6133,35.88993],[139.61334,35.88979],[139.61342,35.88958]],[[139.61699,35.89547],[139.62046,35.89686],[139.62362,35.89807],[139.62396,35.89821],[139.62441,35.89837],[139.62482,35.89851],[139.6252,35.89861],[139.62547,35.89867],[139.62576,35.89873],[139.62599,35.89877],[139.62622,35.8988],[139.62643,35.89882],[139.62662,35.89883],[139.62683,35.89883],[139.62701,35.89883],[139.62721,35.89881],[139.62736,35.89879],[139.62751,35.89876],[139.62769,35.89872],[139.62785,35.89866],[139.62803,35.89859],[139.6282,35.89851],[139.62833,35.89843],[139.62846,35.89834],[139.62856,35.89826],[139.62865,35.89818],[139.62874,35.89809],[139.62883,35.89798],[139.62893,35.89785],[139.62902,35.8977],[139.6291,35.89757],[139.62917,35.89742],[139.62924,35.89725],[139.62936,35.89693],[139.62948,35.89655]],[[139.61523,35.88463],[139.61503,35.88503],[139.61425,35.88674],[139.61413,35.88703],[139.61381,35.88777],[139.61361,35.88826],[139.61334,35.88883],[139.61319,35.88913],[139.61304,35.8894],[139.61283,35.88974],[139.61264,35.89001],[139.61246,35.89025],[139.61222,35.89056],[139.61195,35.89086],[139.61171,35.89112],[139.61143,35.8914]],[[139.62948,35.89655],[139.62961,35.89608],[139.62988,35.89482],[139.62994,35.89457],[139.63002,35.89436],[139.6301,35.89418],[139.63016,35.89406],[139.63024,35.89395],[139.63035,35.89382],[139.63043,35.89373],[139.63049,35.89367],[139.63058,35.8936],[139.63067,35.89353],[139.63077,35.89348],[139.63088,35.89342],[139.63102,35.89336],[139.63119,35.89329],[139.63145,35.8932],[139.63168,35.89314],[139.63184,35.8931],[139.63201,35.89307],[139.63217,35.89304],[139.63231,35.89303],[139.63245,35.89303],[139.6326,35.89304],[139.63278,35.89306],[139.63295,35.89309],[139.63317,35.89313],[139.63336,35.89318],[139.63353,35.89324],[139.63478,35.89367]],[[139.66211,35.89489],[139.66188,35.89485],[139.66122,35.89473],[139.66082,35.89465],[139.6605,35.89459],[139.66018,35.89453],[139.65984,35.89447],[139.65951,35.89443],[139.65924,35.8944],[139.65891,35.89438],[139.65846,35.89437],[139.65809,35.89438],[139.65774,35.8944],[139.6574,35.89443],[139.65705,35.89448],[139.65674,35.89454],[139.65646,35.89461],[139.65618,35.8947],[139.65586,35.89482],[139.65558,35.89493],[139.65531,35.89505],[139.65495,35.89523],[139.65456,35.89543],[139.65219,35.89666],[139.65174,35.89687],[139.65142,35.89702],[139.65106,35.89716],[139.65075,35.89727],[139.65038,35.89738],[139.65,35.89749],[139.6494,35.89761],[139.64905,35.89766],[139.64879,35.89769],[139.6485,35.89771],[139.64805,35.89772],[139.64773,35.89771],[139.64743,35.89769],[139.64718,35.89766],[139.64693,35.89761],[139.64671,35.89756]],[[139.64671,35.89756],[139.6464,35.89749],[139.64592,35.89734],[139.64546,35.89719],[139.645,35.89704],[139.64441,35.89683],[139.64278,35.89629]],[[139.64275,35.89639],[139.64416,35.89683],[139.64546,35.89728],[139.64595,35.89744],[139.64636,35.89755],[139.64676,35.89764],[139.64705,35.8977],[139.64735,35.89775],[139.64749,35.89776],[139.64762,35.89777],[139.64783,35.89778],[139.64812,35.89779],[139.64833,35.89778],[139.64853,35.89777]]]}},{"type":"Feature","properties":{"ref":"1","name":"桜田通り","type":"expressway"},"geometry":{"type":"MultiLineString","coordinates":[[[139.74528,35.65494],[139.74528,35.65483]],[[139.73082,35.63208],[139.73074,35.63196],[139.73063,35.63183],[139.73053,35.63174],[139.73034,35.63162],[139.72972,35.63117],[139.72946,35.63097],[139.7289,35.6305],[139.72885,35.63046],[139.72861,35.63028],[139.72839,35.63014],[139.72822,35.63005],[139.72753,35.62968],[139.72735,35.62957],[139.72722,35.6295],[139.72706,35.6294],[139.72693,35.62931],[139.72682,35.62921],[139.7268,35.62919],[139.72637,35.62875]],[[139.72378,35.62691],[139.72403,35.62708],[139.72424,35.62723],[139.72452,35.62742],[139.72467,35.62752],[139.72481,35.62762]],[[139.72197,35.62548],[139.72178,35.62522]],[[139.72178,35.62522],[139.72173,35.62512],[139.72166,35.62501],[139.72156,35.6248],[139.72136,35.62442]],[[139.72161,35.62526],[139.72181,35.62553]],[[139.72616,35.62877],[139.72623,35.62885]],[[139.72555,35.62799],[139.72541,35.62787],[139.72497,35.6275],[139.72486,35.62741],[139.72473,35.62731]],[[139.73129,35.63585],[139.73147,35.63692],[139.73162,35.63777],[139.73176,35.63859],[139.7318,35.63877],[139.73185,35.63893],[139.7319,35.63907],[139.73196,35.63919]],[[139.72637,35.62875],[139.72629,35.62867]],[[139.74315,35.66078],[139.74326,35.66096],[139.74339,35.66113],[139.74362,35.66142],[139.74368,35.6615],[139.74378,35.66163],[139.74388,35.66176],[139.74409,35.662],[139.74414,35.66205],[139.74419,35.66211],[139.74426,35.66219],[139.74441,35.66237],[139.7449,35.66288],[139.74511,35.6631],[139.74524,35.66325]],[[139.74513,35.65419],[139.74514,35.65435],[139.74514,35.65441]],[[139.74533,35.66318],[139.7452,35.66305],[139.74499,35.66283],[139.7446,35.66242],[139.7444,35.66219],[139.74428,35.66205],[139.74423,35.66199],[139.74419,35.66194],[139.74407,35.66181],[139.74361,35.66119],[139.74343,35.66095],[139.74339,35.66089],[139.7433,35.66074]],[[139.74747,35.66686],[139.74752,35.66696],[139.74759,35.66713],[139.74784,35.6677],[139.74789,35.6678],[139.74794,35.66791],[139.74801,35.66806],[139.74806,35.66816],[139.74807,35.66818],[139.74817,35.66839],[139.74835,35.66878],[139.74841,35.66887]],[[139.73275,35.64043],[139.73315,35.64121],[139.73342,35.64173],[139.73349,35.64185]],[[139.74501,35.6556],[139.74496,35.65574],[139.74488,35.65589],[139.74482,35.65601],[139.74475,35.65613],[139.7446,35.65635],[139.74456,35.65642],[139.74451,35.65649],[139.74432,35.65678],[139.74414,35.65706],[139.744,35.65732],[139.74395,35.65741],[139.74389,35.65751],[139.74372,35.65782],[139.74366,35.65796],[139.74355,35.65815],[139.74334,35.65853],[139.74319,35.6588]],[[139.72362,35.62661],[139.72328,35.62639],[139.72324,35.62637],[139.72318,35.62633],[139.72304,35.62624]],[[139.73423,35.64293],[139.73417,35.64279],[139.73363,35.6418],[139.7335,35.64156],[139.73344,35.64143]],[[139.7451,35.65188],[139.74509,35.65181],[139.74506,35.65143],[139.74493,35.65044],[139.74492,35.65034],[139.74491,35.65023],[139.74486,35.64969],[139.74481,35.64931],[139.74476,35.64888],[139.74465,35.64812],[139.74463,35.64796]],[[139.73633,35.64398],[139.73646,35.64405],[139.73694,35.64433],[139.73723,35.6445],[139.73745,35.64462],[139.73753,35.64467],[139.73792,35.6449],[139.73805,35.64498],[139.73854,35.64524],[139.73869,35.64532],[139.73877,35.64536],[139.73888,35.64542],[139.73924,35.64562],[139.73933,35.64567],[139.73941,35.64574],[139.73947,35.64581],[139.73975,35.64622],[139.73993,35.64648],[139.74,35.64658],[139.74014,35.6468],[139.74032,35.64705],[139.74039,35.64715],[139.74044,35.64723],[139.74063,35.64749],[139.74067,35.64755],[139.74085,35.64781],[139.74088,35.64785],[139.74092,35.64788],[139.74098,35.64791],[139.74104,35.64793],[139.74111,35.64795],[139.74119,35.64796],[139.74128,35.64796],[139.74188,35.64797],[139.74247,35.64798],[139.74282,35.64799],[139.74285,35.64799],[139.74417,35.648],[139.74439,35.648],[139.74452,35.648]],[[139.74452,35.648],[139.74453,35.64813],[139.74467,35.64911],[139.7447,35.64932],[139.74478,35.65007],[139.7448,35.65024],[139.74481,35.65035]],[[139.74046,35.64711],[139.74039,35.64701],[139.74007,35.64655],[139.74,35.64644],[139.73967,35.64596],[139.73955,35.64578],[139.7395,35.64572],[139.73944,35.64566],[139.7394,35.64562],[139.73935,35.64559],[139.73915,35.64548],[139.73882,35.64531],[139.73873,35.64526],[139.73859,35.64518],[139.7384,35.64508],[139.73811,35.64492],[139.73782,35.64476],[139.7375,35.64457],[139.73698,35.64426],[139.73649,35.64397],[139.73637,35.6439]],[[139.74451,35.64792],[139.74438,35.64792],[139.74286,35.64791],[139.74282,35.64791],[139.74264,35.64791]],[[139.72304,35.62624],[139.72292,35.62616],[139.72274,35.62604],[139.72246,35.62586]],[[139.72096,35.62399],[139.72103,35.62413],[139.72117,35.6244],[139.7213,35.62464],[139.72157,35.62517],[139.72161,35.62526]],[[139.7227,35.62616],[139.72278,35.62622],[139.72283,35.62625],[139.72293,35.62631]],[[139.72444,35.6271],[139.72391,35.62679],[139.7238,35.62672]],[[139.72473,35.62731],[139.72452,35.62715],[139.72444,35.6271]],[[139.72629,35.62867],[139.72607,35.62846],[139.72593,35.62834],[139.72575,35.62817],[139.72555,35.62799]],[[139.73407,35.64294],[139.7343,35.64304],[139.73467,35.64319],[139.73479,35.64324],[139.73508,35.64338],[139.73619,35.6439],[139.73633,35.64398]],[[139.73637,35.6439],[139.73622,35.64382],[139.73488,35.64319],[139.73444,35.64299],[139.73434,35.64295],[139.73431,35.64294],[139.73428,35.64293],[139.73423,35.64293]],[[139.74498,35.65189],[139.74499,35.65199],[139.74504,35.65286],[139.74504,35.65291],[139.74512,35.65394],[139.74512,35.654],[139.74513,35.65419]],[[139.74524,35.65415],[139.74523,35.65398],[139.74523,35.65392],[139.74516,35.65305],[139.74516,35.65299],[139.74515,35.6529],[139.74512,35.65218],[139.74511,35.65203],[139.74511,35.65198],[139.7451,35.65188]],[[139.74514,35.65485],[139.74514,35.6549]],[[139.74527,35.65507],[139.74528,35.65494]],[[139.74528,35.65483],[139.74528,35.65476],[139.74528,35.65475]],[[139.75336,35.67734],[139.75289,35.67662],[139.75246,35.67596],[139.7523,35.67571],[139.75189,35.67508],[139.75169,35.67477],[139.75164,35.6747],[139.75147,35.67443],[139.75134,35.67423],[139.75105,35.67379],[139.75067,35.67321],[139.75058,35.67308],[139.75052,35.67293],[139.75047,35.6728],[139.75024,35.67223],[139.75014,35.67197],[139.74997,35.67149],[139.74994,35.67141],[139.74989,35.67129],[139.74967,35.67087],[139.74952,35.67058],[139.74944,35.67044]],[[139.74526,35.65439],[139.74525,35.65437],[139.74525,35.65431],[139.74524,35.65415]],[[139.74528,35.65475],[139.74526,35.65439]],[[139.74514,35.65478],[139.74514,35.65485]],[[139.74514,35.65441],[139.74514,35.65478]],[[139.74301,35.65978],[139.74301,35.65968]],[[139.74286,35.65972],[139.74287,35.6599],[139.74287,35.65993]],[[139.74301,35.65968],[139.74303,35.65955],[139.74304,35.6595],[139.74306,35.65942],[139.74308,35.65934],[139.74314,35.65919],[139.74347,35.65857],[139.74354,35.65841],[139.74365,35.65821],[139.74376,35.658],[139.74379,35.65794],[139.74399,35.65755],[139.74405,35.65744],[139.7441,35.65735],[139.74424,35.65709],[139.7446,35.65653],[139.74466,35.65646],[139.74471,35.6564],[139.74489,35.65617],[139.74498,35.65604],[139.74503,35.65594],[139.74507,35.65583]],[[139.74287,35.65993],[139.74288,35.66001],[139.74292,35.66017],[139.74296,35.66032],[139.74301,35.66047],[139.74309,35.66065],[139.74315,35.66078]],[[139.74286,35.6596],[139.74286,35.65972]],[[139.74305,35.66006],[139.74303,35.65999],[139.74303,35.65997],[139.74302,35.6599],[139.74301,35.65978]],[[139.72136,35.62442],[139.72124,35.6242],[139.72116,35.62406],[139.7211,35.62392]],[[139.72246,35.62586],[139.7221,35.62559],[139.72202,35.62552],[139.72197,35.62548]],[[139.7311,35.63336],[139.73099,35.63267],[139.73095,35.63238],[139.73093,35.63231],[139.73091,35.63225],[139.73088,35.63218],[139.73087,35.63216],[139.73082,35.63208]],[[139.73145,35.63584],[139.73144,35.63573],[139.73133,35.63501],[139.73128,35.63461],[139.73119,35.63402],[139.7311,35.63336]],[[139.73161,35.63671],[139.73145,35.63584]],[[139.73252,35.63979],[139.73246,35.63969],[139.73213,35.63916],[139.73207,35.63903],[139.73201,35.63891],[139.73196,35.63875],[139.73193,35.63858],[139.73188,35.63831],[139.73179,35.63775],[139.73176,35.63759],[139.73164,35.6369],[139.73161,35.63671]],[[139.7329,35.6404],[139.73258,35.63988],[139.73252,35.63979]],[[139.73344,35.64143],[139.7329,35.6404]],[[139.73349,35.64185],[139.73401,35.64282],[139.73407,35.64294]],[[139.73196,35.63919],[139.73208,35.63938],[139.73232,35.63975],[139.73238,35.63984]],[[139.73238,35.63984],[139.73244,35.63995],[139.73247,35.63998]],[[139.73117,35.63507],[139.7312,35.63533],[139.73128,35.63575],[139.73129,35.63585]],[[139.73101,35.63401],[139.73117,35.63507]],[[139.73066,35.63211],[139.73071,35.6322],[139.73072,35.63222],[139.73075,35.63229],[139.73075,35.6323],[139.73077,35.63235],[139.7308,35.6325],[139.73083,35.63267],[139.73093,35.63339],[139.73101,35.63401]],[[139.73018,35.63168],[139.73037,35.63181],[139.73044,35.63187],[139.73051,35.63193],[139.73059,35.63203],[139.73066,35.63211]],[[139.72623,35.62885],[139.72664,35.62925],[139.72679,35.62939],[139.72696,35.62951],[139.72704,35.62957],[139.72715,35.62964],[139.7273,35.62973],[139.72744,35.62981],[139.7284,35.63034],[139.72872,35.63058],[139.72884,35.63066],[139.72888,35.63069],[139.72935,35.63108],[139.72947,35.63117],[139.7296,35.63127],[139.72978,35.6314],[139.72986,35.63146],[139.73006,35.6316],[139.73018,35.63168]],[[139.72481,35.62762],[139.72504,35.62779],[139.72528,35.62798],[139.72549,35.62815]],[[139.7257,35.62835],[139.72581,35.62845],[139.72593,35.62856],[139.72616,35.62877]],[[139.72181,35.62553],[139.72182,35.62554],[139.72186,35.62559],[139.72194,35.62565],[139.72202,35.62572],[139.72229,35.62589],[139.7227,35.62616]],[[139.74932,35.67049],[139.74938,35.67063],[139.74963,35.67119],[139.74974,35.67148],[139.74978,35.6716],[139.75005,35.67228],[139.75028,35.67286],[139.75034,35.67299],[139.75042,35.67315],[139.7505,35.67329],[139.75072,35.67361],[139.75088,35.67386],[139.75117,35.67429],[139.7513,35.6745],[139.7514,35.67466],[139.75152,35.67484],[139.75172,35.67515],[139.75213,35.67578],[139.7523,35.67603],[139.75273,35.67669],[139.75306,35.67719]],[[139.74944,35.67044],[139.74939,35.67033]],[[139.74939,35.67033],[139.74931,35.67018],[139.74923,35.67004],[139.74913,35.66987],[139.74898,35.66964],[139.74877,35.66931],[139.74855,35.66894],[139.7485,35.66884],[139.74845,35.66875],[139.74838,35.66861],[139.7483,35.66842],[139.74815,35.66811],[139.74814,35.66808],[139.74809,35.66798],[139.74802,35.66781],[139.74798,35.66771],[139.7479,35.66755],[139.74762,35.66693],[139.74758,35.66682],[139.74754,35.66675],[139.74695,35.66541],[139.74673,35.66493],[139.7467,35.66486],[139.74656,35.66457],[139.7465,35.66448],[139.74644,35.6644],[139.74592,35.66382],[139.74543,35.6633],[139.74533,35.66318]],[[139.74926,35.67038],[139.74932,35.67049]],[[139.72293,35.62631],[139.72306,35.6264],[139.72311,35.62643]],[[139.72319,35.62648],[139.72344,35.62667],[139.72349,35.6267],[139.72351,35.62672]],[[139.72311,35.62643],[139.72319,35.62648]],[[139.73247,35.63998],[139.7327,35.64034],[139.73275,35.64043]],[[139.72351,35.62672],[139.72361,35.62679],[139.72378,35.62691]],[[139.72549,35.62815],[139.72562,35.62827],[139.7257,35.62835]],[[139.72089,35.62385],[139.72096,35.62399]],[[139.7433,35.66074],[139.74321,35.66058],[139.74314,35.66042],[139.74308,35.66023],[139.74305,35.66006]],[[139.74513,35.65495],[139.74511,35.65521]],[[139.7452,35.65547],[139.74524,35.65531],[139.74525,35.65525],[139.74527,35.65507]],[[139.74511,35.65521],[139.74509,35.65532],[139.74506,35.65545],[139.74501,35.6556]],[[139.74507,35.65583],[139.74516,35.6556],[139.7452,35.65547]],[[139.7238,35.62672],[139.72371,35.62667],[139.72362,35.62661]],[[139.74514,35.6549],[139.74513,35.65495]],[[139.74463,35.64796],[139.74451,35.64792]],[[139.74481,35.65035],[139.74482,35.65038],[139.74482,35.65045],[139.74489,35.65099],[139.7449,35.65119],[139.74497,35.65178],[139.74498,35.65182],[139.74498,35.65189]],[[139.74582,35.66388],[139.74623,35.66429]],[[139.74524,35.66325],[139.74534,35.66336],[139.74582,35.66388]],[[139.74841,35.66887],[139.74847,35.66897],[139.74876,35.66947],[139.74918,35.67016],[139.7492,35.67021],[139.74926,35.67038]],[[139.74623,35.66429],[139.74637,35.66445],[139.74644,35.66456],[139.74651,35.66469],[139.74664,35.66495],[139.74668,35.66505],[139.74672,35.66515],[139.74685,35.66544],[139.74709,35.66597],[139.74731,35.6665],[139.74744,35.66678],[139.74747,35.66686]],[[139.74264,35.64791],[139.74208,35.64789]],[[139.74208,35.64789],[139.74206,35.64789],[139.74128,35.64788],[139.74119,35.64788],[139.7411,35.64787],[139.74106,35.64786],[139.74103,35.64784],[139.74099,35.64782],[139.74097,35.64781],[139.74092,35.64776],[139.74052,35.64719],[139.74046,35.64711]],[[139.74319,35.6588],[139.743,35.65914],[139.74294,35.6593],[139.74291,35.65938],[139.74289,35.65943],[139.74288,35.65948],[139.74286,35.6596]]]}},{"type":"Feature","properties":{"ref":"6","name":"江戸通り","type":"expressway"},"geometry":{"type":"MultiLineString","coordinates":[[[139.78912,35.70164],[139.78918,35.70172],[139.78928,35.70185],[139.78938,35.70198],[139.78949,35.70209],[139.78996,35.70247],[139.79008,35.70258],[139.79035,35.7028],[139.79095,35.70329],[139.79112,35.70344],[139.79117,35.70348],[139.79123,35.70353],[139.79132,35.7036],[139.7917,35.70392],[139.79212,35.70426],[139.79222,35.70435],[139.79276,35.70479],[139.79311,35.70507],[139.79317,35.70511],[139.7933,35.70521],[139.79343,35.70533],[139.79346,35.70535],[139.79377,35.70565],[139.79427,35.70624],[139.79435,35.70633],[139.79438,35.70636],[139.79444,35.70644],[139.7945,35.70651],[139.795,35.70721],[139.79503,35.70725],[139.79511,35.70736],[139.79518,35.70746],[139.79546,35.70785],[139.79563,35.7081]],[[139.7853,35.69573],[139.78545,35.69603]],[[139.78555,35.696],[139.7854,35.69569]],[[139.79604,35.7086],[139.79558,35.70789],[139.7953,35.70749],[139.79526,35.70742],[139.79519,35.70732],[139.79511,35.70721],[139.79496,35.70701],[139.79461,35.70652],[139.79458,35.70648],[139.79455,35.70644],[139.79445,35.70632],[139.79384,35.70561],[139.79353,35.70532],[139.7935,35.70529],[139.79338,35.70518],[139.79325,35.70508],[139.79265,35.70459],[139.79228,35.7043],[139.79194,35.70402],[139.79143,35.70359],[139.79139,35.70355],[139.79129,35.70347],[139.79123,35.70342],[139.79081,35.70307],[139.79047,35.70278],[139.79042,35.70274],[139.79041,35.70273],[139.79021,35.70256],[139.79008,35.70244],[139.78985,35.70224],[139.7896,35.70203],[139.78944,35.70186],[139.78939,35.7018],[139.78934,35.70172],[139.78927,35.70163]],[[139.79907,35.71242],[139.79914,35.71247],[139.79948,35.71278],[139.79971,35.71299],[139.80044,35.71365],[139.80048,35.71369],[139.80056,35.71376],[139.80069,35.71391],[139.8009,35.71415],[139.80105,35.71433]],[[139.79647,35.70915],[139.79673,35.70942],[139.79689,35.7096],[139.79697,35.70971],[139.79701,35.70976],[139.7975,35.7105],[139.79754,35.71057],[139.79763,35.7107]],[[139.78623,35.69735],[139.78632,35.69748],[139.78649,35.69775],[139.78684,35.69831],[139.78688,35.69838],[139.78694,35.69847],[139.78701,35.69858],[139.78723,35.69893],[139.7873,35.69903],[139.78781,35.69981]],[[139.78927,35.70163],[139.78921,35.70154],[139.78915,35.70146],[139.78885,35.70106],[139.78859,35.7007],[139.78841,35.70045],[139.78835,35.70038],[139.78832,35.70034],[139.78827,35.70026],[139.78822,35.70018],[139.78816,35.7001],[139.78791,35.69974],[139.7879,35.69972],[139.78779,35.69956],[139.78759,35.69924],[139.78732,35.69885],[139.78716,35.69861],[139.78713,35.69856],[139.78706,35.69845],[139.78701,35.69837],[139.7867,35.69786],[139.78646,35.6975],[139.78643,35.69744],[139.78635,35.69733],[139.78627,35.69719],[139.7862,35.69707],[139.78603,35.6968],[139.78585,35.69651],[139.78581,35.69646],[139.78575,35.69636],[139.78571,35.69628],[139.78556,35.69602],[139.78555,35.696]],[[139.7971,35.70975],[139.79704,35.70967],[139.797,35.70962],[139.79695,35.70956],[139.7968,35.70938],[139.79644,35.70901],[139.7964,35.70896],[139.79625,35.70883]],[[139.8018,35.7151],[139.80171,35.71497],[139.80121,35.71439],[139.8008,35.71392],[139.80075,35.71387],[139.80064,35.71374],[139.80054,35.71365],[139.79988,35.71303],[139.79963,35.71281],[139.79922,35.71246],[139.79919,35.71243],[139.79914,35.71239],[139.79909,35.71234],[139.79852,35.71165]],[[139.79768,35.71076],[139.79777,35.71087]],[[139.79777,35.71087],[139.79793,35.71107],[139.79846,35.71169]],[[139.78446,35.69496],[139.78456,35.69504],[139.78493,35.69534],[139.785,35.69539],[139.78513,35.69549]],[[139.78513,35.69537],[139.78469,35.69503],[139.78459,35.69495]],[[139.78545,35.69603],[139.78557,35.69625],[139.7856,35.69631],[139.78564,35.69639],[139.78571,35.6965],[139.78606,35.69707],[139.78609,35.69711],[139.78615,35.6972],[139.78623,35.69735]],[[139.78781,35.69981],[139.78801,35.7001],[139.78805,35.70015],[139.78816,35.7003],[139.78821,35.70037],[139.78828,35.70047],[139.78896,35.70142],[139.78899,35.70147],[139.78905,35.70155],[139.78909,35.7016],[139.78912,35.70164]],[[139.79614,35.70885],[139.79632,35.70902],[139.79647,35.70915]],[[139.78459,35.69495],[139.78448,35.69487]],[[139.79592,35.70857],[139.79595,35.70863],[139.79608,35.70879]],[[139.79774,35.7107],[139.79765,35.71054],[139.79721,35.7099],[139.7971,35.70975]],[[139.78513,35.69549],[139.78519,35.69557],[139.78525,35.69565],[139.7853,35.69573]],[[139.79621,35.70877],[139.79604,35.7086]],[[139.79608,35.70879],[139.7961,35.70881],[139.79614,35.70885]],[[139.79563,35.7081],[139.79592,35.70857]],[[139.79625,35.70883],[139.79622,35.70879],[139.79621,35.70877]],[[139.79763,35.7107],[139.79768,35.71076]],[[139.7854,35.69569],[139.78533,35.69556],[139.78529,35.69552],[139.78524,35.69546],[139.7852,35.69543],[139.78513,35.69537]],[[139.79852,35.71165],[139.79812,35.71117],[139.79806,35.71109],[139.79799,35.71101],[139.79774,35.7107]],[[139.79846,35.71169],[139.79899,35.71232],[139.79903,35.71237],[139.79907,35.71242]],[[139.80105,35.71433],[139.80129,35.71461],[139.80144,35.71478],[139.80156,35.71493],[139.80161,35.71499],[139.80173,35.71512]]]}},{"type":"Feature","properties":{"ref":"6","name":"国道6号 取手バイパス","type":"expressway"},"geometry":{"type":"MultiLineString","coordinates":[[[140.0644,35.90285],[140.06458,35.903]],[[140.06458,35.903],[140.06493,35.9033]],[[140.0969,35.91746],[140.09667,35.91736],[140.0963,35.91722],[140.09592,35.91706],[140.0955,35.91693],[140.09489,35.91673],[140.09387,35.91643],[140.09267,35.9161],[140.09136,35.91571],[140.09053,35.91546],[140.09007,35.91531],[140.08979,35.91522]],[[140.064,35.90248],[140.06411,35.90258],[140.0644,35.90285]],[[140.09503,35.91697],[140.09528,35.91706],[140.09538,35.91709],[140.09616,35.91735],[140.09643,35.91745],[140.09663,35.91753]],[[140.08979,35.91522],[140.08937,35.91508],[140.08932,35.91507],[140.08914,35.91501]],[[140.08454,35.91335],[140.08405,35.91317],[140.08364,35.91303],[140.08229,35.91254],[140.08193,35.91241],[140.08076,35.91199]],[[140.08838,35.91483],[140.08886,35.91501],[140.08905,35.91508]],[[140.08905,35.91508],[140.08927,35.91515],[140.09021,35.91546],[140.09127,35.91578],[140.09246,35.91615],[140.09325,35.91641],[140.09348,35.91649],[140.09486,35.91692],[140.09503,35.91697]],[[140.08377,35.91316],[140.08401,35.91325],[140.08441,35.9134],[140.0845,35.91343]],[[140.0845,35.91343],[140.08468,35.9135],[140.08507,35.91363],[140.08599,35.91397],[140.08654,35.91417],[140.08679,35.91425],[140.08768,35.91458],[140.08838,35.91483]],[[140.07922,35.91142],[140.07893,35.91132],[140.07887,35.9113],[140.07869,35.91124]],[[140.07869,35.91124],[140.07697,35.91062]],[[140.07815,35.91114],[140.07852,35.91128],[140.07867,35.91134]],[[140.08065,35.91204],[140.08202,35.91253],[140.08213,35.91257],[140.08223,35.91262],[140.08266,35.91277],[140.08361,35.9131],[140.08377,35.91316]],[[140.07697,35.91062],[140.07618,35.91033],[140.07583,35.9102],[140.07578,35.91019],[140.07551,35.91009]],[[140.07551,35.91009],[140.07521,35.90997],[140.0748,35.9098],[140.07428,35.90957],[140.07406,35.90946],[140.07375,35.9093],[140.07322,35.90905],[140.07214,35.90852],[140.07088,35.90791]],[[140.07444,35.90975],[140.07474,35.90988],[140.0751,35.91003],[140.07516,35.91005],[140.07541,35.91015]],[[140.07541,35.91015],[140.07573,35.91027],[140.07614,35.91042],[140.07736,35.91085],[140.07815,35.91114]],[[140.07088,35.90791],[140.07055,35.90775],[140.0704,35.90767],[140.07034,35.90765],[140.07023,35.90758]],[[140.07023,35.90758],[140.07008,35.9075],[140.06979,35.90733],[140.06961,35.90721],[140.06941,35.90708],[140.06918,35.90691],[140.06907,35.90681],[140.06893,35.90669],[140.06865,35.90645]],[[140.06935,35.90715],[140.06954,35.90728],[140.0697,35.90739]],[[140.07012,35.90763],[140.07028,35.90772],[140.07044,35.90781],[140.07135,35.90825],[140.07213,35.90862],[140.07321,35.90915],[140.07369,35.90938],[140.07384,35.90945],[140.074,35.90953],[140.07444,35.90975]],[[140.06865,35.90645],[140.06824,35.90609],[140.06818,35.90603],[140.06811,35.90597]],[[140.06811,35.90597],[140.06757,35.90549],[140.06728,35.90524],[140.06631,35.90439],[140.06606,35.90417]],[[140.0675,35.90555],[140.06779,35.90582],[140.06796,35.90596],[140.06803,35.90603]],[[140.06803,35.90603],[140.0681,35.90609],[140.06839,35.90634],[140.06886,35.90675],[140.06897,35.90685],[140.0692,35.90704],[140.06935,35.90715]],[[140.06606,35.90417],[140.06572,35.90387],[140.06568,35.90384],[140.06552,35.90369]],[[140.06552,35.90369],[140.06549,35.90366],[140.06507,35.9033]],[[140.06493,35.9033],[140.06523,35.90356],[140.06535,35.90367]],[[140.06535,35.90367],[140.0656,35.90389],[140.06582,35.90408],[140.06615,35.90437],[140.0667,35.90486],[140.0675,35.90555]],[[140.06507,35.9033],[140.06464,35.90293]],[[140.06464,35.90293],[140.06447,35.90277]],[[140.06447,35.90277],[140.06423,35.90256],[140.06419,35.90252],[140.06408,35.90243]],[[140.0697,35.90739],[140.06996,35.90755],[140.07002,35.90758],[140.07012,35.90763]],[[140.08914,35.91501],[140.08834,35.91472],[140.0877,35.91449],[140.08687,35.91419],[140.08663,35.9141],[140.08612,35.91392],[140.08543,35.91367]],[[140.08543,35.91367],[140.08516,35.91357],[140.08486,35.91346],[140.08472,35.91341],[140.08454,35.91335]],[[140.07867,35.91134],[140.07882,35.91139],[140.07904,35.91145],[140.08036,35.91193]],[[140.08036,35.91193],[140.08065,35.91204]],[[140.08047,35.91188],[140.07922,35.91142]],[[140.08076,35.91199],[140.08047,35.91188]]]}},{"type":"Feature","properties":{"ref":"4","name":"昭和通り(Showa-dori)","type":"expressway"},"geometry":{"type":"MultiLineString","coordinates":[[[139.7782,35.71217],[139.77796,35.71201]]]}},{"type":"Feature","properties":{"ref":"4","name":"昭和通り（進路変更禁止）","type":"expressway"},"geometry":{"type":"MultiLineString","coordinates":[[[139.77564,35.69806],[139.77563,35.69763]],[[139.77536,35.69709],[139.77537,35.69738],[139.77538,35.69749]]]}},{"type":"Feature","properties":{"ref":"11","name":"首都高速11号台場線・東京港連絡橋","type":"expressway"},"geometry":{"type":"MultiLineString","coordinates":[[[139.76865,35.63484],[139.7685,35.63487],[139.76836,35.6349],[139.76821,35.63493],[139.76806,35.63497],[139.76715,35.63525],[139.75957,35.63765],[139.75933,35.63773],[139.75915,35.63779]],[[139.75919,35.63788],[139.75937,35.63782],[139.75961,35.63774],[139.7672,35.63534],[139.7681,35.63507],[139.76825,35.63503],[139.7684,35.63499],[139.76854,35.63496],[139.76868,35.63494]]]}},{"type":"Feature","properties":{"ref":"6","name":"曳舟川通り","type":"expressway"},"geometry":{"type":"MultiLineString","coordinates":[[[139.82609,35.72778],[139.82622,35.72795],[139.82637,35.72812],[139.82651,35.72827]]]}},{"type":"Feature","properties":{"ref":"K7","name":"首都高速神奈川7号横浜北線","type":"expressway"},"geometry":{"type":"MultiLineString","coordinates":[[[139.67167,35.49021],[139.67132,35.49076],[139.67087,35.49148],[139.67078,35.49161],[139.6707,35.49173],[139.6706,35.49184],[139.6705,35.49195],[139.67039,35.49206],[139.67028,35.49215],[139.67016,35.49223],[139.67005,35.4923],[139.66993,35.49237],[139.66982,35.49242],[139.6697,35.49247],[139.66959,35.49251],[139.66946,35.49255],[139.66932,35.49259],[139.66919,35.49261],[139.66905,35.49264],[139.66891,35.49265],[139.66876,35.49266],[139.66861,35.49266],[139.66847,35.49265],[139.66831,35.49264],[139.66815,35.49261],[139.66799,35.49257],[139.66783,35.49253],[139.66759,35.49245],[139.66735,35.49237],[139.66674,35.49215],[139.66653,35.49208],[139.66568,35.49177],[139.66491,35.4915],[139.6647,35.49143],[139.66448,35.49137],[139.66427,35.49131],[139.66404,35.49126],[139.66381,35.49122],[139.66359,35.49119],[139.66335,35.49116],[139.66311,35.49115],[139.66288,35.49114],[139.66265,35.49114],[139.66243,35.49115],[139.66222,35.49117],[139.66199,35.49119],[139.66177,35.49122],[139.66155,35.49126],[139.66134,35.4913],[139.66112,35.49135],[139.66086,35.49142],[139.6606,35.49151]],[[139.66069,35.49167],[139.66094,35.49159],[139.66119,35.49152],[139.6614,35.49147],[139.66164,35.49143],[139.66187,35.4914],[139.66209,35.49137],[139.66231,35.49135],[139.66254,35.49134],[139.66277,35.49134],[139.663,35.49135],[139.66321,35.49136],[139.66342,35.49138],[139.66364,35.49141],[139.66384,35.49144],[139.66405,35.49148],[139.66426,35.49152],[139.6645,35.49158],[139.66475,35.49164],[139.66504,35.49172],[139.66554,35.49187],[139.66588,35.49198],[139.66679,35.49226],[139.66763,35.49255],[139.66779,35.4926],[139.66795,35.49264],[139.66806,35.49266],[139.6682,35.49269],[139.66836,35.4927],[139.66851,35.49271],[139.66865,35.49272],[139.66879,35.49272],[139.66893,35.49271],[139.66907,35.49269],[139.6692,35.49267],[139.66932,35.49265],[139.66944,35.49262],[139.66959,35.49257],[139.66977,35.49251],[139.66993,35.49244],[139.67008,35.49236],[139.67022,35.49227],[139.67035,35.49217],[139.67047,35.49207],[139.67058,35.49198],[139.67066,35.4919],[139.67073,35.49183],[139.6708,35.49174],[139.67085,35.49167],[139.67092,35.49158],[139.67132,35.49094]],[[139.6606,35.49151],[139.66035,35.4916],[139.66006,35.49172],[139.65976,35.49185],[139.65913,35.49214],[139.65838,35.49252],[139.65766,35.49291],[139.65707,35.49324],[139.6565,35.49358],[139.6559,35.49394],[139.65521,35.4944],[139.65465,35.49479],[139.65409,35.49521],[139.65339,35.49577],[139.65261,35.49641],[139.65162,35.49729],[139.64737,35.50119],[139.64623,35.50223],[139.6443,35.50395],[139.64396,35.50425],[139.64227,35.50573],[139.64074,35.50707],[139.63918,35.50846],[139.63746,35.50999],[139.63662,35.51071],[139.63557,35.51162],[139.63506,35.51203],[139.6344,35.51251],[139.634,35.51276],[139.6335,35.51305],[139.63304,35.5133],[139.63253,35.51353],[139.63194,35.51378],[139.63133,35.514],[139.63052,35.51423],[139.6297,35.51443],[139.6287,35.51461],[139.62487,35.51529],[139.62405,35.51542],[139.62299,35.51556],[139.62234,35.51562],[139.6215,35.51569],[139.62064,35.51572],[139.61982,35.51573],[139.61904,35.51572],[139.61825,35.51569],[139.61736,35.51563],[139.61639,35.51552],[139.61546,35.51541],[139.61453,35.51527],[139.61357,35.51514],[139.613,35.51507],[139.61243,35.51503],[139.61188,35.51502],[139.61132,35.51503],[139.61087,35.51505],[139.61026,35.51511],[139.60971,35.51519],[139.6092,35.51528],[139.60879,35.51537],[139.60834,35.51549],[139.60792,35.51563],[139.60744,35.51582],[139.60668,35.51613]],[[139.60719,35.51606],[139.60779,35.51583],[139.60825,35.51568],[139.60855,35.51559],[139.60887,35.5155],[139.60915,35.51543],[139.60953,35.51536],[139.60998,35.51528],[139.61045,35.51522],[139.6109,35.51518],[139.61134,35.51516],[139.61186,35.51516],[139.61237,35.51518],[139.61294,35.51522],[139.61347,35.51529],[139.61446,35.51544],[139.61543,35.51557],[139.61647,35.51571],[139.61742,35.5158],[139.61814,35.51585],[139.619,35.51589],[139.61983,35.5159],[139.62063,35.51588],[139.62152,35.51585],[139.62233,35.51579],[139.62304,35.51572],[139.62407,35.51559],[139.62493,35.51546],[139.62872,35.51479],[139.62976,35.51459],[139.63058,35.5144],[139.63138,35.51416],[139.63196,35.51396],[139.63258,35.51371],[139.6331,35.51347],[139.63358,35.51321],[139.6341,35.5129],[139.63453,35.51262],[139.63519,35.51213],[139.63585,35.51161],[139.63676,35.51081],[139.63762,35.51006],[139.63925,35.50862],[139.6409,35.50716],[139.64246,35.5058],[139.64299,35.50533],[139.6435,35.50488],[139.64445,35.50404],[139.64642,35.50231],[139.6475,35.50133],[139.64928,35.4997],[139.65175,35.49742],[139.65278,35.4965],[139.6535,35.49591],[139.65423,35.49534],[139.65482,35.4949],[139.65533,35.49454],[139.65604,35.49408],[139.65661,35.49373],[139.65719,35.49338],[139.65778,35.49305],[139.65847,35.49267],[139.65921,35.49229],[139.65986,35.492],[139.66014,35.49187],[139.66043,35.49176],[139.66069,35.49167]],[[139.60668,35.51613],[139.6062,35.51634],[139.6058,35.5165],[139.60541,35.51665],[139.60526,35.5167]],[[139.60624,35.51642],[139.60719,35.51606]],[[139.60243,35.51748],[139.60203,35.51756],[139.60164,35.51763],[139.60026,35.51784],[139.59956,35.51794],[139.59895,35.51801],[139.59848,35.51805],[139.59799,35.51807],[139.59747,35.51807],[139.59709,35.51806],[139.59691,35.51805],[139.59675,35.51804],[139.59659,35.51802],[139.59643,35.518],[139.59627,35.51797],[139.59611,35.51793]],[[139.5961,35.51796],[139.59626,35.51799],[139.59643,35.51802],[139.59659,35.51804],[139.59675,35.51806],[139.59691,35.51807],[139.59708,35.51808],[139.59746,35.51809],[139.59799,35.5181],[139.59848,35.51807],[139.59895,35.51803],[139.59958,35.51796],[139.60026,35.51786],[139.60164,35.51766],[139.60205,35.51759],[139.60244,35.51752],[139.60286,35.51742],[139.60322,35.51734],[139.60361,35.51724],[139.60391,35.51717],[139.60424,35.51708],[139.60461,35.51697],[139.60502,35.51684],[139.60529,35.51676]],[[139.67132,35.49094],[139.67177,35.49025]],[[139.60526,35.5167],[139.60498,35.51679],[139.60471,35.51688],[139.60443,35.51697]],[[139.60529,35.51676],[139.60584,35.51657],[139.60624,35.51642]],[[139.60443,35.51697],[139.60422,35.51703],[139.60391,35.51711],[139.60353,35.51721],[139.60307,35.51733],[139.60243,35.51748]]]}},{"type":"Feature","properties":{"ref":"1","name":"東海道","type":"expressway"},"geometry":{"type":"MultiLineString","coordinates":[[[139.57717,35.44411],[139.57721,35.44419]],[[139.51903,35.38789],[139.51888,35.38777]],[[139.61237,35.45425],[139.61255,35.45433]],[[139.58368,35.445],[139.5837,35.445]]]}},{"type":"Feature","properties":{"ref":"4","name":"昭和通り;和泉橋南","type":"expressway"},"geometry":{"type":"MultiLineString","coordinates":[[[139.77533,35.69651],[139.77535,35.69676]],[[139.77531,35.69636],[139.77533,35.69651]],[[139.77558,35.69668],[139.77555,35.69642],[139.77553,35.69626]]]}},{"type":"Feature","properties":{"ref":"K7","name":"首都高速神奈川7号横浜北西線","type":"expressway"},"geometry":{"type":"MultiLineString","coordinates":[[[139.58136,35.52022],[139.58068,35.52102],[139.58025,35.52158],[139.57982,35.52217],[139.57914,35.52317],[139.57882,35.52362],[139.57854,35.52399],[139.57821,35.52439],[139.57789,35.52472],[139.57747,35.52512],[139.57705,35.52546],[139.57681,35.52564],[139.57656,35.52582],[139.57634,35.52597],[139.57609,35.52612],[139.57591,35.52622],[139.57558,35.52639],[139.57509,35.52663],[139.57456,35.52685],[139.57404,35.52705],[139.57352,35.52721],[139.57297,35.52735],[139.57251,35.52744],[139.57197,35.52753],[139.5713,35.52761],[139.5704,35.5277],[139.55978,35.5287],[139.5489,35.52971],[139.54817,35.52979],[139.54788,35.52983],[139.54753,35.52989],[139.54719,35.52996],[139.54682,35.53005],[139.5462,35.53024],[139.54592,35.53034],[139.54567,35.53044],[139.54535,35.53057],[139.54508,35.5307],[139.54479,35.53084],[139.54453,35.53099],[139.54423,35.53117],[139.54383,35.53144],[139.54354,35.53167],[139.54322,35.53195],[139.54293,35.53225],[139.54262,35.53263],[139.54226,35.53312],[139.54198,35.53351]],[[139.5905,35.51553],[139.59081,35.51558],[139.59111,35.51565],[139.59143,35.51572],[139.59169,35.5158],[139.59192,35.51588],[139.59224,35.51601],[139.59256,35.51616],[139.59283,35.5163],[139.59405,35.517],[139.59496,35.5175],[139.5953,35.51766],[139.59554,35.51776],[139.59574,35.51784],[139.59592,35.5179],[139.5961,35.51796]],[[139.59611,35.51793],[139.59575,35.51781],[139.59552,35.51772],[139.59531,35.51764],[139.59498,35.51748],[139.59406,35.51697],[139.59283,35.51628],[139.59255,35.51612],[139.59226,35.51598],[139.59193,35.51585],[139.5917,35.51577],[139.59148,35.5157],[139.59101,35.51557],[139.59075,35.51552],[139.59049,35.51547],[139.59024,35.51544],[139.58998,35.51542],[139.58972,35.5154],[139.58947,35.51539],[139.58918,35.5154],[139.5889,35.51541],[139.58862,35.51543],[139.58836,35.51547]],[[139.54198,35.53351],[139.54079,35.53515]],[[139.54211,35.53358],[139.54241,35.53319],[139.54279,35.53268],[139.5431,35.53234],[139.54342,35.53201],[139.54366,35.53178],[139.54396,35.53156],[139.54439,35.53127],[139.54465,35.53111],[139.54489,35.53098],[139.54517,35.53084],[139.54544,35.53071],[139.54574,35.5306],[139.546,35.53049],[139.54626,35.5304],[139.54693,35.5302],[139.54725,35.53012],[139.54755,35.53006],[139.54789,35.53],[139.5482,35.52996],[139.54893,35.52988],[139.55983,35.52886],[139.57043,35.52786],[139.57134,35.52778],[139.57201,35.5277],[139.57256,35.52761],[139.57303,35.52751],[139.57355,35.52738],[139.57408,35.52722],[139.57466,35.527],[139.57519,35.52678],[139.57564,35.52657],[139.57601,35.52636],[139.57623,35.52623],[139.57647,35.52609],[139.5767,35.52595],[139.57697,35.52575],[139.57721,35.52557],[139.57761,35.52524],[139.57805,35.52484],[139.57841,35.52446],[139.57874,35.52407],[139.57901,35.5237],[139.57933,35.52325],[139.58001,35.52225],[139.58043,35.52167],[139.58086,35.52111],[139.58152,35.52031]],[[139.58152,35.52031],[139.58197,35.51981],[139.58275,35.51903],[139.58362,35.51822],[139.58406,35.51784],[139.58459,35.5174],[139.58522,35.5169],[139.58544,35.51674],[139.58563,35.51661],[139.58584,35.51648],[139.58609,35.51633],[139.58635,35.51619],[139.58659,35.51608],[139.58683,35.51598],[139.58709,35.51588],[139.58734,35.51579],[139.58761,35.51571],[139.58788,35.51565],[139.58812,35.5156],[139.58837,35.51555],[139.58862,35.51552],[139.58889,35.51549],[139.58916,35.51547],[139.58945,35.51546],[139.58973,35.51546],[139.59,35.51547],[139.59025,35.51549],[139.5905,35.51553]],[[139.58836,35.51547],[139.58809,35.51551],[139.58783,35.51556],[139.58754,35.51563],[139.58724,35.51572],[139.587,35.5158],[139.58675,35.51589],[139.58651,35.51599],[139.58629,35.51609],[139.58603,35.51623],[139.58579,35.51637],[139.58553,35.51654],[139.58529,35.51671],[139.58496,35.51696],[139.5846,35.51725],[139.58415,35.51763],[139.58357,35.51813],[139.58266,35.51894],[139.58183,35.51972],[139.58136,35.52022]],[[139.54013,35.53666],[139.54025,35.5364],[139.54039,35.53612],[139.54054,35.53585],[139.54071,35.53555],[139.54093,35.53522],[139.54211,35.53358]]]}},{"type":"Feature","properties":{"ref":"B","name":"B","type":"expressway"},"geometry":{"type":"MultiLineString","coordinates":[[[139.77317,35.62518],[139.77349,35.6254]],[[139.7736,35.62527],[139.77327,35.62505]]]}}]}